Time,GPS latitude,GPS longitude,GPS altitude,GPS speed,GPS orientation,GPS accuracy,GPS satellites,Wheel speed FL,Wheel speed FR,Wheel speed RL,Wheel speed RR,Longitudinal acceleration,Yaw rate
-1.4717474839111815,52.410013495619026,-1.5100000032312406,99.99955847575642,53.99602628215208,359.99163176523723,1.2692547190711962,13,54.076492654448714,54.035131571718296,53.999890851125656,53.9921617131785,0.7564829778836591,-0.08368234762791345
98.27969367700301,52.41002705852674,-1.5100000058823588,100.02948343346861,54.26524839254601,359.99316822367615,1.6312059507801824,9,54.32586429652011,53.767915243543776,54.264538834343995,54.26595795074803,0.7564585375890851,0.015364584389414406
198.15343518193748,52.41004068864043,-1.510000005841425,100.05944214040505,54.53413940366884,0.00010496420378558469,1.7429467824861797,13,54.47547556635996,54.42500373658745,54.53093591894587,54.53734288839181,0.7365199711155348,0.06936740527622733
300.4769062503968,52.41005438725602,-1.5099999851367438,100.0901295080027,54.80823908039302,0.05282616788224459,0.9945216237963929,11,55.01053084005119,54.97663990042464,54.783891684106806,54.832586476679246,0.7741490803574701,0.5272120367848284
398.83356749551274,52.41006815122797,-1.5099999655295688,100.1196183518997,55.06972761392915,0.04978843752473949,0.9204334606130317,13,54.86292478036797,54.964347864532215,55.071130480701235,55.068324747157064,0.7352602815791561,-0.030377303575104746
501.348651056555,52.41008198262941,-1.509999947885412,100.15034159612541,55.33950923281709,0.044585330949530544,1.1483074319441755,8,55.08774278361622,55.30710919220739,55.3419121009018,55.337106364732385,0.769356170284409,-0.05203106575231068
600.0474008789056,52.41009587812446,-1.5099999493295542,100.17990621411118,55.595931381753964,359.9963676034276,1.156323922623203,12,55.597839752381624,55.80500261575194,55.61819900916166,55.57366375434627,0.6427818693647203,-0.4821772752194588
700.4422374469588,52.410109837812975,-1.5099999510526079,100.20996088812964,55.852769764617264,359.99568599664195,1.212317202596601,13,56.07790764782171,56.27072185588222,55.853084540255196,55.85245498897933,0.7708600089044257,-0.006816067856004172
798.3200212787682,52.410123858963274,-1.5099999449252142,100.23924169682994,56.09868042733681,0.015273884281214123,0.8280160877722256,13,55.667564687117505,56.41828329449771,56.08963446424251,56.10772639043111,0.6861146016068278,0.19587887639251614
899.7509291262463,52.410137942480056,-1.5099999398918513,100.26956122866518,56.34820832309255,0.012491208888036454,1.2841813159110305,10,56.58146027214306,56.20240639407447,56.34949340188073,56.34692324430438,0.8039645473477094,-0.027826753932095553
1002.0881312617086,52.410152087389754,-1.5099999311894765,100.30012355319732,56.59384426699199,0.02150279677624667,1.1754968381151234,13,56.00513100584601,56.754805150443424,56.58968258846087,56.5980059455231,0.618223449664671,0.0901158788824525
1099.6547982925936,52.41016628925241,-1.5099999195355567,100.32923196771269,56.82171640330104,0.028680323088792647,1.3292312501079007,10,57.0185130321718,57.12042339646998,56.81840172030268,56.8250310862994,0.6555461534067752,0.07177526312538782
1203.047919793267,52.4101805496375,-1.509999920306157,100.36004440549878,57.05585781628684,359.99811133363187,1.4337908089440223,8,56.97722433900626,56.94893788688135,57.06997500725456,57.041740625319115,0.6569320161126653,-0.30568989456940115
1298.887687992761,52.41019486244871,-1.5099999228794416,100.38857154759386,57.26561525305183,359.9937162305951,1.5923056552839712,12,57.15758798815435,57.44926674078569,57.26764497369339,57.263585532410254,0.5724833323430966,-0.04395103036749799
1400.8468014547184,52.41020922897145,-1.5099999097439432,100.4188808973353,57.48052390680184,0.03195598531738142,0.8131310047747863,13,57.69130818941868,57.82641811843213,57.462864248122784,57.4981835654809,0.4456316211128748,0.3823975472228457
1499.357351294637,52.41022364524627,-1.5099998986716017,100.44812376675922,57.67957952308359,0.026843784745267385,1.3693757156853172,9,57.54615500643217,57.597824389827835,57.68194040949246,57.67721863667471,0.4684337285508384,-0.05112200572119605
1597.2817016429947,52.41023810876587,-1.509999887756852,100.47714952870355,57.86860590139531,0.026375282538140254,1.3876990074122686,9,57.54610770031494,57.397272609139826,57.86882226232986,57.86838954046077,0.4872041068494436,-0.004685022071490748
1700.4669298032354,52.41025261955965,-1.5099998942636423,100.50768510631804,58.057746124848435,359.98432769052624,1.2738512650224028,10,58.212768912391134,57.49908637993961,58.07716429655477,58.038327953142094,0.5589491944135484,-0.4204759201185943
1803.0931413217597,52.41026717467997,-1.5099999276373484,100.53800164484396,58.23515161532643,359.91986066885005,0.8075898695348008,10,58.08145750301124,58.129098724259755,58.26492339621586,58.205379834437004,0.39863071180965914,-0.6446702167622318
1899.1706655084427,52.41028176879769,-1.5099999461492823,100.56633235998642,58.391140841669,359.9556665814151,0.8867974785930329,11,58.17222354393267,58.25216773364184,58.37460516566421,58.407676517673785,0.4057182092285027,0.3580591256501381
1996.4195816442373,52.41029639979229,-1.5099999758728009,100.5949552396958,58.53871286703593,359.9289958866504,1.7873780504119867,11,58.181083035114725,58.6615375899972,58.551029770470535,58.526395963601324,0.42037986872472866,-0.2667069476466099
2099.4156859808577,52.41031106692019,-1.5100000110609262,100.62520825531841,58.68330022641736,359.9161490277664,1.3703634845209618,9,58.89471281028197,58.7744955951635,58.68923308724863,58.677367365586086,0.3689044176672369,-0.12846858883999693
2199.337921621264,52.41032576615118,-1.5100000339865305,100.65449503162752,58.81170862695327,359.9454890934062,1.3441038625584736,11,58.7442747058277,59.23472754832421,58.798158970356795,58.82525828354975,0.27631644432963975,0.2934006563982134
2301.6199141438883,52.41034049513033,-1.5100000447144546,100.68440573841929,58.930710289823345,359.9745434009741,1.4784226069199273,11,58.7443909575634,58.9836821338672,58.91729260033942,58.944127979307275,0.3342552881343128,0.2905430756789072
2397.7393024121125,52.4103552491242,-1.5100000324725789,100.7124490906394,59.030796059870404,0.02899984612440676,0.9315060880396179,12,58.94914014013102,58.8747426023374,59.00564730457076,59.055944815170044,0.3027588877175928,0.5445644515030704
2499.225963852316,52.41037002637441,-1.5100000123603758,100.74198688356887,59.12385756930589,0.0475689187622379,1.553166286234524,10,59.037643863640646,59.20633196267946,59.115282109365005,59.132433029246776,0.3214295823372431,0.18569072637813192
2599.853812643221,52.410384823428586,-1.5099999857441841,100.7711992733951,59.203108603997286,0.06286773833801362,1.2859333717983614,13,59.290970562784885,59.83948962841417,59.19604339309667,59.2101738148979,0.2146257960265056,0.15298819575780698
2699.6170221903026,52.41039963686358,-1.50999994925466,100.8000835786196,59.26867957397162,0.08609332060331099,1.3484976136159104,11,59.55413032509179,59.52467379787929,59.25795367213448,59.27940547580876,0.15846690693226104,0.23225582265317748
2800.139698178704,52.410414463489445,-1.5099999039037,100.82910722291975,59.32149263802711,0.10690573734297004,1.5328630283366222,11,59.25192779221529,58.670386119743625,59.31188117010378,59.33110410595043,0.25474769317654844,0.2081241673967274
2898.1161959487513,52.4104292997633,-1.509999874349468,100.85731511698782,59.360034864030695,0.06962288020173446,1.6384181121189623,13,59.21406606248573,59.434878470996104,59.37725261389537,59.342817114166024,0.17877058803278142,-0.37282857141263825
2998.5414314473783,52.41044414258597,-1.509999873611034,100.88614258342699,59.386192922617674,0.001738811797906692,1.4687652306228771,12,59.27410134246131,59.430557441415,59.417542743934874,59.35484310130048,0.08588450155259576,-0.6788406840379653
3099.688733360285,52.41045898856333,-1.509999873321113,100.91508697998594,59.3988147848504,0.0006825397380225695,1.7381737762565244,12,59.618163114757586,59.47143987242497,59.39930258620231,59.398326983498485,0.05864405941412626,-0.010562720599133091
3204.3271555562783,52.41047383417207,-1.5099998647366288,100.9449318402535,59.397343675835685,0.02021033664721017,1.696196461668559,13,59.67495475651209,59.75207798444576,59.388325463489004,59.40636188818237,-0.06895633325107098,0.19527796909211417
3299.8887669678347,52.41048867622041,-1.509999862979791,100.97209751577694,59.383094907637904,0.0041370919407199835,1.7570590786653555,11,59.586600837876155,59.0653990431366,59.39051775899884,59.37567205627697,-0.04979146911398955,-0.16073244706528395
3397.6490000057597,52.410503511447764,-1.5099998611364436,100.99979632391585,59.355804142686615,0.004342805397300253,1.1803227357473025,10,59.739054878965014,58.929481931617715,59.35570914130766,59.35589914406556,-0.14740283975829754,0.002057134566124911
3498.8871336208294,52.410518336241445,-1.5099998602455562,101.02837979710407,59.314058873425466,0.0021003488289466077,1.3071812890970023,10,59.10036925170409,59.46117722737108,59.315094471532404,59.31302327531852,-0.1720668099645016,-0.022424565683870183
3601.2343092905894,52.410533147024104,-1.509999879359421,101.0571692476173,59.258019023637125,359.95489467979644,1.5936070752302767,10,58.88671034457275,59.3389579260193,59.279819268144045,59.23621877913021,-0.1960076811892736,-0.47205669032486836
3702.215544944019,52.410547940618564,-1.509999887989042,101.08546595320524,59.1892343384201,359.9796119658809,1.0445315276587719,9,58.66128820638712,59.152232646756275,59.177819546696306,59.2006491301439,-0.1844290273604537,0.24717286084452414
3800.224228873042,52.41056271436622,-1.5099998830429342,101.1128238779866,59.109824716087715,0.011701196126978175,1.7783259995416214,10,58.932201771794084,58.926769549923854,59.09500545645765,59.12464397571778,-0.2510085882423893,0.32089230246091166
3901.783395921866,52.410577464313334,-1.509999879651284,101.14106007094266,59.0145979836716,0.008036703682080315,1.4426201987078966,11,58.91453259163886,58.935792849736615,59.016290298025574,59.01290566931763,-0.328382374579912,-0.03664492444896194
3998.2144093644656,52.41059218866433,-1.509999858236613,101.16776161693895,58.912210430984935,0.050831449031136344,1.7084344389441082,8,58.84324111376001,58.912926744497184,58.89244721331763,58.93197364865224,-0.30683021702102325,0.4279474534902548
4097.471354473076,52.41060688370012,-1.5099998494584124,101.1951322236899,58.79490086131791,0.020878158948562486,1.234695028996334,11,58.41380890764516,58.27273860504691,58.808733713620825,58.781068009014994,-0.36105759294748496,-0.2995329008257647
4201.280857568714,52.41062154490927,-1.5099998262825522,101.22363221020723,58.659583707027096,0.05524885679591307,0.9380188287999731,8,58.52707100907249,58.61042328708463,58.643710833444246,58.67545658060994,-0.3131337105767767,0.3437069784737856
4299.2398807094205,52.41063617131768,-1.5099997925407138,101.25040512695469,58.520376498117336,0.08062841463402037,1.1522684432997,10,58.75987455486875,58.45274576416522,58.50865585994637,58.53209713628829,-0.39516759546963787,0.2537955783807932
4399.50664190076,52.4106507592837,-1.509999737613561,101.27768448367468,58.366664370624754,0.13159789512360476,1.0180446576155249,9,58.71782852863944,58.14676492689806,58.343125944841624,58.390202796407884,-0.5106099757018352,0.5096948048961216
4499.762863959403,52.41066530610415,-1.5099996911156484,101.30483254342862,58.20199743269542,0.11171775217798086,1.3135943857137988,12,57.809508755379326,58.49448950537746,58.21117836341688,58.192816501973965,-0.47000915871130583,-0.19880142945619989
4598.916195927534,52.41067980963115,-1.509999649774116,101.33155296947122,58.02875725860321,0.09962535162998165,0.860565577387187,13,58.2345227670461,58.23855516490806,58.034341699921896,58.02317281728452,-0.43540368970172144,-0.12092400547986147
4698.192201343277,52.41069426732606,-1.5099996081159128,101.3581753011523,57.84538451724111,0.10070670621490763,1.2079780729663776,12,57.63685386346814,57.58359924232287,57.844885132424984,57.84588390205723,-0.4749324613643087,0.010813545849069796
4799.588763314687,52.41070867575494,-1.5099995563877577,101.38522809599749,57.64831985490211,0.12547783848691552,1.6218519089515013,13,57.31283650264949,57.663133315029334,57.63688019624859,57.659759513555635,-0.4763267465329223,0.24771132271991803
4900.579228230608,52.410723032783125,-1.5099994946734352,101.41203098377508,57.442724669957684,0.15023730288453407,1.4653267031160466,11,57.330809976353144,57.34817203876764,57.431290399693296,57.45415894022207,-0.5859419224788118,0.24759464397633363
4999.777234528561,52.41073733718996,-1.5099994264125292,101.43821796692781,57.23223141937871,0.16678551475638415,0.8258719599696414,12,57.373676612141146,57.04458402191029,57.22458922147426,57.23987361728315,-0.6576380009587341,0.16548211871825422
5097.554459188068,52.41075158780439,-1.5099993637239528,101.46389139716715,57.01697063165623,0.15374858812714365,1.2347591196640288,11,56.346869782498416,57.31924342525371,57.02299126845602,57.01094999485644,-0.6084536796702699,-0.13036926629213166
5200.5740519868095,52.410765779792634,-1.5099993055622114,101.49078986307232,56.78237916672114,0.14323548276888687,1.762851156378828,11,57.157017789106504,56.856750842281,56.78723426722144,56.77752406622085,-0.7793009449473751,-0.10513105358236229
5300.876109329282,52.41077991294197,-1.5099992637047173,101.51682679179095,56.546879300026106,0.10351211112686087,0.832993733725355,10,56.72528789370749,56.89340130838257,56.56522411394751,56.5285344861047,-0.6861084005750369,-0.3972337164207512
5401.207305740891,52.41079398561157,-1.509999220982349,101.54271861870212,56.30490390593933,0.10610496135302583,1.0175901389767108,12,56.523620320140886,56.15569700756196,56.303706491093635,56.306101320785025,-0.6764140366981856,0.02592850226181274
5501.2544053823185,52.41080799651574,-1.5099991670066069,101.56838249785886,56.057838437240136,0.134644625352621,1.7905242809118458,10,55.82462264791064,56.4375967882402,56.04465841742285,56.07101845705742,-0.6287641913854254,0.28539663999587067
5604.123582003117,52.41082194260912,-1.509999131738612,101.59460657602752,55.79844177946366,0.08838635333705724,1.0424902368960076,10,55.921399939088005,55.93195906813073,55.81980450265084,55.77707905627647,-0.6618868920727194,-0.46258272015569346
5697.855505684371,52.410835828580325,-1.50999908859988,101.61835447342403,55.55792609026354,0.1085795300991208,1.5862247887925678,13,55.74345687520797,55.51007987228186,55.548600596105594,55.567251584421484,-0.7558746790617216,0.20193176762069798
5799.421247692257,52.410849648435565,-1.5099990328427264,101.64392657621556,55.29346357319423,0.14101119206071644,1.2508684381705777,12,55.124001527557176,55.6770718916224,55.278486173762765,55.3084409726257,-0.8628748976042021,0.3243166196162241
5902.241569748267,52.41086340050634,-1.5099989648828893,101.66964181024767,55.0223401554585,0.17271906437696316,1.7115031407531667,8,55.25120552028435,55.13750040408917,55.00769701230523,55.03698329861177,-0.7579226711995938,0.3170787231625522
5999.821184334225,52.41087708764442,-1.5099988996033027,101.69388314503306,54.76252601112879,0.1666943514684931,1.5228187348507727,10,54.81694617741015,54.58864820295451,54.76530830861934,54.75974371363824,-0.7127387192440312,-0.060247129084770465
6097.3454167334285,52.410890709455295,-1.5099988515527296,101.71794957258197,54.501045962409606,0.12328788871724328,0.8135724883954892,9,54.6854369874211,54.590087897131625,54.521091679810766,54.48100024500845,-0.8198552814135969,-0.43406462751258296
6200.916621557769,52.4109042615378,-1.5099988035619134,101.7433292798505,54.22206281583639,0.12376811753637185,1.7510147796466797,11,53.93936564679831,54.23697537630986,54.22184103938686,54.222284592285924,-0.7476332342487851,0.004802288191052128
6302.688671789927,52.410917744968145,-1.5099987647846012,101.76808596616556,53.94734175015342,0.10051577455925553,0.9104117215274015,11,53.948488006484084,53.89221287546545,53.958080010465125,53.93660348984172,-0.7248409197540919,-0.23252342977068627
6397.2241588785,52.41093116464523,-1.509998726754789,101.79091830795582,53.692261917460186,0.099046479730589,1.778039945398795,13,53.60022757393939,53.630556599452575,53.69294045855863,53.69158337636174,-0.6603925626781281,-0.014692948286925358
6498.521842469547,52.410944516184365,-1.5099986744501523,101.81520617619637,53.41971402946758,0.13691952676106212,1.7576016589782193,13,53.64297436285611,53.476044506612254,53.402223721578544,53.437204337356604,-0.826857017957673,0.3787304703044793
6598.651256374626,52.41095780074687,-1.5099986174987206,101.83903089009547,53.151769459070735,0.14983516911632933,1.2391321783103002,9,52.68875123443702,53.18658930636774,53.1458048330612,53.15773408508028,-0.7630476501300993,0.12915642355274434
6696.623544395005,52.41097102030481,-1.5099985665929974,101.86216389321483,52.891650106788425,0.13458796998355638,0.9829983359140925,8,52.58794496105653,53.15195975438164,52.89869147863957,52.88460873493728,-0.7185033310233362,-0.1524719913276309
6799.662793733901,52.41098417219783,-1.5099985099349067,101.88630041026501,52.62095829676767,0.1505670801117276,1.665156991417895,9,52.796170901676106,52.37925962038588,52.6135789180842,52.628337675451135,-0.7782959340057796,0.1597911012817765
6902.107497800414,52.41099725773338,-1.5099984544859737,101.9100991240382,52.35545497422173,0.14810103240881745,1.2351682067772196,8,52.76671783174587,52.56651435963215,52.35659382987173,52.35431611857174,-0.7443232721433384,-0.024660477029301266
6999.907503600875,52.41101028092525,-1.5099984013017131,101.93263183808592,52.10600444345483,0.1427322623276268,1.152688515236444,9,52.05791173986195,51.69350107620098,52.10848381728575,52.10352506962391,-0.662645688409296,-0.05368770081148075
7102.399950723293,52.41102323999088,-1.5099983451570165,101.95604726608309,51.84945451503743,0.1514228443741672,1.4982290649957122,10,52.08882172188257,51.6530677435777,51.84544108153665,51.85346794853821,-0.7345665651205212,0.0869058204653737
7200.191412467554,52.41103613917953,-1.5099982833041206,101.97819718704895,51.60992616015111,0.16759218624537198,1.7532433574344273,10,51.624841073043335,52.11057063871874,51.60245892976264,51.61739339053959,-0.5899255099000327,0.16169341871179063
7299.886620397361,52.41104897881636,-1.5099982273999237,102.00058355860922,51.37161950800411,0.15217664792561436,1.2047562264254754,11,51.43503448615451,51.811940967363846,51.378738621268774,51.364500394739444,-0.6666026308975247,-0.15415538319756092
7401.128443612832,52.411061759631295,-1.5099981674078324,102.02311371804299,51.13630130537153,0.16405581500572453,1.663642405067269,9,51.296261255337996,51.00265428261364,51.13081533827917,51.141787272463894,-0.6485935791496907,0.1187916708012294
7499.301868279635,52.41107448518364,-1.5099981202731656,102.04476303052415,50.91511578478874,0.1294554752699355,1.0740484951907203,8,50.58430803207388,51.05636854114864,50.93109471023821,50.89913685933927,-0.6799705858355334,-0.3460033973577961
7595.36987075998,52.41108715845347,-1.509998088013396,102.0657572885079,50.70586439746737,0.08896713215966656,0.8011841553062498,10,50.71465968779617,50.40176258704373,50.72456248601425,50.687166308920496,-0.6531271846526487,-0.4048834311026953
7701.897847212806,52.41109977594001,-1.5099980428347715,102.08881442369828,50.48273453910509,0.12514595761228975,1.1887428794271568,9,50.486685787480326,50.61531837189068,50.46602664666325,50.49944243154692,-0.6222923376152664,0.3617882545259191
7804.295166940398,52.41111234217652,-1.5099980038246807,102.11075411065453,50.277652710255225,0.10849970899880645,1.7024952545733405,8,50.39808801749044,50.36521434433946,50.285340182911234,50.269965237599216,-0.4956762294139394,-0.16646248613444725
7904.488329931586,52.41112486062491,-1.5099979714720764,102.13200732956811,50.08642432185703,0.0903266167529182,1.2830975206778512,13,49.72080228801019,50.0082076960879,50.094816912461674,50.078031731252395,-0.5303519306531813,-0.18173092245927278
8006.850867435789,52.41113733278751,-1.5099979500454102,102.15349968114879,49.90119985534701,0.0600440589378195,1.0905554359505567,10,49.70479008400211,49.74758142513319,49.91518476813807,49.88721494255595,-0.4876067618198569,-0.30282557815059535
8099.399241125849,52.4111497653884,-1.509997914534267,102.17273725249876,49.74296138214555,0.09982965817869172,1.144596975007841,9,49.87230099550405,49.85164987590301,49.724587830640374,49.76133493365074,-0.4327595735992321,0.39785599240856545
8201.588269391474,52.41116215695533,-1.5099978678164965,102.19376252683202,49.5788399605811,0.1317687655242139,1.4994374392684309,8,49.96641147629147,49.14544573877034,49.56409002982627,49.593589891335924,-0.3658691596048241,0.31939107345505363
8298.068330456694,52.41117451244916,-1.5099978289845246,102.21340298094478,49.43447109891335,0.10984648546474318,1.5050014910787937,10,48.906041325961674,49.54637109510332,49.444595117389106,49.42434708043759,-0.34860758997657937,-0.21922280059466123
8398.85187174606,52.41118683310016,-1.5099978040844244,102.23369944531063,49.2950113866094,0.07063575317579307,1.1145730208958269,13,49.100946057919046,49.450599076103025,49.313119456439004,49.276903316779794,-0.28732239762378514,-0.39210732288918504
8498.69809716151,52.41119912215199,-1.5099977675149574,102.25358342614156,49.16862654834217,0.10400569952054184,1.7028218329191576,13,48.996822567206415,49.11451917803529,49.15321583593395,49.184037260750394,-0.2590964656382656,0.33369946344707774
8601.943755174645,52.41121138170432,-1.509997730117264,102.27390809934586,49.0506028286036,0.10661714879785222,0.8290541729266809,10,49.64460554789386,49.36800587541447,49.04939682445347,49.05180883275373,-0.25840695843227235,0.02611449277324536
8699.698606363016,52.411223616368154,-1.5099976972573703,102.29292850604958,48.95100462481315,0.09387092266621266,1.3901812938691314,10,49.30178459307539,48.68640487038443,48.95689101201846,48.94511823760785,-0.22753380487534047,-0.12746226131654365
8797.528383047975,52.41123582914441,-1.5099976726196245,102.31174412800563,48.86340366906082,0.07050886292091718,1.0655322381173038,10,48.77542099797604,49.129375243483466,48.87419259812528,48.85261473999636,-0.208178151169849,-0.23362059745254685
8898.504069633984,52.41124802254998,-1.5099976597112923,102.33093274952849,48.78587460464286,0.03700005890630109,1.6374367885950227,11,48.62528061603023,48.7609076375344,48.801349443483744,48.77039976580199,-0.25135293461512015,-0.3350880401465082
8996.490794415346,52.41126020032367,-1.5099976409601745,102.34932617704978,48.72334274875947,0.053816630024016376,0.8771796951512029,8,48.71842267160707,49.00740891420166,48.71557661876602,48.73110887875292,-0.19063064852245673,0.16816571117703621
9097.067960889555,52.411272365346655,-1.5099976214993476,102.36797125930646,48.672328800827444,0.05591207070762039,1.3233117993904773,9,48.524335544794695,48.70858251105296,48.671361096731964,48.673296504922924,-0.1486115212646301,0.020954406836236082
9202.35338270173,52.41128452063557,-1.50999762016485,102.38723251201273,48.63335966327896,0.0038371600614368617,1.3411945858658987,11,48.800868166706046,48.36423585687626,48.65740859231715,48.60931073424077,-0.043455873148067425,-0.5207491064618112
9298.841071028692,52.411296670260135,-1.5099976296647168,102.40465195236513,48.610702030780516,359.97267173933267,1.6640938097223257,12,48.902555501840375,48.5603249295127,48.62509466213124,48.59630939942979,-0.0698168222680226,-0.3116542072879662
9398.96446349689,52.41130881732095,-1.5099976429815447,102.42249106411737,48.60044977098919,359.96168340780685,1.548645814449895,12,48.46961543430397,48.3957186918569,48.60552433764389,48.59537520433449,-0.00045454357880347733,-0.10988331525793818
9502.555166636164,52.4113209652834,-1.5099976673494027,102.44069232386984,48.60408275870635,359.92989143809984,1.0408118381706148,8,48.63506944525188,48.86597224005972,48.61876473922213,48.589400778190566,0.10818339219505858,-0.3179196970701742
9600.863787702077,52.41133311745261,-1.5099976922866531,102.45772331558773,48.62091568145944,359.9282780820648,1.420226062727681,13,48.222598946001305,49.05483504320127,48.62166075205711,48.62017061086176,0.043707214831691224,-0.016133560349936436
9699.048694793084,52.411345277044745,-1.509997736591423,102.47449579710175,48.650696968168106,359.8726531744178,1.114961148253263,13,48.977770508076695,48.58138053864151,48.67638533594753,48.625008600388675,0.08228753477073376,-0.5562490764705164
9795.703430804027,52.41135744709654,-1.5099977906189324,102.4907738957522,48.69260445476203,359.84484033999786,0.9331342791592732,8,48.70240933388882,49.03407965347136,48.70544881441653,48.67976009510753,0.08575076786072243,-0.278128344199048
9899.184183566002,52.41136963180275,-1.5099978396911147,102.50794363839374,48.75120538613915,359.8592407975064,1.1956756619744648,11,48.30072458033446,48.648855397759135,48.74455505152615,48.757855720752154,0.26034182312099363,0.1440045750850216
9997.313960777828,52.411381833645216,-1.50999788688406,102.52397748140756,48.819756382451544,359.86482131256975,1.313948891585876,13,48.476547236005366,48.92305623480163,48.81717922179797,48.82233354310512,0.2803548556353931,0.05580515063373644
10100.51368289713,52.411394056855805,-1.5099979415934304,102.54057749282907,48.905296760258096,359.8435654400911,1.5053812981519576,12,48.831308405768894,49.301539362680124,48.91511302230332,48.89548049821286,0.2806355081042625,-0.21255872478696042
10198.770120542562,52.41140630356689,-1.5099979998780015,102.5561309434054,48.99934651970786,359.8336624600295,1.1193292703919728,11,48.593636940378715,49.30082633647001,49.00391985573115,48.99477318368458,0.3625559479523206,-0.09902980061580777
10300.363572860799,52.41141857774724,-1.509998061664592,102.57195311811404,49.10927621600861,359.82406277960297,1.590467851472928,9,48.65956394687856,48.75617934563988,49.11370948397779,49.10484294803942,0.33150118710136134,-0.09599680426494399
10398.29864550395,52.41143088140015,-1.5099981233055266,102.58695426625324,49.227194380565166,359.824897981317,0.9959592439859744,13,49.1779393450832,49.49968136539058,49.22680867262051,49.22758008850983,0.3450995295270813,0.00835201714046349
10497.787658531617,52.41144321792598,-1.5099981820911867,102.60193937398247,49.358697722401764,359.833453823651,1.6880016944527738,8,49.66216328138599,49.591721210304016,49.354746513602805,49.36264893120073,0.5293646888803226,0.08555842333923735
10599.946588822888,52.41145559119699,-1.509998235100884,102.61705861362762,49.50567586717176,359.8502636749235,1.773795309779125,9,49.40119942299601,49.06437336952158,49.49791284049769,49.51343889384582,0.4420247546507195,0.16809851272541382
10698.972190594335,52.41146800286858,-1.5099982916989485,102.63145345606475,49.65933978540336,359.8406223031775,1.3196146269359286,10,49.504562883074804,50.00604213780226,49.6637923070126,49.65488726379413,0.4237867825641624,-0.09641371746026409
10797.605912960713,52.41148045545628,-1.50999833629665,102.64553482449357,49.82297208093085,359.87482732397643,0.9064881641926694,12,50.21234807517306,49.923908157755015,49.80717571934834,49.83876844251336,0.39559860025246946,0.34205020798958663
10901.701303043994,52.41149295397353,-1.509998366877101,102.66011675318184,50.006673210058324,359.9144849738853,1.1187909080356544,11,49.99156438283074,50.660348765399405,49.98835874736132,50.02498767275534,0.5476222596381667,0.3965764990886629
11001.953292495793,52.4115054992703,-1.5099983924925844,102.6738878309486,50.19382150459827,359.9286360715033,1.5486623941657363,12,50.05432663902879,50.18031100192169,50.18728632790368,50.20035668129287,0.549558060771629,0.14151097618015365
11099.9290866806,52.41151809258048,-1.5099984288385948,102.68708659724533,50.38596250487795,359.8991272734061,1.4542090345802796,11,49.97618822948408,50.3540083971802,50.39959008450576,50.372334925250144,0.5020977600089802,-0.29508798097207284
11198.968477179054,52.411530736609485,-1.5099984856410464,102.70016648724781,50.58900057144004,359.84298618270776,1.3792733117379694,10,50.864467111026755,50.57775054160861,50.614927319841094,50.56307382303898,0.6300060432334983,-0.5614109069835637
11298.00160922242,52.41154343346693,-1.5099985455363427,102.71298072405314,50.80038777025761,359.83512582461384,0.8276083519350901,13,50.64416846797844,50.488593460480764,50.80401779461424,50.796757745900976,0.5900441821764103,-0.078603580938981
11400.066090977765,52.41155618684039,-1.5099985960258047,102.72590876805684,51.02644702245345,359.86163310965105,0.9610841512413456,13,50.90570230775273,50.99847703977406,51.01420558393836,51.03868846096855,0.5355099641513277,0.26507285037184086
11499.67413129532,52.41156899723138,-1.509998639480423,102.7382518853457,51.25453530166491,359.88144215486847,1.1929280200731618,13,50.63603342414757,51.29387127723358,51.24538720487823,51.26368339845159,0.705447429006372,0.19809045217453572
11603.223631691888,52.4115818686827,-1.5099986870068522,102.75079538046893,51.498858876466116,359.87094813239526,1.4998837540009349,9,51.43188606865878,51.583618901292716,51.50370516422066,51.49401258871156,0.6621172064478836,-0.10494022473234814
11701.53336890682,52.41159479966479,-1.5099987329699007,102.76243123467289,51.7370326584452,359.8757678515613,0.8663474060570845,10,51.88500524203933,51.23378436186808,51.7348068440795,51.73925847281091,0.7140863226977675,0.04819719166074318
11796.80939894918,52.411607789665446,-1.5099987573723561,102.77345328230034,51.9730787055118,359.93434292561443,0.8035275849254552,9,51.52961306704873,51.45835238155181,51.94602790922947,52.000129501794135,0.6674965697508866,0.585750740531232
11898.132004651019,52.41162084364921,-1.5099987986784489,102.78489857548303,52.22913855351106,359.88940694096755,1.0863039987823675,11,51.756971594106375,52.14688632872056,52.24989062572061,52.208386481301524,0.7500436546702972,-0.44935984646913857
12001.045998346557,52.4116339638085,-1.5099988307695438,102.79623095028875,52.49386822459485,359.9145125301248,1.1462846269783662,10,52.205243125558674,52.472526615682675,52.482274109029156,52.50546234016054,0.822283449404559,0.2510558915725302
12097.335553001718,52.41164714678856,-1.5099988521346508,102.80656572458535,52.74518174948038,359.94335668015776,1.4959140513253495,8,52.96058367624257,52.817842231216154,52.73186111371352,52.75850238524724,0.7129455501279868,0.28844150032951293
12202.652773694079,52.41166039928999,-1.5099988833578457,102.8175714541432,53.02336598950732,359.917655131208,0.8410194839838746,13,53.42320958323136,52.86087789768441,53.03523532772018,53.011496651294465,0.7293844256745414,-0.2570154894974366
12297.983675941741,52.411673715315324,-1.5099989154524707,102.82726416884914,53.27752819562479,359.9157607014235,1.58730398977842,12,53.04297793629496,53.25918387574341,53.27840307004876,53.27665332120082,0.6530916771815065,-0.018944297844830094
12396.282833297628,52.411687097276236,-1.5099989413219728,102.83698960575377,53.541316360121584,359.9324344256271,1.3040200321429967,11,53.740319758754566,53.695334105867914,53.5336161988501,53.54901652139307,0.8336535868992724,0.1667372420355688
12501.652854572088,52.4117005502093,-1.509998972429118,102.8471101737802,53.82529254157897,359.91918346048493,1.2372939754069856,10,53.85321181375957,53.84337566460369,53.83141202438627,53.819173058771675,0.701621628092256,-0.13250965142142956
12600.60228598579,52.411714069914595,-1.509998994172307,102.85632627636241,54.092421000754,359.9437900451828,1.1778288474896315,13,54.28777615365137,54.225434280200915,54.08105733249363,54.10378466901437,0.7743101205387576,0.2460658469787593
12702.476011598152,52.41172765829323,-1.5099990224161657,102.86552255738454,54.36720099097719,359.92735369708157,1.2065009652502203,12,54.07255472014568,54.274590415858526,54.374791528612846,54.35961045334154,0.7665651633771869,-0.1643634810121127
12800.468447427982,52.41174131251482,-1.5099990445477351,102.87408787101496,54.63062187720334,359.9433496642499,1.7701196255808171,12,54.458533527189665,54.29393437065122,54.6232347137007,54.638009040705974,0.6671818007554993,0.15995967168339825
12897.617174512097,52.41175503163505,-1.509999067048122,102.88230701158253,54.890282415353795,359.9426780519786,1.181412394596049,10,54.88176619552238,54.98346087350167,54.89059257538393,54.88997225532366,0.7211220602267981,-0.006716122713640015
12998.784718458228,52.41176881778348,-1.5099990794283784,102.89057700898884,55.15844328334357,359.96861341937,1.1338526926697616,12,54.99334886108665,54.745709455075186,55.1464659644728,55.170420602214335,0.6586668027079916,0.2593536739142285
13099.595413603885,52.41178266998422,-1.5099990829837329,102.89852355568127,55.422711225715496,359.99102940041064,1.6231566020372465,10,55.1480791803291,55.08026350088508,55.412359209155525,55.43306324227547,0.5998254510983826,0.224159810406603
13200.670431575256,52.411796587501705,-1.5099990849872236,102.90619520922121,55.68404334643942,359.99496866860795,1.23474992591757,12,55.5743139648999,55.549736216178474,55.68222413676313,55.68586255611571,0.6844340484176183,0.0393926819730442
13299.60649241095,52.41181056791147,-1.5099990715769351,102.91341697886638,55.93568498230308,0.03352552047107338,0.9444233732748264,11,56.02765191484605,55.99739181064359,55.917878883686946,55.95349108091922,0.6111145718346642,0.3855685186312653
13400.315660763234,52.41182461112802,-1.5099990637074094,102.92047528611673,56.18696885827958,0.019585709370915083,1.6525740894296703,10,56.360820253506134,56.16136583567057,56.19340645987685,56.18053125668231,0.7148837872650714,-0.1393981110015862
13502.855537184954,52.411838716866995,-1.509999056856416,102.92735756865697,56.43712055365221,0.01697520577084788,1.7390286196708535,9,56.23568618070533,56.087707507997436,56.43832612107525,56.435914986229164,0.6336405121364717,-0.02610503600103891
13603.481233055634,52.41185288239913,-1.5099990333339344,102.93381215210873,56.6763798032819,0.058037334996811296,1.0334406317253575,10,56.3642893726997,57.29029675922931,56.65741673220488,56.69534287435892,0.5541967932079174,0.4106212922599371
13697.31349002619,52.41186710217324,-1.5099990127797862,102.93956333101347,56.8933952085938,0.05052008044873446,1.4727393351763198,12,56.779974429213155,56.58243016192812,56.896866782888324,56.88992363429928,0.5882140797748783,-0.0751725454807819
13801.739096760315,52.41188138042289,-1.50999897617293,102.94565948769957,57.1274038334969,0.08960752227477542,1.6152345883154418,12,57.39699440337659,57.05696568030431,57.109352700943916,57.145454966049876,0.6219036219811079,0.3908744182603424
13898.674787424026,52.41189571103387,-1.5099989171638837,102.95103093139478,57.33701272392586,0.14391641672904143,1.3698520900138007,11,57.45097612497804,57.621981963107416,57.31193210962105,57.362093338230665,0.6057609097603326,0.5430889445429862
14003.63106420632,52.41191009615903,-1.5099988599120444,102.95653414355215,57.55511294431454,0.13910165826712273,1.4898413488093665,11,57.55293778839835,57.596047770343986,57.55733646775704,57.552889420872035,0.5981181327703773,-0.048147584619690736
14099.553447652732,52.41192452899253,-1.5099988231172496,102.96127885160217,57.74589436145032,0.08910289091721779,1.4632809673688971,13,57.49826398792544,57.67115857380801,57.768984498198975,57.72280422470167,0.5343765881803653,-0.49998767349863965
14197.708757047043,52.411939008395336,-1.5099987929342402,102.965851949788,57.932195385064816,0.07285661908497332,1.4824747262705522,12,57.77048654320366,58.21492248485613,57.93969814279557,57.92469262733406,0.4430302738311698,-0.16246271832259318
14300.943279474415,52.41195353422701,-1.509998787943686,102.97035337937392,58.1179119126045,0.012007846711526327,1.7491212750075187,11,58.348054898465335,58.08749069332757,58.14601273487594,58.08981109033305,0.509473884875569,-0.6084877237342601
14400.639914261968,52.411968102284305,-1.5099987819826368,102.97440007648255,58.286857335635624,0.01430139558749488,1.746345449042388,11,58.35828661731814,57.95446068679715,58.285798142379626,58.28791652889162,0.4729895414576484,0.022935488759253667
14501.621656990772,52.41198271039815,-1.509998782179348,102.97819755820089,58.447121926498184,359.9995293561632,1.2756985566687082,8,58.15194047356387,59.02086333547688,58.45394386288666,58.440299990109715,0.30943899171958916,-0.14772039424289587
14600.59166448753,52.41199735502015,-1.5099987937199244,102.98162471107975,58.593197956166705,359.97245729013775,1.0383937888164119,13,58.29519599809382,58.58950551748324,58.60570021851693,58.58069569381647,0.36227507737220227,-0.27072066025440966
14700.946389375433,52.412012033793786,-1.5099987994352686,102.98480160530359,58.729833695551804,359.986391509009,1.441237577222076,9,58.62445374518858,58.42725210424279,58.72339867652477,58.736268714578834,0.4326214801647958,0.13934218871307608
14799.29631497189,52.41202674314916,-1.5099988026135278,102.98762338493655,58.85219019920538,359.99244815586354,1.3394508388225443,8,58.93700464572664,59.356433654611685,58.84939315416765,58.85498724424312,0.2924901400042137,0.060566468544963004
14900.888982007556,52.41204148101174,-1.5099988186674973,102.9902347688213,58.966260155946465,359.9619280405403,1.0484265961482107,13,58.65187681339739,58.72053766278729,58.98035477614914,58.95216553574379,0.34207836767580935,-0.3052011532325696
14998.55793365777,52.412056243264935,-1.509998835818174,102.99245432637578,59.063848905993,359.95939440332637,0.9553722946024705,10,59.268455729585085,58.88394646490294,59.06501897543354,59.06267883655246,0.23112116855720363,-0.025336372139195436
15097.334279326327,52.41207102711575,-1.5099988542249745,102.99440872123742,59.150263310476404,359.9564840957794,1.51894450485987,11,59.23890178236348,58.84897909927763,59.151607331595365,59.148919289357444,0.28942657431880064,-0.029103075469788676
15198.42425671513,52.412085829824065,-1.5099988571780982,102.99610639246428,59.22569562011855,359.99302735068005,0.9432043573717408,11,59.38549322935559,59.67524704145682,59.208819429011825,59.24257181122528,0.2633312627122725,0.365432549006744
15296.820032812391,52.41210064767981,-1.5099988573933296,102.99746477575917,59.28630009484576,359.9994923344076,1.6648142642397046,8,58.77266114787156,58.852149337715524,59.28331447407431,59.289285715617204,0.14067028679226376,0.0646498372755008
15400.63341985432,52.41211547804851,-1.509998868323195,102.99858333697743,59.33637050044501,359.9742415221731,1.0070377326714377,9,59.298961366753964,59.501391285367966,59.34803168207834,59.32470931881168,0.06857518019764933,-0.25250812234511133
15498.683128584262,52.412130316935965,-1.5099988857005469,102.99934305132717,59.37046319667822,359.9590702076254,1.3940687268175203,8,59.7217820984277,59.89380093837841,59.377469523956485,59.36345686939997,0.052494227137837274,-0.1517131454768308
15599.338152051656,52.412145161219364,-1.5099988843400631,102.99982301050326,59.392037352008614,0.003203254862455651,1.7486000556573216,11,59.47808902507881,59.454499593231695,59.371656087632495,59.412418616384734,0.06862723750501079,0.44133047237027706
15699.262806129567,52.4121600074797,-1.5099988905176396,102.99999886452953,59.39994890390637,359.9854568523259,0.8094067587858144,12,59.376323093197314,59.236879908808035,59.408144443178344,59.391753364634404,-0.00044051168090776353,-0.17746402536560266
15801.761956236393,52.41217485226801,-1.5099989004037333,102.99986802805873,59.39406230757424,359.97672401605115,1.6663488393330628,8,59.07826400130961,59.38330261871493,59.398095254674246,59.39002936047422,-0.04719447089866871,-0.08732836274757547
15897.238849944502,52.41218969250137,-1.5099989080806866,102.99946263735382,59.37583600209423,359.9819197046929,0.9672321285699071,11,59.372794220172636,59.54878531774628,59.37343655971592,59.37823544447255,-0.03973668355405958,0.05195688641815106
16000.826591367897,52.4122045243216,-1.5099989353334144,102.99871355805817,59.342209348993144,359.93577964463185,0.986398609426161,12,59.48598156331392,59.02492907559316,59.36351748023058,59.320901217755704,-0.10608910623834088,-0.46140060061075694
16100.58472367246,52.41221934466027,-1.5099989659552115,102.9976880229063,59.29628139919475,359.92778462362173,0.9047762800013264,10,59.227120316752554,59.39658031375729,59.29997361278756,59.29258918560193,-0.27512220583450964,-0.07995021010159152
16199.103226456129,52.412234150410725,-1.5099990162860661,102.9963824503882,59.23799414272711,359.88118791464893,1.026996222548675,13,59.236677183365266,58.98664121676727,59.25951316087987,59.216475124574345,-0.18245232223690994,-0.4659670897275492
16301.683406220625,52.41224893760811,-1.5099990737839286,102.99471399901354,59.163802332545785,359.8640990865603,1.4516321138511565,13,59.18225527513908,59.13580274453416,59.17169419465269,59.15591047043888,-0.21318667536704494,-0.17088828088620261
16397.96667443558,52.41226370433224,-1.5099991141223625,102.992861262482,59.08180433349918,359.9045245242911,1.4176201802106805,10,58.795321692903116,58.95181868991849,59.063135295544775,59.10047337145358,-0.20372938407593047,0.40425437730789066
16500.16027110478,52.4122784460816,-1.5099991580953496,102.99059128073998,58.98189579382606,359.89574573557235,1.2453631510277605,11,59.082819769069125,59.20058603721627,58.98594996241357,58.97784162523856,-0.2709568344993346,-0.08778788718768946
16601.81720595186,52.41229315976133,-1.5099992063705263,102.9880233544483,58.869609360085576,359.88532748030764,1.5840517433249213,12,58.70707270044104,59.39382946751211,58.874420657473415,58.86479806269774,-0.3565637358990862,-0.10418255264746624
16697.580250636554,52.41230784412104,-1.5099992589757925,102.98532185837944,58.75232219840968,359.8747923464122,1.7846629828101674,13,58.77610169306961,58.35584633210901,58.757187471999465,58.747456924819886,-0.419225229066271,-0.10535133895373029
16797.548183749223,52.41232249496472,-1.5099993191689727,102.98220968160659,58.61826827608743,359.85640440877836,1.6240367440119305,10,58.75930561686201,58.598647926798535,58.62676008532587,58.609776466848984,-0.3359954936604731,-0.1838793763389546
16898.3416823372,52.41233710911435,-1.509999374863196,102.9787700752462,58.47142913133073,359.86680338702735,0.9298295585589353,10,58.68064135231535,58.7098316990494,58.466626736340956,58.476231526320504,-0.3680006135177163,0.10398978249006978
16998.944325102442,52.412351683797695,-1.5099994341244234,102.97503522014942,58.31354573532751,359.8578889048999,1.4254393079019194,9,58.515991448905474,58.169377012795835,58.317662569047144,58.30942890160787,-0.5516897824931581,-0.08914482127442187
17098.97297915632,52.41236621654329,-1.5099994917989459,102.97102314793973,58.145743629437554,359.8612947662509,1.4339206661085853,12,58.622292321979195,58.17710790250331,58.144170754574624,58.147316504300484,-0.48178037146953145,0.03405861351019329
17199.58857617247,52.412380704489124,-1.5099995491422287,102.96668764303529,57.96649819692407,359.86166494207856,1.0133609435036637,10,58.44262475246595,58.417076710692214,57.966327244499965,57.966669149348185,-0.4564019792471911,0.003701758276104305
17298.32385283198,52.412395146019634,-1.5099996146706103,102.96214119438184,57.78084267241917,359.8414112146227,1.7270418003410746,13,57.743918280153636,57.385005492148046,57.790196129742476,57.77148921509586,-0.5621039887703925,-0.20253727455821985
17398.37230592552,52.41240953819487,-1.5099996723541607,102.95723972719146,57.5833227892824,359.8599180949348,1.2771970071856464,8,57.832654773491186,57.692940424914894,57.57477605063568,57.59186952792911,-0.5403320492205627,0.1850688031210538
17497.680382580875,52.41242387916016,-1.509999723919712,102.95208180000049,57.37839749100114,359.8743281675521,1.1930390367556474,9,57.413862636818436,57.703908354037274,57.37174271599512,57.38505226600715,-0.710763358767392,0.14410072617306216
17599.07954064844,52.412438165695484,-1.5099997638958504,102.94651487405645,57.16056826804009,359.9022018004472,1.1299185660557316,8,57.48268054164159,57.25799019210764,57.14769583079128,57.173440705288904,-0.6442628064537568,0.2787363289508732
17698.718065890374,52.41245239676099,-1.509999796620376,102.94074949832748,56.938606041368054,359.9196301758003,1.5766572207770329,12,57.089568833744025,56.964489128361265,56.930557371539976,56.94665471119613,-0.6540059162477239,0.17428375353110356
17801.816085784467,52.41246656848995,-1.5099998451446826,102.93447662207649,56.7012679076832,359.8803278123028,1.024768870471219,12,57.15358026452837,56.98149618175701,56.71941829409877,56.68311752126764,-0.6506686727282783,-0.39302363497482623
17901.454640086435,52.412480681159835,-1.5099999095567826,102.92811784046533,56.465067507755414,359.8404802300559,1.2405660503085514,10,56.5175384226239,56.50507729201708,56.48346968388801,56.446665331622825,-0.7135335109696891,-0.3984758224693854
17996.8870208812,52.412494735879406,-1.5099999542862301,102.92175493368603,56.23309521106747,359.88876840524057,1.3626425589095,8,56.58603907835534,56.440406877243554,56.21079504993442,56.255395372200525,-0.6401436568098667,0.48288175184639753
18099.436582854927,52.41250872686049,-1.5100000156297402,102.91462090980738,55.97817147654166,359.84675836422775,1.742923948427832,13,55.41971862477459,56.44727639248188,55.9975723066664,55.95877064641692,-0.7212375747768671,-0.4201004101276743
18199.945901325777,52.412522654117,-1.5100000854538351,102.90733138934313,55.723269586358064,359.8247751291546,1.098358422066715,11,55.78184888518569,55.513044807287024,55.73342175471985,55.71311741799628,-0.7559386758569206,-0.2198323507318897
18302.112009879595,52.41253651549988,-1.5100001552708757,102.89962071147632,55.45971014547101,359.8239601980257,1.6399642703795985,12,55.49914495034707,55.27556747769222,55.460086492173225,55.45933379876879,-0.6908250646774763,-0.008149311288967578
18402.46364332431,52.41255031124923,-1.5100002262446044,102.89175232865736,55.19712012376879,359.820192309989,1.588346053898423,10,55.07672776005759,54.43070978199428,55.19886018766701,55.19538005987057,-0.7384694233634105,-0.03767888036700562
18502.243240245945,52.41256404101987,-1.5100002823872176,102.88364007182865,54.933038156508275,359.85708237097265,1.4835402801765483,13,54.635109436300404,54.76685375132776,54.91600180545549,54.950074507561055,-0.589166215590676,0.3689006098366487
18598.192722807675,52.412577706777256,-1.5100003340446018,102.87556842698147,54.67689532263307,359.8678840368019,1.3296370119877268,11,54.56106790979928,55.212361618538154,54.671906960832764,54.68188368443338,-0.8251531645798826,0.10801665829241816
18697.035700935325,52.41259130617282,-1.5100003896960463,102.86697655106722,54.41140556290647,359.8569745592967,1.4735840893054157,12,54.188572394456855,54.170160205709735,54.41644371366104,54.406367412151894,-0.7440712448756837,-0.10909477505203745
18798.192793975395,52.41260483740525,-1.5100004419354527,102.857893516078,54.13866520064424,359.865067229735,1.633808699767101,9,54.05419167310712,54.20512338077661,54.13492789116669,54.14240251012179,-0.720734986067044,0.08092670438327869
18897.266949830428,52.41261830178629,-1.5100004940275726,102.84871403620778,53.8711924415105,359.8647796069041,1.6450380869421648,10,54.107586133279504,53.690050861299234,53.87132526979508,53.871059613225924,-0.7779348320827011,-0.0028762283092193916
19000.965421993937,52.41263169629695,-1.5100005351572028,102.83880661657507,53.59158472867215,359.89267897639456,0.8215399908950746,11,53.33446135218617,53.54800167289658,53.5787004059002,53.604469051444106,-0.7130210953865719,0.2789936949045026
19101.03729187411,52.412645023644686,-1.510000552349085,102.82895623526908,53.32278813184243,359.9549144923366,0.9479264665590893,12,53.51824704960216,53.5099865667415,53.294046891810055,53.351529371874804,-0.7743739549058556,0.6223551594208142
19197.936426503165,52.41265828633501,-1.510000580720218,102.8191481763202,53.064122216060284,359.92523434120216,1.524391025027568,9,52.854587433173805,53.20325868556805,53.07782892894022,53.05041550318034,-0.656280276526263,-0.29680151134472554
19297.756927507606,52.41267148299211,-1.5100006191129538,102.80876763769577,52.79996098294503,359.89831847841066,0.8607528983531029,10,52.79836548370352,52.431671155984944,52.81239110843622,52.78753085745384,-0.7374653201577329,-0.2691586279151154
19398.305781411073,52.412684613875605,-1.5100006751464927,102.79802842117391,52.53689537585734,359.85085438686565,1.0570731701746172,11,52.48826161036662,52.604971959643336,52.55881496352947,52.514975788185204,-0.710724460057157,-0.47464091544980447
19501.666236684854,52.4126976781441,-1.510000725321341,102.78669406366141,52.27033394469796,359.8657675435272,1.4143386944279932,12,52.45912832600018,52.56577099843579,52.26344683837673,52.27722105101919,-0.6967978146720075,0.14913156661541038
19595.821802950548,52.41271068270762,-1.510000784816179,102.77610994734803,52.03151327450566,359.84010321229243,0.9857845654347516,8,52.24601318004226,52.259484806066375,52.04336542505223,52.01966112395909,-0.6156264306161976,-0.2566433123478502
19701.171771712467,52.41272362178575,-1.5100008423526623,102.76397576465847,51.76949383003825,359.84458380383427,1.1393971026043248,9,51.7021535107233,51.764341029821416,51.76742462959793,51.77156303047857,-0.6362820425351291,0.04480591541827523
19801.413419059267,52.41273649997116,-1.5100009070697749,102.75214512747873,51.52591343162472,359.82436120070855,1.4784490692148657,10,51.961116254179665,51.739847273169254,51.53525251529289,51.51657434795655,-0.6476434923448582,-0.2022260312568092
19901.439486296124,52.4127493189401,-1.5100009794555629,102.74006428001682,51.28905026276839,359.80264149114356,1.7767167797394205,8,51.13426237137316,51.33765688264197,51.2990807313295,51.279019794207294,-25.324584657727844,-0.2171970956499408
20001.246493630715,52.41275763365137,-1.510000685572625,102.72773664197082,33.274924472481516,1.2351431072044647,1.606892284015322,11,32.89538327693722,33.817820551525294,32.613374999150466,33.936473945812565,-25.049126118403365,14.325016160609064
20101.453882427086,52.41276592959078,-1.5100000498732282,102.71508619581388,33.2283285594352,2.676255567806436,1.507532082255842,9,32.59284396339073,34.08341660137126,32.562802476509304,33.8938546423611,-0.08825343614951599,14.411124606019516
20199.077723015806,52.412774202016834,-1.5099990716681615,102.70249971225108,33.18400438333308,4.125749356210861,1.1836287052650452,13,32.470125878025044,34.00170947906322,32.514607684883,33.85340108178317,-0.1698168251461418,14.494937884044303
20298.353102472192,52.41278244564343,-1.5099977504791315,102.68943617548328,33.14003131871054,5.583751181025434,1.7900550303783522,13,32.38973388874376,33.99151552529268,32.46670548891211,33.81335714850896,-0.07588006729884411,14.58001824814584
20396.250994056685,52.41279065546416,-1.5099960860224506,102.67629432814255,33.0977723964541,7.050120782152931,1.7786017497779818,8,32.315495228549395,33.82362194156049,32.420582209400706,33.77496258350749,-0.09242066127744612,14.663696011275093
20498.744824378264,52.412798825786076,-1.5099940782751877,102.66226070309015,33.05472197658596,8.525219475307381,1.4521384186900512,10,32.122900914585614,33.68791983041804,32.37350057157908,33.73594338159284,-0.12392305592970754,14.75098693154435
20600.230189090296,52.41280695146527,-1.5099917273490298,102.64808960039413,33.0133144402934,10.008921621508819,1.2395718840240335,10,32.228665999328896,33.660572026588646,32.328119839187984,33.698509041398815,-0.05957106109196416,14.837021462014397
20700.198341310082,52.41281502735091,-1.5099890335893165,102.63386370310418,32.97372880004163,11.501052143215645,1.5549354728940012,11,32.51376574785665,33.870264756867684,32.28464185611852,33.662815743964735,-0.11014799427967502,14.921305217068108
20801.633630178996,52.41282304795393,-1.509985997640263,102.6191599939288,32.93479873452444,13.001679785245074,1.0902400566043697,13,32.19420306096519,33.47616751468641,32.241787700456356,33.62780976859253,-0.02143482078297468,15.006276420294137
20899.537520351183,52.412831008212194,-1.5099826202822169,102.60471259073354,32.898420193222805,14.510448893072805,1.1187358985633031,13,32.153197146997655,33.85588325465634,32.20164931529092,33.59519107115469,-0.010879071733595383,15.087691078277393
21000.88443693515,52.412838902389026,-1.5099789027319843,102.58949413845595,32.86201507295993,16.027576297735152,1.377683387002135,9,32.09196617888727,33.346515532826395,32.16138421553001,33.56264593038984,-0.13749346725574124,15.171274046623601
21101.93710631687,52.412846725057534,-1.5099748463355371,102.57405505680067,32.826999217383474,17.552959758461157,1.544849993237198,12,32.49656336745119,33.48436002527519,32.12255559668723,33.53144283807973,-0.16659138519365096,15.253834607259959
21200.11561543654,52.41285447097109,-1.5099704526368647,102.55880333882669,32.794220413102025,19.086282679675946,1.0790473548558686,9,32.03319729110198,33.5006465785104,32.08611023744625,33.50233058875779,-0.02705029263160115,15.333229212147888
21299.40329539615,52.41286213453366,-1.509965723592703,102.5431284834406,32.762328344923425,20.62754569169408,0.8410486947038329,9,32.2579408646597,33.364740327039094,32.05055132321997,33.47410536662687,-0.15745219329024007,15.412630120181172
21397.063343421025,52.41286971034464,-1.5099606613368708,102.52746600934572,32.73220444299305,22.17652444746443,1.6128012868943173,13,32.0162243713831,33.28173766341728,32.0168641818779,33.44754470410821,-0.05564511447840749,15.489787557704002
21497.992356945524,52.41287719263832,-1.5099552684526134,102.51102599143945,32.702382249968025,23.733371992456227,1.1933343796957034,10,32.047979552556924,33.719055999650834,31.98340807088253,33.421356429053525,-0.029532283067862125,15.568475449917704
21602.00336206564,52.41288457567907,-1.5099495477546991,102.49381635231057,32.67305531839333,25.298209165001765,1.1497034639770778,12,31.886569168160502,33.01226353687447,31.95039141648933,33.39571922029733,-0.04654642858957696,15.648371725455414
21700.37085818318,52.41289185430254,-1.5099435020146352,102.47729223007107,32.64664399946598,26.870483948376545,1.3932979351202646,12,31.918802337939706,33.48019048046041,31.920545303861402,33.372742695070556,-0.000742716753087902,15.72274783374771
21796.520762495467,52.41289902311349,-1.5099371344864623,102.46090895505921,32.6220823288862,28.449910997395307,1.2703035249602053,9,31.611428651040164,33.18809448654692,31.89268061601667,33.35148404175573,-0.053715871155643066,15.7942704901879
21900.36019832793,52.412906076164546,-1.5099304490803014,102.44295995937928,32.59695954083397,30.036924741263476,1.5934328651070175,8,31.898150779476083,33.172327833164516,31.86405418515828,33.32986489650966,-0.09748250994563305,15.870137438681537
21998.550727931688,52.41291300827283,-1.5099234494393314,102.42574505545494,32.574553372341946,31.63097456679742,0.9014325593145829,12,31.93213010333871,33.457278191518846,31.83839865480299,33.31070808988091,-0.07667992681584503,15.940498255339234
22101.701456050498,52.412919813733886,-1.5099161399408212,102.40740865947961,32.552438264066176,33.23226473075232,1.7532450391147636,13,31.65411801757225,33.31954292285214,31.812939856010253,33.2919366721221,-0.036061302719704216,16.01290163954932
22198.808865693638,52.41292648740199,-1.5099085248269342,102.38991243064025,32.53295947560348,34.84022337533651,0.827572845569634,13,31.68953651208358,33.100364968783936,31.790381469033516,33.27553748217344,-0.1415280227673295,16.07958644584152
22299.865597274755,52.412933023725856,-1.5099006090490688,102.37146536281122,32.51407715545718,36.454963424526056,1.725027114356358,10,31.63102720871119,33.07708766750972,31.768367400486472,33.259786910427884,-0.1020420929469978,16.14740049189579
22402.795481986243,52.4129394173028,-1.5098923977311922,102.3524274204085,32.496308666388565,38.07643826411902,1.434646316741877,11,32.01218972190628,33.4647186501619,31.747488690113833,33.2451286426633,-0.03178206381215401,16.214748395929238
22501.57558938594,52.41294566300419,-1.509883896095988,102.33392263858396,32.480652619242655,39.70420693004132,0.8805114348884182,13,31.8083471276615,33.260356925693856,31.728926065099675,33.23237917338563,-0.05606291797225757,16.277686659223495
22600.648127950823,52.4129517556072,-1.5098751098540637,102.31513433339201,32.46632989264507,41.33811572640991,0.828845116851716,9,31.72574731325627,33.24417161803427,31.711767739562916,33.220892045727226,-0.022530083821242334,16.33908796368543
22703.139771289894,52.41295768987408,-1.5098660450849273,102.2954585094523,32.45297290461753,42.978189170042754,1.135858692733818,9,31.483488327053955,33.15031200676189,31.695563830383414,33.21038197885164,-0.05901580915606097,16.40073443632864
22802.45765214919,52.41296346082435,-1.5098567079609904,102.27616190699995,32.441451311575165,44.62404912122395,1.7648897951261633,9,31.91102317122516,33.29867578867411,31.68136994644929,33.201532676701035,0.0013904284672426742,16.458599511811958
22898.385048723383,52.41296906355783,-1.509847105001161,102.25731087183007,32.43165593833047,46.2753181960162,1.2346088672415911,12,31.906304753969305,33.21566529767388,31.669076563543772,33.19423531311717,-0.04677661281097832,16.512690747922523
22999.849086811617,52.412974493087916,-1.5098372432199938,102.23714580122703,32.42272457476167,47.932111250814785,1.69110955934558,12,31.975287078996104,33.24327834745155,31.65759414800902,33.18785500151432,-0.0359817436668456,16.56793054798581
23100.70900127672,52.4129797446469,-1.5098271297385553,102.21687253243573,32.415306317269405,49.59418935889585,1.648051886850557,12,31.670489612037674,32.990322493403845,31.647735178285533,33.18287745625328,0.006873913063004236,16.620781080810804
23202.417827520483,52.41298481355483,-1.5098167719869289,102.19620026519213,32.40930269039362,51.26138405807245,1.7480462624621107,10,31.626859968617303,33.52337567516109,31.639368637395176,33.179236743392075,0.06265093300907806,16.671946991766028
23299.52468008636,52.4129896953101,-1.5098061776280127,102.17625131502824,32.40495709679575,52.93325992976469,1.08838552038279,9,31.659161921426534,32.8963542809279,31.63286121223106,33.17705298136043,0.09056811727236103,16.71875871692228
23396.94835289332,52.41299438548457,-1.5097953546911904,102.15603106298022,32.40195994013901,54.60962801899029,0.9876143517468292,13,31.51673662876634,32.97939404684757,31.627789486086943,33.17613039419107,0.002491840030401992,16.76368089225617
23501.174895280885,52.412998879742176,-1.5097843114498066,102.13417235935825,32.40026589227377,56.29057118291388,1.5233749274043795,10,31.674058170137815,33.00873234150988,31.623982604125782,33.176549180421766,0.013827920418378475,16.80943163923577
23599.51865406787,52.41300317394776,-1.5097730563964489,102.11333479159028,32.40010164817486,57.975608470110956,1.2541807102427684,13,31.480116331939797,33.39657869194065,31.621927636089833,33.17827566025989,0.06642615086713241,16.850372871970762
23702.98139864977,52.41300726408174,-1.5097615982623458,102.09119200090922,32.4014320781687,59.66471556397022,1.789078214195312,8,31.58775105978351,33.325043362820935,31.621378571901094,33.18148558443632,0.03402481977667865,16.891070938592442
23795.416703011564,52.41301114628676,-1.5097499461904949,102.07121986488588,32.403923940851264,61.35724963532874,1.3404827263089394,8,31.635330326330358,33.24627394579784,31.62228780798529,33.185560073717234,0.02288930547635342,16.925340713585445
23904.22344796036,52.41301481689539,-1.5097381091861197,102.04748378485452,32.40843183788782,63.05356114427843,1.0763014272731528,9,31.802735029308806,32.912558803739735,31.625051231004544,33.191812444771095,-0.041838203898833075,16.963115089496828
23998.639100657507,52.413018272324315,-1.5097260969829918,102.02669057847447,32.413721805365476,64.75292275807885,0.8440486393386699,13,31.49039475383226,33.19485994160797,31.628932616994415,33.198510993736534,-0.00013642118269436773,16.993616138004075
24095.883373898825,52.41302150923419,-1.5097139192605968,102.00508557888503,32.42050700207296,66.45520194035402,1.1719060597444422,13,31.39127881949274,32.786299946879446,31.634370439383964,33.20664356476196,-0.031197386092092917,17.02279182275174
24200.179937650326,52.41302452448393,-1.5097015856941765,101.98170307681092,32.42928896381771,68.16035494853134,1.5703497642802366,12,31.398803829364514,32.961740657801975,31.641825227748445,33.21675269988697,0.0013892860868083522,17.051530081773468
24301.961138543757,52.41302731505415,-1.5096891064288491,101.95867665258326,32.439357008626786,69.86805506666656,1.0144160640376683,12,31.433806333582957,33.37588977043009,31.650716981213613,33.22799703603996,0.0756855726493082,17.0770011813517
24399.508199237687,52.41302987810603,-1.5096764919281602,101.93641768613101,32.4503908856882,71.57795549573791,1.3712428621146298,8,31.829909218316175,33.01090169466732,31.660734723616105,33.24004704776029,-0.03336394439044778,17.09900429071404
24501.98913177329,52.41303221106677,-1.5096637524135887,101.91283444111735,32.46343799275463,73.28991152558496,0.9524186093105722,8,31.66528712116797,33.110146809241186,31.6728325252191,33.254043460290156,0.054352219424956105,17.11956029847049
24598.964882268818,52.413034311477375,-1.5096508987995396,101.89033303236238,32.47715238751142,75.00356944600912,1.4433640320696988,8,31.81681240961574,33.238188141056305,31.685760962876564,33.26854381214628,0.15042867946946603,17.136579204241432
24702.479929254285,52.41303617718372,-1.5096379414615908,101.86611819842443,32.49325364248015,76.71878132800475,1.5524992165883078,10,31.74783908657203,33.27831019263483,31.70114457644951,33.285362708510796,0.07978670559561976,17.15211881995656
24799.390068610828,52.4130378061285,-1.5096248917293718,101.84326714344694,32.50968987715417,78.43520086887179,0.8117009954748677,12,32.12925855385698,32.81764532133168,31.717023097204482,33.30235665710387,-0.013952735088885199,17.164195408670633
24900.81739690822,52.41303919656085,-1.5096117603162096,101.81916558572901,32.52829636710668,80.15262724798123,1.544604860483463,9,31.75581756146512,33.560197348242596,31.735164615040034,33.321428119173326,0.05809108294244986,17.174263791094205
25003.408309909715,52.41304034691046,-1.509598558240753,101.79459716432757,32.548569515415956,81.87080357104276,1.0452810698799004,13,31.90240805970004,33.68204428055228,31.755091428642967,33.34204760218895,0.08383762235140364,17.181763230615232
25100.96152597626,52.413041255786716,-1.5095852971484296,101.77105993527884,32.569195008963135,83.58944194875892,1.7835498890871362,11,31.76632469981763,33.25364444835941,31.775503538826364,33.362886479099906,0.11891914535433165,17.18638377716194
25199.160116610503,52.41304192206357,-1.509571988315014,101.74719677788406,32.59127586920073,85.3082978498415,1.0810191271081995,11,31.821123004395094,33.31436626284508,31.79748394370193,33.38506779469952,0.01696778481789965,17.18855901082536
25298.682131087386,52.41304234483742,-1.509558643002678,101.72284012556746,32.614995736594395,87.02712056539735,1.7333091344536147,9,31.823913111686476,33.13003352477741,31.821219136640394,33.408772336548395,0.10943554422373797,17.188227155558778
25400.9393444086,52.413042523426576,-1.5095452723527027,101.69763635525213,32.64076424758105,88.74564325582759,1.2138139066763827,11,31.568556520776674,33.476936120336326,31.847126203466456,33.434402291695655,0.07652954669859471,17.185226904302365
25497.850810440807,52.413042457360206,-1.5095318883985573,101.67358629624833,32.66648256254642,90.46363309302603,1.514116565670923,9,32.026368771521206,33.46041327817845,31.873090597578198,33.459874527514636,0.06131844629199487,17.17989837198417
25599.622257101146,52.41304214640399,-1.5095185020904196,101.64816099942362,32.69483848509701,92.18080351793515,1.1251091440231902,9,31.83788541150128,33.582968830870655,31.901824936294165,33.487852033899856,0.02166868301250055,17.171704249091032
25699.038242224833,52.41304159055195,-1.509505125188685,101.62315931678552,32.7238603126042,93.8969171940696,0.9027876908027556,8,32.09518198084398,33.603522323688274,31.931334785306845,33.51638583990155,0.05381604575817152,17.161136761344846
25796.533478700978,52.41304079003443,-1.5094917694277878,101.59848485410976,32.753579362269654,95.61174944275103,1.2148252343144206,9,31.695637023721915,33.481475042051905,31.961645616263983,33.54551310827533,0.14823400796613376,17.14832248681426
25900.705101435782,52.4130397452498,-1.5094784454116976,101.57195286259373,32.78669722219761,97.32494555876144,0.9314863782266439,10,32.00997311169083,33.476560781802,31.995519065361737,33.577875379033486,0.1311507897924389,17.13196116010397
26002.11506737496,52.41303845688551,-1.509465164900159,101.54596036764308,32.82027700385527,99.03628548608378,1.3360694724011157,13,32.17964975229119,33.605275461450454,32.02995606116505,33.61059794654548,0.10968174759290104,17.11339927322381
26099.401347108724,52.413036925887035,-1.5094519398353947,101.52087536580707,32.85372075981169,100.74560205251578,1.684003829103223,12,32.060116195400624,33.87061395659847,32.064334233750685,33.64310728587269,0.15556399543415847,17.093165664319375
26197.041354614772,52.41303515337356,-1.5094387814967098,101.49555442918316,32.888483699618384,102.45265074566993,1.5044926305789246,9,32.27392430986916,33.694357869833986,32.100144509459604,33.676822889777156,0.1259603283942269,17.070486931541705
26300.915417531014,52.41303314056961,-1.5094257001933697,101.46846035046391,32.9267684121555,104.15702812660152,1.5688229593479561,13,32.066600919117796,33.76552078245303,32.13966287170024,33.71387395261077,0.09658715913112098,17.043773809316075
26396.027669282317,52.413030889215705,-1.5094127083698168,101.44351263432395,32.96298745445612,105.85872783141508,1.5937372242041994,8,32.33267657406371,33.639535762921255,32.17711850264117,33.74885640627106,0.04314498249298879,17.01699704813527
26498.73356457899,52.41302840090004,-1.5093998158913289,101.41642655258852,33.003331807014796,107.55728994633239,1.683189202868201,9,32.17502946622693,34.024362355408584,32.21891183851693,33.78775177551266,0.10501171436278403,16.985621149173422
26599.869176712284,52.41302567764243,-1.5093870338839748,101.38960857764121,33.044294937474774,109.25251552149547,1.1897542220588218,10,31.950464230227567,33.83781637889574,32.26141583014764,33.82717404480191,0.03726126056336802,16.95225575163044
26698.912452250217,52.41302272169782,-1.5093743734433989,101.36320765265567,33.08558269798058,110.944239086589,1.1763813961077272,9,32.14500359830251,33.74556547687264,32.3043208683522,33.866844527608954,0.05939302843368401,16.917235650935304
26796.756590570585,52.41301953550545,-1.509361845391612,101.33699505378144,33.127493490909416,112.63227823440371,1.295446795794621,13,32.32217977421529,34.111322873731986,32.347933177204645,33.90705380461418,0.18920473422584555,16.880391478147217
26900.842705555267,52.41301612141039,-1.5093494591360277,101.30896977372316,33.173285061006744,114.31615621919411,1.7607697092674348,9,32.22467738926608,33.976957069409664,32.39564643114255,33.95092369087094,0.21923283899165985,16.838779847904068
27000.167098965554,52.41301248239961,-1.5093372257417121,101.28209431966658,33.21812420704856,115.99583472429168,1.0391036632936537,12,32.26185228581804,33.919001634058255,32.44242495620351,33.993823457893605,0.1061203986363425,16.796785050975483
27099.603969480806,52.41300862144481,-1.5093251552874638,101.25506173547815,33.26411371782479,117.67108908018838,1.1383356920269452,11,32.30579031822107,33.61234634389388,32.490457601550034,34.03776983409955,0.1444371039666665,16.75254355896688
27202.432514403474,52.4130045415281,-1.5093132570760137,101.22697661686513,33.31280967296822,119.34154114787862,1.3674552293511166,13,32.73914565127284,34.38371806690679,32.54137132119587,34.084248024740575,0.1352931839597078,16.704520676902664
27299.271944000935,52.413000246319925,-1.5093015418398619,101.20040860527605,33.359708906463865,121.00726342709834,1.2573167789536828,11,32.61108335462315,34.055691083392986,32.5904548377922,34.12896297513553,0.1344555744638799,16.65722279219697
27401.053037146754,52.41299573903525,-1.5092900181935676,101.17236355306159,33.410068533952256,122.66780238874924,1.4064374742624914,8,32.85273646047399,33.875450933624826,32.643208194522714,34.17692887338179,0.15732139081035185,16.605389616508774
27495.951835382755,52.41299102379491,-1.5092786966082394,101.14610540076396,33.45799011607416,124.32331681428866,1.1412689501789017,12,32.235890286755065,34.25955219865947,32.69345017836771,34.2225300537806,0.2028844713763436,16.55514425539461
27601.01544339457,52.412986103736294,-1.5092675843064096,101.11691439092482,33.51211200804724,125.97305776727336,1.0482245108911106,9,32.99440691628022,34.30230812148302,32.75023834148848,34.273985674606,0.055467420447191315,16.497409529846724
27698.19850241359,52.41298098341954,-1.5092566914394983,101.08980308767376,33.56315284727871,127.61726594863438,1.1690939282323334,8,32.84135769099993,34.27595773298734,32.803834292778895,34.322471401778515,0.1479701012255741,16.44208181361046
27801.529464330106,52.41297566650113,-1.5092460254402564,101.06086385522603,33.618431895582475,129.25539398640342,1.0024978499735575,10,32.86653694573209,34.302065278036515,32.86192123724557,34.37494255391939,0.17574545772013023,16.381280377690313
27897.848713878386,52.41297015782822,-1.5092355958027646,101.03378628248139,33.67087629588363,130.8876763193074,1.741213235911971,9,32.76554780184334,34.34508081468958,32.9170652665952,34.42468732517205,0.10396678556403874,16.322823329039764
28001.800628373247,52.412964461145584,-1.5092254091859576,101.00445545649451,33.72844573526947,132.51346261261585,1.0015106225226609,12,33.031757635501066,34.712066649752266,32.97763466879085,34.479256801748086,0.19136732594320327,16.25786293308434
28099.7977043225,52.41295858152122,-1.5092154743415636,100.97670538604235,33.783616843302134,134.1329526615126,0.8087235938100832,10,33.03290027226853,34.66543394959946,33.03571347139629,34.531520215207976,0.16473268063312008,16.19490048896744
28201.906757197215,52.41295252320978,-1.5092057980083324,100.94769117424889,33.84200832553456,135.7457103406773,1.783275197426688,13,33.32509070771975,34.39193716780326,33.09721405703257,34.58680259403654,0.13612149613614347,16.127576791646735
28302.84151304646,52.41294629108195,-1.509196387541419,100.91891351674876,33.90061286852467,137.3516467261635,1.5671844038888523,9,33.176016836259066,34.37828816561614,33.15896876976058,34.642256967288766,0.3056023460016239,16.05936385486255
28400.797266269477,52.41293989030781,-1.5091872503282142,100.89089566668343,33.958305973000726,138.95081094824923,1.779464669093301,9,33.61919768868485,34.8194392303582,33.21978935491848,34.69682259108298,0.09020247769132016,15.991642220857042
28497.96716348318,52.41293332593151,-1.5091783931116036,100.86301812666545,34.016310489596485,140.54311504108546,1.4647233570140687,9,33.2517674291053,34.719162043806584,33.28096197606718,34.75165900312579,0.150343449360424,15.92304092836274
28600.888977142782,52.412926602348584,-1.509169821256465,100.83340158496772,34.07856508274207,142.12800486948828,1.5802924412681523,12,33.30610069782959,34.584982667124855,33.34664058121813,34.810489584266,0.1426442118329452,15.848898284027916
28698.23014498189,52.41291972533388,-1.509161541665665,100.80530963440371,34.13819363478275,143.70574857012048,1.195844903886278,9,33.53677016882311,34.76430788298111,33.40956931596715,34.86681795359836,0.16644173460596187,15.777437006322263
28800.647444656774,52.41291269947101,-1.5091535592597383,100.77567042191401,34.201693038729225,145.27583979856342,1.7113955692550662,8,33.50825218317424,34.82229529449415,33.47660273962413,34.92678333783432,0.031004032805613868,15.700912284429501
28898.3982427046,52.41290553060527,-1.5091458801719266,100.74730574926696,34.26300327164149,146.8385058934535,1.744208341803535,9,33.374608679110125,34.7912861340117,33.54134200405459,34.98466453922838,0.20261968938015354,15.62666094890036
28997.869544128,52.41289822383891,-1.5091385092792786,100.71836854640586,34.326073982598665,148.39350120807444,1.493879881830427,13,33.55174848622064,35.11428006729418,33.607955189652046,35.044192775545284,0.14018015893385427,15.549953146209534
29098.28772725574,52.41289078442004,-1.5091314512721217,100.68908379854959,34.39041696853454,149.94064201265547,1.291393984951811,10,33.43152197456962,34.98561861691715,33.675925499230644,35.10490843783844,0.15138768142466263,15.471408045810431
29200.777296612076,52.41288321748226,-1.5091247103791985,100.65912334748612,34.45675644346563,151.4796589651392,1.625416723553892,11,33.882622425608794,34.94278798735628,33.746016683769696,35.16749620316156,0.20318462650175778,15.390169524837196
29299.792961783583,52.412875528966055,-1.5091182913025096,100.6301126238522,34.52146342981316,153.01073161871113,0.8462114414447496,10,34.10395295332305,34.92303704282475,33.814392459528825,35.228534400097494,0.12150782951917947,15.310726535718938
29401.15956483165,52.41286772402031,-1.5091121976752786,100.60034912540898,34.588307173654734,154.53358121964516,0.8934152919075191,9,33.71037548381108,35.335409014747256,33.88503372518868,35.29158062212079,0.20973094748376703,15.228496009341017
29498.964496172724,52.412859808679016,-1.5091064336003845,100.5715729059363,34.65335254210599,156.048417325821,0.9855759008774694,8,33.65332041671825,35.52518781133306,33.95377983867051,35.35292524554146,0.237538147557418,15.14836106175739
29602.71769867691,52.41285178757797,-1.50910100171915,100.54098687996213,34.72291647752259,157.55467515241003,1.0137491069738664,13,34.17074984290072,34.969405882485695,34.02730534472621,35.41852761031897,0.20671711700963952,15.062578265890705
29697.038557460226,52.412843667702475,-1.5090959062001204,100.51313084967681,34.786634219410544,159.05307224963212,1.4030253453346935,10,34.24426712797363,35.36295979146707,34.09465328242997,35.478615156391115,0.19433094917414598,14.983970972220398
29799.804649280053,52.412835453284366,-1.5090911489308538,100.48272878653465,34.856547792270916,160.54284485180233,1.2680050407848902,9,33.81825453484521,35.78730197329287,34.168549768883764,35.544545815658076,0.1379508133556348,14.897726021703258
29897.769250408328,52.41282715063267,-1.5090867329226498,100.45369967506811,34.92364494985496,162.0243450276124,1.3929940570588846,12,34.41498494193712,35.692921176300594,34.23946724976831,35.60782264994161,0.1967149878309912,14.815001758099996
30000.52390531365,52.412818764516125,-1.509082659953851,100.42320442489982,34.99446639959204,163.49712284352995,1.3700775285453362,12,34.30848870050925,35.506016504172095,34.3143168084641,35.674615990719985,0.19167446022584572,14.727778159176067
30102.8348607399,52.41281030053504,-1.509078932020868,100.39279645533644,35.06540399818335,164.96117782751242,1.230285017047763,12,34.47747538482746,35.995174281611426,34.38928273401012,35.74152526235657,0.22338773410426063,14.640549839824349
30200.335822138903,52.41280176500228,-1.5090755512407352,100.36377976208605,35.13337114890008,166.41689219603813,1.3338811934040788,9,34.38489521200678,35.987615888324626,34.46110169871495,35.80564059908522,0.2184194824657121,14.557143685256472
30301.922959728658,52.41279316272419,-1.5090725187515994,100.33351026021171,35.20453689192956,167.86389528550376,1.444334520227203,9,34.70842194987653,35.95894623121483,34.53629043341827,35.87278335044084,0.16036061876202168,14.47003089465635
30401.01811826162,52.41278449959228,-1.5090698359263093,100.30395009674979,35.27427350985147,169.30238765154536,1.4350011744018092,13,34.59269397610917,36.163735840739925,34.609957423589464,35.938589596113474,0.24247974612529022,14.38492366041635
30500.28941250905,52.41277578101513,-1.5090675037103198,100.27430746676669,35.344419876252715,170.73234876813035,1.5432199101783652,11,34.730165750755454,35.994253109775606,34.68404364145171,36.00479611105373,0.2259705383004824,14.299611165849626
30601.889580457144,52.412767011992486,-1.5090655226749738,100.24394146267826,35.416479210398776,172.15358079066766,1.4987640545227963,9,34.67511225260677,36.39200399887229,34.76013419448444,36.07282422631312,0.13328954975941446,14.212320225373418
30700.322646959947,52.412758198444855,-1.5090638934523064,100.21449798717637,35.48652237291002,173.56636563366078,1.5071562668181167,11,34.959344311356574,36.19547118581247,34.834078383784046,36.13896636203598,0.14055837521415138,14.127848429930975
30800.026764887723,52.41274934547424,-1.5090626162365004,100.18465313804846,35.5576727423138,174.9706116835216,1.460311185696903,10,34.70986270896865,36.368796869044594,34.90917208842475,36.20617339620285,0.22604128682214453,14.042460498607978
30899.470142360326,52.412740458408,-1.5090616910591776,100.15486805076077,35.62881225827608,176.3663663471175,0.9717936726349675,13,35.06858601619408,36.416087920284596,34.98423304646319,36.27339147008897,0.25398045134895897,13.957546635959158
31001.150135309206,52.41273154208012,-1.5090611176520832,100.12439724429107,35.70170339170546,177.75347241581937,0.8261690871270368,11,35.085660070770594,36.73069016718646,35.06111822313348,36.342288560277446,0.2090360142299239,13.871060687018565
31097.297991828527,52.41272260266338,-1.509060895737929,100.09557238979593,35.770742689505916,179.13243906358866,1.454437905761348,9,35.49948529198094,36.29477666998857,35.133916420449864,36.40756895856197,0.2634360247373646,13.789666477692595
31202.067988975414,52.412713643739636,-1.50906102456913,100.06415267372715,35.846068790351424,180.50258721685964,1.7589909932238652,13,34.94448949271907,36.277557373601574,35.213315026572445,36.478822554130396,0.18943315401248267,13.701481532710957
31295.67994603162,52.41270467238927,-1.5090615034320705,100.03607310762888,35.91343080069294,181.86490780240865,1.23561896108299,8,35.00160235457088,36.260243067459015,35.28429191821394,36.54256968317194,0.1915475178646318,13.623205855488933
31399.785411692334,52.412695691740815,-1.5090623313226827,100.00484233515901,35.988378410757605,183.2185885541868,1.4407736321232847,9,35.30416575450169,36.65485541118941,35.36322952550902,36.61352729600618,0.2019651716867977,13.53680751778234
31501.209559003277,52.41268670723182,-1.5090635070198,99.97441540320726,36.06140079933528,184.56392576060853,1.1186964282158867,8,35.293612780783654,36.55473429832115,35.440105081143855,36.682696517526715,0.23177153392233496,13.453372064217074
31598.627913098826,52.412677724477845,-1.5090650291128653,99.94519263605594,36.131515720574704,185.90132473993913,1.333405508528084,8,35.655186021686625,36.74247985711888,35.51388598774233,36.74914545340709,0.2152919355278513,13.373989793306125
31700.57335923858,52.41266874749901,-1.5090668961606633,99.91461748411629,36.20483502752093,187.2305035851756,0.8588967250782649,10,35.38405347325788,37.17333979431718,35.591001468682144,36.81866858635971,0.21144498862392286,13.291788452364884
31798.6165114081,52.41265978176273,-1.5090691063604322,99.88522102807796,36.27526784243666,188.55186792096947,0.921305467502063,13,35.5430653362256,36.79355432803682,35.665043134399994,36.88549255047333,0.30878437333838216,13.21364335793807
31898.95114744808,52.412650831565095,-1.5090716579383892,99.85514895786832,36.347237032775496,189.8653346002252,0.8592681278726445,8,35.773956344828264,36.93353876254426,35.740659574043626,36.953814491507366,0.26909092777162025,13.134666792557505
32002.283053092702,52.41264190101254,-1.5090745489952397,99.82419382629459,36.42120968927383,191.1707803925359,1.3145540215952427,9,35.57256524517273,36.77596566145477,35.8183363893887,37.024082989158956,0.213012601913568,13.05445792310759
32101.2160163379,52.41263299545359,-1.5090777771638326,99.79457403148383,36.491865107581916,192.46866095930682,1.4274778864203825,9,36.10223474809595,37.11634975993736,35.89248553567266,37.09124467949117,0.11605991855402692,12.978805667709077
32198.76419593627,52.41262411963763,-1.5090813400886598,99.7653885035785,36.56134313527438,193.75919817035242,0.8743569552822475,13,35.937571832337554,36.99051851299323,35.96535482872783,37.15733144182093,0.19928182927729304,12.905372110455858
32298.27202602571,52.41261527766428,-1.5090852354693798,99.73563968707538,36.63199659241049,195.04236971165096,1.3122383862529141,11,35.83848131342571,37.230645699262034,36.039409856156944,37.22458332866404,0.21604138862821048,12.831715412985824
32401.303269486772,52.41260647329983,-1.5090894609763141,99.70486513202601,36.70488766900646,196.3180549750257,1.6432655387677433,11,35.95045972237229,37.20916817438056,36.115758201605004,37.29401713640792,0.20726492384273665,12.756852633746664
32498.33216211596,52.4125977118782,-1.5090940134983444,99.67591201506247,36.77325918536912,197.58682684592623,1.712677988203378,8,36.13173347314602,37.181958625982794,36.18732242022982,37.35919595050842,0.2039900998581867,12.687718709006115
32600.7957964555,52.41258899672194,-1.5090988906680811,99.6453703661516,36.84514366858798,198.84844870605048,1.4380884835456227,11,36.02122956507574,36.97143384420142,36.26250887938393,37.42777845779203,0.2574883429027149,12.616218601242027
32700.141934277974,52.41258033252962,-1.5091040893121914,99.61579347751545,36.91450245508803,200.10329209291945,1.4670390185839968,13,36.13388807265658,37.68956848209514,36.33499806054583,37.49400684963023,0.2783966841261587,12.548433868689369
32798.75087616366,52.41257172353472,-1.5091096063571598,99.58647355494796,36.9829896202912,201.35156324204866,1.5557697821250813,13,36.77768548257004,37.705783084487116,36.40652037793772,37.55945886264468,0.16780425561143164,12.482711491291939
32901.37254409741,52.41256317313138,-1.5091154390666126,99.5560032457101,37.053857400369,202.593165877793,1.0809680158619956,13,36.19985261880651,37.814088174288294,36.48046777165654,37.62724702908145,0.22183497835889548,12.41602635744404
33004.29247424335,52.41255468525866,-1.5091215842437,99.52549134176361,37.124485266216,203.82826223359154,0.9462164727085963,13,36.43551736820634,37.756256541030446,36.55410032945176,37.69487020298025,0.1919794064156572,12.350963557984729
33095.88189872864,52.41254626563191,-1.5091280373984752,99.49838067517581,37.186937954665666,205.0577265579882,1.1726184700799194,9,36.55025513296435,37.64678950685307,36.61915396952746,37.75472193980387,0.17786093018097046,12.294643243967462
33198.38359724035,52.41253791640964,-1.509134796356501,99.46808995638972,37.25635822423165,206.28106969156283,1.7792052795652915,12,37.29151891616474,37.959463094747505,36.691401091446785,37.82131535701651,0.15988035048573415,12.23343133574624
33299.10539220055,52.412529641669465,-1.509141857421776,99.4383796446053,37.32405888962363,207.49859043805077,0.9996362506825599,10,36.83418515067396,37.72178951991787,36.76179061740798,37.88632716183928,0.21570839359484986,12.175207464879005
33398.64903124331,52.41252144533319,-1.5091492168876008,99.40907282612356,37.390439867761316,208.71054962746268,1.1099491721136454,11,37.080334869827915,37.9019913727589,36.83074000113298,37.950139734389644,0.06527905723714124,12.119591894118921
33502.59922790181,52.412513330439886,-1.5091568716509052,99.37853121046388,37.459170734149275,209.9169109547413,1.2317301363140634,13,36.520022645937026,37.88881266596216,36.90205603929631,38.01628542900224,0.17214858419871773,12.06361327278662
33599.66307237185,52.41250530161809,-1.5091648171062457,99.35007343625675,37.52277961644149,211.1182435959713,0.91238553180194,9,37.32272294168566,37.94441540672833,36.96798723981125,38.07757199307172,0.1404967427630893,12.013326412299632
33700.87313435747,52.41249736185577,-1.5091730500138507,99.3204653000091,37.588494137100724,212.31454144739837,0.8324563814734962,9,36.78789569172701,37.99005762222218,37.036026897493116,38.14096137670833,0.2114024233162174,11.962978514270185
33800.8188136814,52.41248951485341,-1.509181566336446,99.29129534414484,37.652749117492405,213.506080970943,1.5311927108104588,9,36.952043089642906,38.13528337627409,37.10247934088881,38.203018894096,0.1567811712828103,11.915395235446963
33902.58564630127,52.41248176383927,-1.5091903623936411,99.26166662767199,37.71749623828581,214.6929979604938,1.4576444489314258,10,37.262209280671634,38.387396173515526,37.16936121315115,38.26563126342048,0.008089314822349425,11.86916989550775
33997.490956868,52.412474113138416,-1.5091994332138483,99.23410443955201,37.777237264024855,215.8758101706842,1.7074269978231889,8,37.15054420123848,38.37904072531306,37.2309978839586,38.32347664409111,0.08006648180335041,11.82812210190431
34099.30124314275,52.412466565232045,-1.5092087757452877,99.20461368557915,37.840612403441426,217.05444395820643,1.1758604235192673,8,37.14104264060422,38.35269130701259,37.29630267796301,38.38492212891984,0.20112143188073353,11.786337875222085
34197.62294816102,52.412459123885334,-1.5092183853416425,99.17621166889671,37.90109190249379,218.22926714074072,1.4670759662325392,8,37.017832764158385,38.42090295693641,37.35854196820481,38.44364183678277,0.2648281949483934,11.748231825343346
34295.4832845028,52.41245179243086,-1.5092282577485154,99.14802199933015,37.96055770465869,219.40052010179807,1.4209398218432396,13,37.39947652558524,38.10698463354051,37.41965654905963,38.50145886025775,0.2589834903044713,11.712529610572536
34396.00284195206,52.41244457378928,-1.5092383891234158,99.11915128540208,38.02085730910193,220.56834017102494,0.9942362298247731,11,37.52984552022221,38.87738309122968,37.48154151142281,38.56017310678104,0.18887869783797032,11.678200692269405
34498.31230019948,52.412437470956064,-1.5092487754267638,99.08985789617444,38.08139180984612,221.73291328211633,1.278455967213263,8,37.4418860199052,38.81673463833915,37.54357550328131,38.61920811641093,0.20297996209639715,11.645731110913752
34598.766388802855,52.41243048729787,-1.509259411989608,99.06118841103292,38.13998080824539,222.89454376155584,1.2757454370853891,8,37.300635627119725,38.74553423185351,37.603523450527604,38.676438165963184,0.19382376307352628,11.6163047943951
34702.94929381295,52.41242362553911,-1.5092702949644696,99.03155483851141,38.19983185837554,224.05338216011467,1.5520488165910211,12,37.498044217609184,38.5466995774128,37.664663923032855,38.73499979371823,0.16702535857881473,11.588383985587987
34800.38025065407,52.41241688946183,-1.5092814187766945,99.00393683068212,38.254940334136336,225.20985117049668,1.009355140990704,9,37.870710694319214,38.54324925439559,37.720866615709625,38.78901405256305,0.12960897181099307,11.56469010382037
34899.63648192561,52.41241028191597,-1.5092927791712332,98.97589867016126,38.31020067052533,226.36414880237908,1.7761162115415936,9,37.829316571129496,39.031719356787484,37.77712972534978,38.843271615700885,0.12088868665822375,11.542976318824305
34997.67368422879,52.41240380601656,-1.5093043713392424,98.9483038935887,38.36388875285419,227.51654375280486,1.354921257680163,13,37.86111084353917,39.1836451355868,37.83169649284134,38.896081012867036,0.12415453125224965,11.523949504257514
35097.56466736287,52.412397464555426,-1.5093161909071868,98.92029131168836,38.417657178154315,228.6672491529739,1.5892993196072365,13,38.25773782406576,38.60102034606463,37.886245176306595,38.949069180002034,0.10302330706177867,11.507054001690307
35201.07557031166,52.41239126015533,-1.509328233719945,98.89137728730739,38.47235582339751,229.81647065760012,1.2188511289439838,13,38.011999568552476,39.43657490143183,37.941629105464145,39.00308254133087,0.06644099066005883,11.492215046262928
35303.38892025272,52.412385195838326,-1.5093404947720779,98.86291449644632,38.52538048056641,230.96449375293628,1.3565934578014438,12,38.25546763068956,39.3589702248738,37.995207204964885,39.05555375616794,0.07640024475807777,11.480230953361206
35398.046492629415,52.41237927508938,-1.509352967954798,98.83668742100078,38.57349628899355,232.1116466643789,0.831112453376227,9,37.89016723849693,39.63882264404035,38.04372487660111,39.103267701385995,0.09825240251302854,11.471529114426136
35499.962061295126,52.41237350017269,-1.5093656495133083,98.8085659436759,38.62426984539157,233.2581198201916,1.3855332122531705,8,37.99195915127279,39.015255562105956,38.09481235374722,39.15372733703592,0.041091179012834045,11.464731558127049
35600.13382443558,52.41236787403236,-1.5093785341592143,98.78104620956626,38.67311231816541,234.40418528987402,1.3969591109862871,9,38.20118771730131,38.921050831487605,38.14384310173263,39.202381534598196,0.10531457205726119,11.460654696823442
35698.649593855655,52.412362399557814,-1.5093916165538095,98.75410070143431,38.72010102592097,235.55010199840626,1.2027971092627205,11,38.31129311793941,39.06505132829683,38.190900509487776,39.24930154235417,0.18571091728122632,11.459167085323354
35803.10022361643,52.4123570791123,-1.5094048924917867,98.7256640431551,38.76876678539748,236.69613426269007,1.777863830708152,10,38.258050525593276,39.420245222326976,38.239512903686645,39.29802066710832,0.2387235820241062,11.460322642837117
35904.09956088107,52.41235191565209,-1.5094183561995698,98.69829917916375,38.814675719374726,237.84254564067578,0.9400877944586306,12,38.26812147567443,38.91429817383138,38.28524675760318,39.34410468114626,0.10545889573167525,11.464113779857222
36002.704174492574,52.412346912006385,-1.5094320020057934,98.67171122129304,38.85838835536693,238.9895804188243,0.8283435513239293,11,38.03180125607734,39.285690431603165,38.32867149859771,39.38810521213614,0.09812074599991591,11.4703477814861
36103.26411186171,52.41234207072141,-1.5094458248359093,98.64472905689061,38.90182277938174,240.13750811850218,1.2652610656305403,12,38.274498097767136,39.5100885494656,38.37169355884219,39.43195199992129,0.21446302357398628,11.479276996778532
36201.46663027458,52.41233739454305,-1.5094598188737791,98.61851167918925,38.943106329471206,241.2865576580091,1.1919048589951227,11,38.585112667630014,39.68046583776885,38.41245902745814,39.473753631484264,0.1277519874282469,11.490495395068878
36296.90971649761,52.412332886174774,-1.5094739781718511,98.5931586347918,38.982142113697456,242.43693316430438,1.229727877969386,13,38.30046413965114,39.443056743093464,38.450882461498765,39.51340176589615,0.026159636213191978,11.503755062952774
36399.16401542599,52.41232854786126,-1.5094882981074602,98.56613855146794,39.022757617489944,243.58898576457761,1.2612663026302644,8,38.33957071659018,39.6263406338424,38.4907234596115,39.55479177536838,0.08963974293833543,11.520526002732995
36499.55036512788,52.41232438222556,-1.5095027726852028,98.53975788514622,39.06140151106979,244.74294143916632,1.356645068225816,10,38.46020088398036,39.60488203762467,38.52848848660096,39.59431453553862,0.13601773249325944,11.5395567458866
36600.10147229701,52.41232039176515,-1.5095173961136343,98.51348143938758,39.09887178078679,245.89905644834766,1.2768392262623327,13,38.32471222082476,39.581149079875374,38.56496154511307,39.632782016460496,0.10087878953383594,11.561150091813591
36702.50307198485,52.41231657889433,-1.5095321627342477,98.4868758995904,39.135743527643186,247.05762888065362,1.7421941764641462,10,38.571165978757556,39.70535593700766,38.60069841927154,39.67078863601484,-0.0037064912279828333,11.585724323059493
36799.000177759015,52.412312946229015,-1.509547065746085,98.46194959776808,39.16928585430819,248.21875356383885,1.6015600692930265,13,38.5669785506693,39.727195905526955,38.63306208044254,39.70550962817384,0.06618015828240127,11.611246831851648
36905.21494510102,52.412309495891144,-1.5095621003106445,98.43467878041413,39.204840846554674,249.382950245016,1.2197055921819375,10,38.6402537562889,40.046339930480634,38.66719838063942,39.74248331246992,0.15695828887178542,11.641966811772551
36999.908931070335,52.412306230544694,-1.5095772587458574,98.41051474800908,39.23532038899948,250.55011540504358,1.3737970790627525,12,38.71040478755758,39.92591386560575,38.69630703763604,39.77433374036293,0.14686840681526647,11.671651600274929
37100.90616535276,52.4123031523318,-1.5095925355223447,98.38489937796223,39.266549687536205,251.72068245415494,1.7607984909016834,12,38.715687542432825,40.16401196185075,38.725965295758904,39.80713407931351,0.08045717578092301,11.705670491113354
37203.72295894546,52.412300263507205,-1.5096079244187304,98.35899176399475,39.29697253751513,252.89495954404845,0.9374396058393599,12,38.57849657725783,40.012552186627794,38.754674796518536,39.83927027851173,0.08303506636877725,11.742770898935532
37301.83064874606,52.41229756638865,-1.5096234183513573,98.33443244209474,39.32470240160925,254.07300574919975,1.406885952512369,10,38.78584144107937,40.00430681818093,38.7806640299664,39.86874077325209,0.11925969206606117,11.78046205151345
37398.64490644905,52.41229506314674,-1.5096390105385395,98.3103540504618,39.35081194135507,255.2549873712885,0.9061108751465773,8,38.633629552970056,40.003905873020045,38.80495613860217,39.89666774410796,0.07976069799622769,11.819816220886679
37499.64200871255,52.41229275584259,-1.5096546946591143,98.28540417080193,39.3767105611888,256.44129949839953,1.2285488391680532,8,38.76540685096378,39.54592096729264,38.82885487006948,39.924566252308125,0.15273917997190317,11.863121271111153
37600.0606836714,52.41229064656741,-1.5096704637599734,98.26077057327797,39.401094980368775,257.6321412954261,0.9007671745075123,13,38.79165550999997,40.02584658376716,38.85114742372321,39.95104253701434,0.04309182911684921,11.908417970265438
37695.60817404276,52.41228873736028,-1.5096863103776519,98.23749470967482,39.42302307897736,258.82749661054754,1.6494293043906192,11,39.10675410291317,39.272309180912195,38.87099111594438,39.97505504201033,0.05881467810563536,11.953553151213725
37799.865134683925,52.412287030123956,-1.5097022281701349,98.21228081964964,39.445523674249785,260.0279989172151,1.599623691391458,8,38.72950319865505,39.97475100501982,38.89111475784483,39.99993259065474,0.08022659052371056,12.005023066676134
37899.09347754784,52.41228552680376,-1.5097182094334167,98.18846351061285,39.46554778293147,261.2336107228475,1.0546642001216915,9,38.80173439214483,40.07848336504847,38.90877922775806,40.022316338104886,0.10747461197881167,12.056118056324001
37999.670129555314,52.41228422922955,-1.5097342468892316,98.16450460323178,39.48445113582896,262.4446064995675,1.4366338071114575,12,38.893749105093626,39.93088326172238,38.92519618678525,40.04370608487268,0.0300679655798673,12.109957767199102
38100.71734052376,52.412283139176864,-1.5097503330495283,98.14062058126123,39.50202315535567,263.6612143938514,1.163675578808177,10,38.9217665049084,40.29328039393586,38.94017645117736,40.06386985953399,0.03399759603226227,12.16607894283938
38203.40031380792,52.41228225836293,-1.509766460362562,98.11654442167337,39.51841442516762,264.8837283482121,1.5604902720106761,13,38.704736093263485,40.09923434099844,38.953840219051806,40.08298863128343,0.017757332507949357,12.225139543607298
38303.33893542188,52.412281588416384,-1.5097826208644074,98.0933024064441,39.53294278137453,266.1121817996582,1.4750270280677162,12,38.85559382876705,39.91757007767228,38.96562563163851,40.10025993111054,0.06262159102885038,12.284534514461544
38401.11667840936,52.412281130851966,-1.509798806534579,98.07074721764495,39.54579109230283,267.3466237677018,0.9520633394927308,9,38.88073154232054,40.356496197320865,38.97570836104385,40.11587382356181,0.009020727206413046,12.344419680434825
38498.40586034987,52.41228088708606,-1.5098150093359346,98.0484877900494,39.557229421617386,268.58719337896093,1.218953143489332,8,38.842989476459536,39.83708838436389,38.984316858198575,40.130141985036204,-0.036723701891358956,12.405696112592349
38598.94599603165,52.41228085848009,-1.509831221259983,98.02567865428315,39.56763491472443,269.8342670073812,1.2304664077678635,13,38.958661408504874,40.118084951396185,38.99171870434341,40.143551125105446,0.12427234547241495,12.470736284202909
38701.725223278256,52.41228104633259,-1.5098474340749108,98.00256784770143,39.57678110815672,271.08816371128523,1.3295898398065342,8,38.92558799471142,39.94201213247857,38.99771390517495,40.1558483111385,-0.001951505066219085,12.538967039040413
38798.7971078047,52.41228145177299,-1.509863639160523,97.98093409419795,39.58403173330755,272.348660532371,1.7814529072174694,8,38.74002632072884,40.23878803180655,39.00191650301713,40.16614696359796,0.01762355941906478,12.604968210856748
38899.23622556141,52.4122820758698,-1.5098798280654648,97.9587502007412,39.59011189621859,273.61613978909554,1.3047249544787307,13,38.812362088143864,40.147002383804114,39.00477207855757,40.1754517138796,0.08648642864387408,12.674792567246213
38996.93583946281,52.412282919545184,-1.5098959920583463,97.93736893123577,39.5946363321163,274.8905547388547,1.0281396670369536,13,39.03793565062383,40.17761612815928,39.00609351347939,40.183179150753205,0.03633101654054275,12.744149497591982
39102.20746807202,52.41228398370954,-1.5099121224205738,97.91455096806523,39.59797529598905,276.17259463351456,1.5520929823636624,11,38.97026133163448,40.49167646993364,39.00591117013222,40.19003942184589,0.11823802935863044,12.820398946598177
39200.4522762111,52.41228526905537,-1.509928210128202,97.89346452532428,39.59965266886145,277.4618859374866,1.2395678928459355,11,39.043995383291204,40.32486846907489,39.00423973979377,40.19506559792913,0.013535492907980715,12.892913039720453
39302.07348077499,52.41228677620004,-1.509944246133722,97.87186734902592,39.599925508536664,278.7588085680129,1.7746146727800194,8,39.0976790706992,40.2930262909031,39.00098832511134,40.198862691962,-0.01857289175355161,12.969226305262424
39401.65900896711,52.41228850560398,-1.5099602212602115,97.85091600121098,39.59875027589337,280.06333184331504,1.1758715630300047,10,39.18564477084317,40.353313156415254,38.99630300738884,40.201197544397914,0.01447870934631526,13.045232753021342
39501.038922852975,52.41229045759124,-1.50997612622997,97.83022037948727,39.59615434227681,281.3755538454377,1.257986838859414,11,38.81994676171411,39.97050221574335,38.990151693019904,40.20215699153372,-0.04321283170429575,13.12222002122735
39601.12000351846,52.41229263235352,-1.5099919516401648,97.8095953132041,39.592104395756714,282.69563681889395,1.7433582317846001,9,38.955182653184565,40.43793337115982,38.98247143894046,40.20173735257297,-0.006792954646248709,13.200829734562568
39702.09967426037,52.41229502994651,-1.5100076879620776,97.78900742609396,39.58655952784515,284.0237539269275,1.6101501190226712,13,39.40368329399406,40.17448772228937,38.973216294238505,40.19990276145178,0.00991597761425448,13.281171080335211
39796.89005565824,52.41229765022426,-1.5100233258028108,97.76988652839366,39.580023389245845,285.359499948476,1.0983395136864593,9,39.12024124302328,40.522068153656626,38.96315701565714,40.19688976283456,-0.025028162686248318,13.357460215485096
39898.3130206886,52.412300492918014,-1.5100388552871742,97.7496496658409,39.571605134680404,286.70349507132823,1.234214444766593,9,38.79928579713122,39.80369871424865,38.950929209631695,40.19228105972911,5.036267743262346,13.439951228521954
40000.624593277666,52.412303593472345,-1.5100558095907342,97.72947004008144,43.198875732100205,286.6884778457378,1.5696227473105846,13,43.099653598793815,43.130697080579125,43.20581089892229,43.191940565278124,4.745151025190484,-0.15017225590493996
40105.93028094488,52.41230667840068,-1.5100726904943296,97.70894808940618,43.009325494299226,286.6772313370641,1.173447007458341,10,42.980941179684876,43.007881419048026,43.014519290806305,43.00413169779214,-0.5563321300444845,-0.11246508673684741
40199.354763250194,52.41230975468148,-1.5100895037166893,97.69095415397055,42.841161426149654,286.69630454277035,1.313797905627542,8,42.65686830355144,42.84668436354437,42.83235315043933,42.84996970185998,-0.5380258611610313,0.1907320570632066
40300.51208708252,52.4123128192871,-1.5101062447912474,97.67169813765128,42.65907824325147,286.7041569674177,0.9918458739221678,9,42.22776680986232,42.787546406803074,42.6554518826725,42.66270460383044,-0.4150623060539204,0.07852424647309679
40398.30413425622,52.41231587448842,-1.5101229151910323,97.65330919649459,42.483052558338805,286.72241855409254,1.299164845221009,8,42.47070243231349,42.38823980069461,42.47461909975735,42.491486016920256,-0.43867554896585015,0.1826158667481487
40500.83035457608,52.412318916575565,-1.510139513096619,97.63427104386548,42.298505361763056,286.72331083098584,1.4636662146292343,11,42.15243494871909,41.85061676895793,42.2980932956947,42.29891742783141,-0.5210428899064413,0.008922768933283623
40599.96513108462,52.41232194827993,-1.5101560397738143,97.6160991012767,42.120062764047695,286.73723859407653,1.2414665880384663,8,42.13021692267143,41.93440864139754,42.11363072639132,42.12649480170406,-0.44711032694423264,0.13927763090680675
40699.84923372005,52.412324969912945,-1.5101724944907402,97.598026751418,41.94027137930391,286.7536181529756,1.608679884963934,13,41.94229031641443,41.76343533738429,41.932707067723676,41.94783569088414,-0.582832782408458,0.1637955889906982
40802.36559704269,52.41232797009361,-1.510188880829783,97.57972734949006,41.75574192532315,286.706852383355,1.7712909178295109,13,42.20915362957754,41.86811794757999,41.77733901807023,41.73414483257607,-0.47507567107108073,-0.46765769620565995
40902.52316474284,52.41233096326208,-1.5102051934930452,97.56209463118985,41.575458303462895,286.7410587154867,0.817066217076018,11,41.62409094861272,41.626630411802765,41.559661336288414,41.59125527063737,-0.6325737685537576,0.34206332131675893
41000.33838039924,52.4123339371746,-1.5102214403148229,97.54511031546522,41.399390915281366,286.7030132944468,1.6643203178708283,12,41.052846667065005,41.34190433530295,41.4169608279219,41.38182100264083,-0.48279125043247206,-0.3804542103991341
41096.18115518616,52.41233690855678,-1.5102376145735932,97.5286962982422,41.226873920664914,286.76027692345815,1.4756017235906567,11,41.31355109898479,41.350421719557616,41.20042876822055,41.25331907310928,-0.5556182818543373,0.5726362901143073
41203.049181056165,52.41233987210953,-1.5102537103813671,97.51066184680013,41.034511474098906,286.7954899669668,0.9923444179979268,10,41.277670296575195,41.160058756150555,41.01824959339574,41.05077335480207,-0.5459472631265878,0.3521304350857369
41302.2364115277,52.412342821830386,-1.5102697366218318,97.4941779035374,40.85597445925014,286.7899938631226,0.9270628073048731,12,41.087934804895895,40.81937731943365,40.8585126376108,40.853436280889476,-0.4012838382379967,-0.054961038441904926
41399.266356106935,52.41234575142168,-1.5102856980666037,97.47829100779381,40.68132055900752,286.74573721748334,0.8460770073771573,12,40.11085845664494,40.627970296496876,40.70175890287102,40.660882215144014,-0.44631386348535035,-0.4425664563929438
41500.86771216134,52.412348665145096,-1.5103015890869478,97.46191010481162,40.4984381181096,286.7297900123108,1.6031003924978977,8,40.40080764989344,40.69882527880724,40.505802762634026,40.49107347358517,-0.4458211567557259,-0.15947205172477535
41602.760003007395,52.41235156023282,-1.5103174108192434,97.44574542384845,40.31503199458669,286.6974909567077,1.7729283756312537,10,40.21837905541868,40.32676537523498,40.329948154529355,40.30011583464402,-0.48415911230310865,-0.32299055603068794
41697.497191205905,52.41235444399814,-1.5103331651736684,97.43095373061112,40.14450505582937,286.70299617783326,1.2739177994429283,10,39.994859034008634,40.18335298493163,40.14196266697951,40.14704744467924,-0.4979860467686686,0.05505221125418567
41798.25001143225,52.412357312715784,-1.5103488493502402,97.41547582329568,39.963149979421964,286.6908982042719,0.8704337496350003,11,40.35249240387437,40.25171042090868,39.968736994436924,39.957562964406996,-0.4338242612459827,-0.12097973561362341
41894.663438485986,52.412360172914525,-1.5103644634791074,97.40091017400412,39.78960581072523,286.71459050404064,0.9817547437458095,8,39.74907773756512,39.90282452363246,39.77866437215485,39.800547249295605,-0.5850232931982191,0.23692299768866892
42000.3279015068,52.41236301525381,-1.5103800050315563,97.38522445698631,39.599409777287775,286.6892809244648,1.554214814056093,11,39.83258918237433,39.62292988764469,39.611098098509146,39.5877214560664,-0.43215248315636257,-0.25309579575895014
42097.71411055351,52.41236583891078,-1.510395480780631,97.37102611813931,39.42411460100368,286.6522541908349,1.743768184555059,10,39.37060417701315,39.49196795475098,39.441214069414315,39.407015132593045,-0.3800171859609389,-0.3702673362987646
42196.47657476621,52.41236865160366,-1.5104108858785628,97.35688177780126,39.24634216542083,286.66303619896166,1.7885449101852797,9,39.412249469659585,39.109152896334926,39.2413628818251,39.25132144901656,-0.44738936664605355,0.10782008126767594
42297.495372890786,52.41237144382783,-1.51042622324638,97.34268101606877,39.064508328796585,286.61748574822377,1.174417297785675,9,39.52128148733502,39.14126779296546,39.085544170123285,39.043472487469884,-0.5471991061314856,-0.4555045073796823
42401.514138120445,52.41237422107263,-1.5104414878839392,97.32834191824253,38.877274551383195,286.60766243916805,1.5869915992033206,13,38.84546160672179,38.33883195247619,38.88181109421096,38.87273800855544,-0.4885771353246736,-0.0982330905559689
42503.27710944492,52.41237698116039,-1.5104566825902468,97.31459350623952,38.69410120299914,286.5824907066169,1.0294635844165962,9,38.82533389874663,38.8745970949564,38.70572586451806,38.68247654148022,-0.4370707809797023,-0.2517173255110381
42600.02467088386,52.41237972446741,-1.5104718110376154,97.3017805357454,38.51995559240905,286.55542689744425,1.1122566784216754,9,38.407046129056404,38.69755931219999,38.53245404162811,38.507457143189995,-0.4871232577475112,-0.27063809172727205
42701.96640444891,52.41238246162805,-1.5104868640408036,97.28855294323273,38.33646047199196,286.5986118160381,0.96298491468187,11,38.450249542243924,38.51771658003898,38.31651706681095,38.35640387717297,-0.46174997245499505,0.43184918593765337
42801.343804747856,52.41238519758132,-1.510501841142034,97.27592930991474,38.157581151453854,286.6711218510102,1.3238467239428426,10,38.1969342174128,38.15553993835678,38.124094993456374,38.19106730945134,-0.5383904195616195,0.7251003497219286
42898.4347292476,52.412387921214524,-1.5105167495439216,97.2638559222088,37.98281748735431,286.6724495011549,0.9192981653494587,9,38.18762048772101,38.00323951112983,37.98220435977101,37.98343061493762,-0.49867227253890173,0.013276501446075072
43003.1089565885,52.41239063020856,-1.510531584546711,97.2511285024192,37.794403878140706,286.66530382524013,1.4479075120366045,11,37.967357284799895,37.847286356941964,37.79770385217562,37.79110390410578,-0.474340437815501,-0.07145675914723915
43100.97243071047,52.41239332405233,-1.5105463516437116,97.23950160548293,37.61824962472115,286.6492489337197,1.5391692619830066,13,37.56392161312181,37.389537340603255,37.6256640003216,37.61083524912071,-0.6218066469906978,-0.16054891520417644
43203.306209464965,52.412396005231756,-1.5105610461744001,97.22762639004839,37.43404882296307,286.652612806908,0.8864427825307206,11,37.729622044300946,36.92541577133428,37.432495338826556,37.435602307099586,-0.4548684336379969,0.03363873188319215
43299.84013905873,52.41239867450177,-1.51057567223324,97.21669030147717,37.260287749694285,286.65605539765545,1.419909041114375,9,37.23273186303668,37.337779035816176,37.25869791267744,37.26187758671113,-0.41366798962864004,0.03442590747503218
43401.836071129714,52.412401334579776,-1.5105902242811757,97.20541725406522,37.07669507196651,286.6816153689613,1.0327611412573274,9,37.14451996565649,36.834894277853394,37.06489111630872,37.0884990276243,-0.546959023742104,0.2555997130577932
43497.04743670571,52.4124039813802,-1.5106047095470727,97.1951564027276,36.90531461392972,286.67524878411234,1.2639292420242325,13,36.88523431187759,37.06454737470848,36.908254792709634,36.9023744351498,-0.41323673407187383,-0.0636658484894712
43600.41804904862,52.41240662122116,-1.5106191186424818,97.18430414604886,36.71924751171248,286.7168653372786,0.8717815582240849,10,36.501721657443355,36.708146639234506,36.70002839983133,36.73846662359364,-0.49055941224463206,0.41616553166273357
43699.70787174045,52.41240924666124,-1.5106334583691876,97.17416357908007,36.54052583086719,286.70669854253424,0.9918558497623102,9,36.44119765197184,36.23411774045463,36.54522100023605,36.53583066149834,-0.45617977211311633,-0.10166794744308118
43802.283668894306,52.41241185862036,-1.5106477257440598,97.16397998754286,36.35588939599025,286.70528435499887,0.8526165175957199,11,36.834157032880974,36.30752728427916,36.356542487762525,36.35523630421798,-0.48606264541663946,-0.014141875353765957
43903.280399783514,52.4124144565347,-1.5106619222602817,97.15424470096055,36.17409528038968,286.6987743959821,0.9278290376693659,11,36.16112145192085,36.11833945203258,36.17710167138479,36.17108888939457,-0.510047177556591,-0.065099590168509
44003.353402015695,52.41241703923739,-1.510676049202316,97.14488475565338,35.993963876371744,286.68364689021223,1.3765655142337403,9,35.979487035499915,35.7817145237507,36.00094997213784,35.98697778060565,-0.534907112027929,-0.15127505769889996
44100.9255379264,52.412419599501916,-1.5106901120354925,97.1360340092717,35.81833403173248,286.61794000606733,1.7763118797050055,8,36.02461996528038,35.817833834391145,35.84867839861691,35.78798966484805,-0.45940066957963477,-0.657068841449174
44201.14237746454,52.41242214954818,-1.5107041027346773,97.127227212516,35.63794372056384,286.6359036753639,1.3953385879772222,10,35.71183596085666,35.85079663333273,35.62964784443424,35.64623959669344,-0.5524591020872776,0.17963669296650644
44299.213198046986,52.412424693954556,-1.5107180207032316,97.11888831710955,35.46141624351543,286.6830799307497,1.4167731620755317,8,35.539114474185745,35.321416358041795,35.43962958264589,35.48320290438496,-0.4575236928349825,0.4717625538575129
44400.13072152535,52.412427224381155,-1.5107318678415036,97.11059665800164,35.27976470125437,286.6766628191202,0.8223904874274063,9,35.38007240511788,35.24305891663247,35.28272821401495,35.27680118849379,-0.48508388055606155,-0.06417111629410654
44499.72271567221,52.41242974084545,-1.5107456451612036,97.1027023965619,35.10049911179003,286.66913238779466,1.437023693034022,11,35.50405575324586,34.9460092069086,35.10397677130648,35.09702145227358,-0.42857020096124926,-0.07530431325619269
44599.105421790366,52.41243224111256,-1.510759353919115,97.09511118679823,34.92161024077735,286.6460270008099,1.4248889893569439,10,34.94935005216727,35.14330218784063,34.93228063473675,34.910939846817946,-0.5590581710960512,-0.2310538698471515
44701.09846790416,52.41243472884987,-1.5107729903070972,97.08761891050732,34.73802275777251,286.65025903928176,1.660063325301664,13,34.83948663452366,34.883036443538906,34.73606834264947,34.73997717289556,-0.5219390603530519,0.04232038471920747
44799.69987659667,52.41243720221339,-1.5107865578396926,97.08066378742997,34.560540222125994,286.63874248254115,1.2071344679510165,11,34.30302460096838,34.62557926829071,34.56585873064356,34.555221713608425,-0.45846125000918314,-0.11516556740774922
44903.25183890743,52.41243966240766,-1.5108000521158491,97.07366503053535,34.37414668996663,286.6399271121513,1.1174230909784382,12,34.04076470883935,34.436275934756175,34.37359961128555,34.3746937686477,-0.5257198171336542,0.011846296102475402
