Time,Acc_X,Acc_Y,Acc_Z,Gyro_X,Gyro_Y,Gyro_Z,Mag_X,Mag_Y,Mag_Z,GPS_Lat,GPS_Long,GPS_Speed,GPS_Bearing
-0.17743414507028232,0.664453649793724,0.17636594079421608,-9.911723773440986,-0.008857276287215565,0.005550440149454058,-0.01730897023235326,17.357769327044615,-4.680867655259256,42.39726079207772,52.40999981984081,-1.5099932129928682,14.678882730075163,359.9607631718486
102.31362259177664,0.8378417191844141,-0.055062651139444585,-9.909521428212015,0.018755005592215372,-0.018737623772287965,-0.0011357548366734964,17.089825981127273,-5.308311882019589,43.15723350313128,52.41002490361141,-1.5099819664526055,14.850146890236996,359.95397063243297
202.9701652326402,0.7727319765073055,-0.07356597768914991,-10.007303316408834,0.003144937005051037,-0.0158108278908631,-0.004325445322220204,18.032797670854222,-4.767110386573125,41.85296702120853,52.41007125262527,-1.5100042812824248,15.375918169679167,359.9208128422513
299.57714637691936,0.4156655177387052,0.2639972175770704,-9.833108423968145,-0.007566618010064155,-0.0008021785359897214,0.008043691842603623,17.474164407835936,-5.582964511101716,41.84802546715318,52.41006659443328,-1.5100108714692286,14.825418318395155,359.95444424472623
397.3849542257883,0.43252139041748827,0.08788286520497042,-10.135570402691076,-0.007146922335834111,0.007746517258389437,-0.001091213669180541,17.96800991717388,-4.810189133329738,41.4206454686919,52.41007237991358,-1.5100484202435234,15.152569768430117,359.9635979710638
502.5264684938935,0.7776788520983737,-0.14469996044457253,-9.526299233947583,-0.002001409612263511,-0.016849314811909856,-0.004909851791288549,17.954771665853013,-5.711713266878311,42.34259439604637,52.41009046102601,-1.5100148678603393,15.373642936197339,359.93583088790564
600.510409027506,0.7532685995938468,-0.06018013061608389,-9.848389206735469,0.016344863616449344,-0.005306320855493866,0.004717329204626973,16.90715098255824,-5.390094774186389,42.771256171835866,52.41010881940009,-1.5099621400755117,15.59193451719472,359.9793199718961
697.3522430212488,0.6448202377765732,0.05261717116544935,-9.813514401544243,0.01998249530095239,-0.0014105806222309816,-0.013377213349797289,18.153745168760643,-5.581484368757616,41.93865859578658,52.41012461967448,-1.5099654364359296,15.555937423198387,359.9726609965638
800.9138703509832,0.8830827430863989,0.07963330790629226,-9.821024026012479,0.010865822759041884,0.008591567856608777,-0.004185257389029956,18.942496781859262,-4.717965334338572,40.8867883412699,52.41013075668003,-1.5099787371971718,15.44447342352912,359.9288416982495
897.3647122217009,0.7251730835702253,-0.20435338615057616,-9.51116854464755,-0.008919855980800993,-0.002378109471811517,0.01634356042583936,18.340677485504898,-5.266734682497758,42.816352260011314,52.4101289613357,-1.5099910550021043,15.809604621629553,359.9723077378687
998.4358484861276,0.26948640643503147,0.15046806143349037,-9.93384640250323,-0.012174151196867869,0.003916581424102435,-0.00035596165569557955,17.918023374485415,-5.207230682947566,41.8283517503103,52.41014165993409,-1.509975070203125,15.599060259583972,359.9806635091421
1100.6680468454413,0.6196334987508326,0.18430602963714127,-9.493945455415652,-0.0012184642650848372,0.028642611395948574,-0.004062460604798788,17.533025827412867,-5.579907838797264,41.589502813335486,52.410153029820464,-1.5099801725921078,15.741771460252126,0.025946438342884903
1200.4016092232505,0.4423137096302401,-0.06979739351773384,-9.825532740064398,-0.009922676103835449,0.0035462840228312163,-0.012179374522258509,17.43703660298199,-5.329330800583307,42.62779425902958,52.41016641891195,-1.510047217598531,15.946438086268243,359.9620271997738
1299.5130182702887,0.3407839407002675,-0.03241105462161631,-9.661980890170112,-0.016201751746762385,0.004569850475624734,-0.01866677638446708,18.22424637512752,-5.3861423222045115,42.180944812993594,52.41016848786998,-1.5100058168687251,15.75318017514257,359.9169487856921
1398.5827687797298,0.5531085737183923,0.0037614524524760273,-9.659753207664725,-0.020083224123509873,-0.0032127532091867344,-0.0158672593770633,19.018639097700625,-4.79681404663505,42.24151509922522,52.41020040912742,-1.50999546656323,15.994217794333244,359.8723785265535
1502.4207296573848,0.6205136766565581,-0.21522108214395758,-9.72552641169936,0.009540213236003724,-0.020515809205320746,0.006619026571721768,17.919982847165084,-5.661274401595009,40.94399176048833,52.41020639970577,-1.5100075848630634,16.171211991032887,359.8592145060931
1600.145773437293,0.5436615977633357,0.22205358043802892,-10.112316462721331,-0.00409404568808185,-0.01616917972956148,-0.0020371936491052306,18.251390294218027,-4.458368121278049,41.56165039108784,52.41025116020972,-1.5100274894861527,15.953744561471286,359.87161569696195
1703.713571965106,0.5686447571777599,-0.17765776330760027,-10.058038706077069,0.011908396555840521,0.0036218447540777533,-0.0024595342738720546,17.642492645984785,-4.6457932139015305,42.60391173448255,52.41028011689802,-1.509973568411202,16.07467903826483,359.83026171114227
1800.808523674857,0.5820420110070514,0.01114841005135861,-10.191987810635421,-0.00024008544809855378,-0.0002467846752089646,-0.014841523450044825,18.370667460333685,-4.842004389590486,41.74404125222469,52.410238593557594,-1.5100196020351682,16.297649349177025,359.8438513919695
1900.4731286355889,0.29280401007708623,-0.1342774038655533,-10.079423864164921,0.01531441286369571,-0.0015806774185940634,-0.00948508876955438,17.243348455339383,-4.213046268895555,41.85354036630706,52.41025612976942,-1.5100154832614903,16.470803268621655,359.8501319510536
2001.8770811627426,0.27098486501718955,-0.08516967568946476,-9.618955216684775,0.00011344654041317012,-0.0016633813201798167,0.0033919458785370976,18.567879451479687,-5.659628927062816,42.73939805515099,52.4102673844448,-1.509996653645692,16.042091816695052,359.8635995526461
2096.851730985904,0.3869864402505238,-0.07280624428154582,-9.644552321643932,0.008870909917204716,-0.016978417813059508,-0.0032202399491365855,17.89725660043098,-5.240593127227225,41.51443799032588,52.4103221979432,-1.5099757020156241,15.996402947444464,359.8521410736369
2202.1520999828253,0.3205341159334819,-0.003368107850551305,-9.428893642336506,-0.003982273507917541,-0.0035962013901718144,-0.02300214931093805,19.415594746276522,-4.795141048024949,42.40003721442523,52.410305889240846,-1.5099916415236607,16.054788513587415,359.87268544845625
2295.855117914005,0.3804645834526039,0.04600005467879832,-9.604173013858817,0.005071899527099253,-0.009115924174474939,-0.011021940471550539,17.457477994359042,-5.082069018165107,42.29923339639609,52.41032967933419,-1.5099999544986547,16.36581468699986,359.8490188889006
2402.1342523789003,0.13386517444902496,0.09791736345364412,-9.617135102880262,0.013747921975743775,0.003136352178738108,0.014440482764578398,18.00373737544595,-5.3479132837117715,42.58125487128531,52.41035027441599,-1.5100290972422077,16.452305468193448,359.89623713780884
2498.356546692199,0.1722574051073666,-0.09391284129959959,-9.643946287139634,0.010269530814015515,0.0014527705005518321,-0.0016153781998371978,18.115070655574897,-4.918198745924426,42.320310354741565,52.41035758762439,-1.5100017397272913,16.363119569327452,359.9299537014539
2597.9016634045015,-0.018538562034921463,-0.25183187955921504,-9.74089413646662,0.011339776248554818,-0.007741748951969659,-0.008462672522084188,18.5101574875856,-4.973684941079563,42.335753065233526,52.410385200779466,-1.5099997786407442,16.728630539765003,359.9011097158896
2701.0579197446573,0.33603332712888156,-0.1279724194186244,-9.77910472212609,0.016996328275394875,-0.0009772328907292553,-0.002051136767420129,18.51545007019916,-4.898744061520136,42.904833606033314,52.41042450663352,-1.5099859350077962,16.417025242364996,359.8712912770427
2800.619894428176,0.09713816955067223,-0.013225504717449531,-9.655734803957872,-0.0066549929538793065,0.0036900756875057716,-0.019566054177741425,18.060786686737487,-5.29166719645918,42.522762451756186,52.41041373006387,-1.5099946586019162,16.484695279937068,359.8747561916565
2899.5068061707548,-0.08261793430907645,0.09887383187725197,-10.170549809412655,-0.007274975179315889,-0.009650183443823335,-0.007048782947675684,17.827116216396355,-5.3987315100106334,42.13249706593092,52.41044335044497,-1.5100083293414879,16.334465211699037,359.8683396627366
2997.169768912793,-0.1153842531937303,-0.07116314690381692,-9.862878623976398,-0.007379802442432574,0.004639375030639629,0.0050971723560609365,18.56147385928805,-4.121067197726506,42.22961019790284,52.4104594920163,-1.510036798676603,16.58389578153085,359.91217941520756
3097.2423142412326,0.023707200897109808,-0.2744807674106892,-9.750210652297767,0.01858052272121916,-0.005174588948550013,-0.009444281272051245,17.67304066838001,-4.303449301203836,41.74022971099385,52.41044500180285,-1.5100026051569908,16.499802594392172,359.8747770409756
3202.83998164038,-0.08257303345960564,-0.1290156582937393,-9.951853218069024,0.017491432414431955,0.012403123863315785,-0.0016636174260259299,19.084193725605047,-4.999179623683242,42.37911744732476,52.41048481767366,-1.5100394274898152,16.571457804138447,359.8685356627241
3297.00191385636,-0.3620387138321803,-0.16892886025311596,-9.790792431618204,-0.0015477096107470313,0.009240534850166892,0.007540768745908613,17.23922936457719,-5.854707965958408,41.34608642441711,52.41052601077863,-1.5100281273576923,16.344796021192714,359.9031385183216
3402.0539989526883,-0.03103118085595833,0.000912953794152141,-9.89306965871256,-0.003402636754614676,-0.012792984798711006,0.00028321170146523747,18.213460679093846,-5.3372484279730745,41.19392997073547,52.41054079234593,-1.5100234245642683,16.775271677339255,359.9076822501536
3501.767835396724,-0.08909020678467715,-0.15699530754863705,-10.232964451857523,0.013676580819041127,-0.0027203545418811787,-0.021797688294606814,17.776275126635113,-4.601080588513485,42.429742416984574,52.410489928788074,-1.510020813051122,16.57031978994833,359.88573627030013
3603.2847944570703,0.17697595755768983,-0.012197332515857022,-9.818744830054618,0.0021489370025354923,-0.0028719162322667154,0.013434061133200014,18.029319270903144,-5.29609117091877,42.08179197503085,52.410553477600274,-1.5099766487537098,16.581239416825692,359.86321247876015
3698.087131418991,-0.08655191846730817,-0.08044285589928613,-10.302538908505465,0.015561684674359557,-0.021174097286643784,-0.019753131514593267,18.138815899501964,-4.546447839921543,42.656007855755966,52.410536349811395,-1.5100153865322876,16.45605644834174,359.87303451365904
3800.572695314395,-0.3310398508567527,-0.05292303121550308,-9.309152340814403,-0.013913944065142719,0.0017378597801681974,0.005820453108708285,17.600417337029494,-5.020531581852359,41.327605970785136,52.410543706885306,-1.5099692188887568,16.791827501701512,359.8755355786173
3900.9626583304894,-0.23506829817887356,0.024545030509543136,-9.497386277973607,-0.005124908986954815,-0.007533117220269032,0.001996435793562261,18.825848365180875,-5.323166467229132,41.37252419037371,52.410591590249894,-1.5100216333413992,16.60971291226522,359.86919526920207
3998.5522783957335,-0.15252089903067442,-0.11048748264345809,-9.75566143778785,0.006908766494498562,-0.0016615384965052269,0.0030837260336518896,18.851132356566506,-4.6329077041358815,42.4799059199328,52.410557964546875,-1.5100116348512316,16.25321738981399,359.8837025126166
4101.477704846524,-0.6956945091289898,0.19752954701983239,-10.292064054981672,0.009164253853442978,0.011526116625051786,0.006509764662126254,17.047014113168558,-4.430590700172423,41.88878511729465,52.4105933953641,-1.510006176486545,16.555917749913167,359.9155835276601
4199.736296280433,-0.22091069816708647,-0.2616073079992689,-9.768209366635219,-0.0055840545975324694,-0.00014268213368230236,-0.01756397332566036,17.76607142138694,-4.625275101910903,43.121640200381755,52.41065731509705,-1.5100326194894695,16.159532934419925,359.87853116936765
4301.386834606756,-0.34183907545555225,0.03040784672122125,-10.131098130076682,0.0007975482818057663,0.00254985269434419,0.0050689106292632225,18.20195390503717,-4.856011819492047,42.10615406248527,52.410624282910725,-1.5100306215412083,16.083435117129287,359.9106950384058
4396.94233180117,-0.4738168752187162,0.24423632252350186,-9.834644901201301,-0.013870244833894407,-0.015967137311433947,0.0024044486088607275,17.20427085717008,-4.129210102934266,42.27173426512562,52.410635053020066,-1.5100166736947949,16.40266563443094,359.9074532110294
4501.89707756143,-0.514800710186254,-0.21462797332098082,-9.382929282500497,-0.02213858383660959,-0.0017581130694901837,-0.012586844750383228,18.061539875763536,-4.6773707867646,41.58378812515751,52.4107109142656,-1.5099750377706667,16.128868360229035,359.87481777162645
4601.699599264315,-0.22103630727315304,0.48295636784983564,-10.041742447752506,-0.014456519518409386,-0.006644946329641094,-0.006047007495204052,18.244019239567606,-5.119457077803298,41.120430556805985,52.41063518106652,-1.5100106254834675,16.193360710594742,359.9064514628185
4698.545470645854,-0.5319856063706228,-0.055163888531251946,-10.17475379307244,0.011864977100364847,0.003912650943358893,-0.006094768803338944,17.546773817280755,-4.891040262084486,42.29871234362414,52.41068676633797,-1.5099975379739508,16.095177935987685,359.8775088266937
4799.695486571292,-0.4925192683793055,-0.030994304366226934,-9.816897677814199,0.0047301701670830944,0.020258870230958518,-0.014493977098278613,18.218625627290546,-5.865744403430139,42.4484089834719,52.41070302083551,-1.5100222520158935,16.23549527352606,359.85863799583785
4900.257162395844,-0.4995915036078168,0.15245998818225667,-9.93564931963333,-0.017954606932823233,-0.0002258468932904529,0.0013980651112970718,17.69230493314853,-4.785329424312607,41.88924664487347,52.41072112515221,-1.5099954426681799,15.94196173446805,359.8987264119556
5001.910654304902,-0.6609055254455201,0.013499833606503295,-9.99152120533551,0.013821398629563138,-0.01874816995097225,-0.006989823030447398,17.83756295164976,-4.917831414146812,42.1024600809298,52.410739094160924,-1.5100108340008662,16.104821640973917,359.8872093595882
5101.83429169751,-0.7374391055460414,0.10803164698186112,-9.716038616976267,-0.024221986192507254,-0.004438076583003737,0.0030056551971776903,17.725853383401066,-4.884450049642175,42.50142222480028,52.4107536461408,-1.5100324546104844,15.791051172378733,359.92481551447554
5199.3983184282015,-0.34566640389974945,0.06614487824727264,-9.596636661760687,0.004025742446448164,0.009453397412791319,0.014042388427746431,18.18719639593439,-5.180668448477006,41.865132231035254,52.410716996525686,-1.5099970287156559,15.876575024636752,359.933565048095
5301.722672688688,-0.7654149634392593,0.2059384215398294,-9.761659543306207,0.006653237269885604,0.01553147642185921,0.009169903266792559,17.461634507517694,-5.424435565447595,41.57696761215776,52.4107647526942,-1.5099936429911058,15.421289594165346,359.948465249959
5398.43654637095,-0.9126344886457081,0.27385736229051416,-9.599483007816232,-0.0206709837040157,-0.0014467391378017347,-0.013798580663537428,18.665684420216582,-4.894647551773907,42.76272502890837,52.410800940803924,-1.5100392307504868,15.639386006872552,359.9724701192946
5504.763834696783,-0.6117219808474286,-0.14808226895770432,-9.80306404078641,-0.006465752760506102,-0.006179714813286128,-0.0014940798772646452,17.541235774951197,-4.89534122120808,42.09349108785984,52.41082890738166,-1.5099856887391918,15.331203555040094,359.9471523976106
5598.9302172076195,-0.45779473190562636,0.031502715062329156,-9.511391795030514,0.009346016546972084,-0.0023720290348200686,0.010689613149480692,18.411110405828875,-4.474898484689196,42.41023575305922,52.41088503354648,-1.5100059143507458,15.785805809672627,359.97740498240745
5696.268783756302,-0.8837412947973239,-0.36686432551543696,-9.538843855175534,0.0022410254590826276,0.00017731778639218943,0.017072924684186752,18.35421882685539,-4.794565842654885,41.48155798098864,52.410809179579175,-1.509988350198435,15.576184530972204,359.99560523254155
5802.524265318538,-0.8854404516778794,0.29434224311804,-9.848629254532357,0.006099176525866505,0.011111479447250272,-0.010513039309812004,17.518713032349577,-4.306681376440497,42.61171736130182,52.410846219823625,-1.510032348916788,15.084951877879735,0.0067114316553329445
5902.142104521447,-0.7625223056459988,0.22733532257045422,-9.801185584662722,0.00408817370484648,0.004611336295413002,0.016179060519365657,18.134806598441262,-4.802309723476297,41.9120881327515,52.41086624218844,-1.5099746788946458,15.233826261414862,0.06596025815099438
6001.923397220611,-0.8014631249485769,0.2615055303531064,-9.822468191029436,-0.005509246865162258,-0.003678941169136234,-0.004488856300613615,18.044639117081417,-5.3109713493846895,42.480727625083,52.41088663291573,-1.5100206438197405,15.286618657917181,0.11844452266547023
6100.608562310399,-0.5695821895314896,0.23035057626232525,-9.698260292331417,-0.0004998569253370915,-0.006393698546882811,0.0020143429917388357,18.535421801708228,-5.300831290630979,41.767183070102924,52.41087226266844,-1.5100131682631845,15.21920633788837,0.1849035110335535
6199.395797490831,-0.6825239766038488,-0.21355216146417116,-9.742601093390128,-0.002739594137824269,-0.012599777123074076,-0.018203076154097456,18.30112922314434,-5.3849967894240915,42.40679771124452,52.41090185456797,-1.509967883400354,15.047354559583065,0.15551977887895418
6298.908509999037,-0.6442396540731612,0.14646601069055953,-9.84453726425931,0.004179376978656335,0.0023490670528292625,-0.0077336049643196535,17.84257723729341,-4.965101266230486,41.72016315648043,52.410897680210276,-1.5100255342683653,15.0739458190485,0.11041154812022569
6399.909424118394,-0.8665632441096089,-0.051668793375922464,-9.645250665381118,-1.8850346891671272e-05,0.0013052720925136178,-0.005536723928066376,17.899220493111194,-5.790179377429176,41.77261579732341,52.41092378350746,-1.509992224366377,15.01114312769003,0.0923749832128351
6500.360529614981,-0.9067384708894741,0.2890134872239293,-9.674978989193976,-0.013127702840663646,-0.008869629089850345,0.00500073245672316,18.928156218716275,-5.462293100824035,42.04834171942616,52.410943749450375,-1.5100048937441781,14.906400483622194,0.13263485336915437
6599.325444350839,-0.848459240680881,-0.12584782436233116,-9.905533826215635,-0.0005708989163104025,-0.004839021945503962,-0.008925179329406506,18.352506830507867,-5.32742419738251,42.169506364728946,52.410964419859184,-1.5100004827755484,14.60550572146866,0.12322127576607045
6701.716281726222,-0.7296856188843049,-0.12062321134287472,-9.828300340610243,-0.00056384918713312,-0.010585126931260867,-0.0024211722029253008,17.902149787686714,-4.870522639618928,41.66575733691467,52.41096486636428,-1.510007034594011,14.409753301042096,0.11905977912607568
6799.002828491791,-0.6724188758638404,0.16087911505722072,-9.978208726842174,-0.02111084937421552,-0.0042765947384839405,0.01212798678692709,18.25040026130627,-5.836681973315838,42.270664299444384,52.4109550356978,-1.5099775691652428,14.58704832141029,0.11456947475602419
6899.758551460368,-0.5593814513229125,-0.015367930972541934,-9.534559066881656,-0.00024305299030765638,0.002801052110248444,-0.0028362672539764522,18.049094400442584,-5.695410831902464,42.068160048908304,52.411004400356525,-1.5099951387735064,14.56844608410038,0.10198310692146606
6999.229567995754,-1.0419471799734676,0.16762743963493704,-9.655894413707207,0.009571133533014765,0.011320774030315008,-0.006705758666675099,17.832971578048394,-4.812463669158195,41.52977881667243,52.41100837886796,-1.5100113012359433,14.32853269937871,0.12543250012970475
7099.239276776639,-0.6062590946534627,-0.09954820801866823,-9.376301316473493,0.012732739794167985,0.017941734401995875,0.0027238366229359497,17.966881542756674,-6.491627987718624,42.09973947731323,52.411019961375935,-1.510012851117735,14.430457494738224,0.11322286331352416
7203.2715319557665,-0.43675220581928076,0.44584435152728186,-9.894950308021313,-0.010212937875346662,0.0031267834451198886,0.012210787473824421,17.828983732530986,-5.088179268865984,42.00761576106205,52.41101805461134,-1.5100061768536803,14.486518492212786,0.14712114811311494
7297.458685148848,-0.6504865146699765,0.08000492377641852,-9.605052213122242,0.006960853878133166,0.003113900816240735,0.001617705352122595,17.638553025385345,-5.0998358371235915,42.51140288661174,52.41103854983641,-1.509982759148294,14.194208278042687,0.17048196428612528
7405.974741087245,-0.5641318091435804,-0.024949567582001255,-9.54955999657615,0.00256380730183343,-0.01129824176732692,-0.022343509174217138,17.87163024060639,-4.608024797975801,41.811653175119105,52.411041470315524,-1.5100000893113352,14.553586097567822,0.1778170530620855
7499.3672522331535,-0.6318714140585,-0.11040998224667828,-9.958656268665228,-0.0024575850634108664,-0.007852766695477824,-0.020252984106477606,17.7606213068289,-4.585623391048747,41.983701452704075,52.41107057954687,-1.5099676979437109,14.026671990613377,0.15074543780895056
7599.949318586101,-0.7172158783301952,-0.0776452169869743,-9.684345918734904,0.007838831407146868,-0.026412022816836547,-0.009261975746179067,18.64756528202457,-4.594854297216926,41.718664416990784,52.41107885191835,-1.5100156014506414,14.135885537486244,0.13357098512722132
7706.245838999067,-0.6808559825633799,0.23944781588674963,-9.609994095983076,-0.010239619135468782,-0.006026307678416323,-0.011092451212162428,17.121166835449873,-5.687647221790881,42.53891839733031,52.41111198375094,-1.5099858210351116,14.273372921647043,0.13866069090926203
7797.345408489429,-0.5269322896696396,0.099981468452296,-10.050360214438989,0.0008041610086261836,0.0031016848985674383,0.020618921039760048,17.52066984706778,-6.261419105802597,41.49133664801723,52.41107940688991,-1.510019920697594,14.106980633592437,0.20816651208798476
7899.971786345059,-0.6408050949587178,-0.0819808018612094,-9.779250494973978,-0.0006851361629261462,-0.010860423541890063,0.0021049570836483337,18.54470950999736,-5.377352275427058,42.55660254378391,52.41112472422272,-1.5100004775171365,13.793282042258252,0.1912173908909267
8000.082102689423,-0.5087889183086791,-0.10076627652342375,-10.153283140521076,0.0018835758255576283,0.004716259250040136,-0.008698840449002364,16.995746459964177,-4.834210649013077,42.08032212874844,52.411189660338316,-1.5100217104013425,13.992405377952252,0.1652639127256066
8102.667421375349,-0.5787199564763661,0.11472734467014184,-9.77657457041431,-0.014503530831846363,0.014356634091506662,0.004808963807840049,18.440283286950503,-4.445296919466434,41.5042247572337,52.41116575950226,-1.5100174322540163,13.775235173307365,0.17298799782071228
8197.626476334191,-0.44346571011142727,0.0671462372882857,-9.746652329842671,-0.005500821666797052,0.02401403667023399,0.011375723989697089,18.861349541506346,-5.162421689842637,41.96863330528279,52.41118625828678,-1.5100120607308758,13.4764795306058,0.1675196614501715
8300.382689704948,-0.28159107161758307,0.04179891913069706,-10.064174926638648,-0.01246163669425055,-0.009084268370084646,0.011368638566193471,17.999434911100334,-4.276757221219809,42.0472504446709,52.41114458886838,-1.510005930489075,13.43169440619747,0.18747499265708711
8398.099233975689,-0.31115687475038983,0.0673432559679633,-9.691354005246188,-0.007221602807168304,0.013468658347555038,0.017265996979283382,18.321015858515963,-5.685025060768777,42.36271395697875,52.411163804368485,-1.5100235786052238,13.48496935672266,0.22853310587777287
8496.41939707506,-0.3110478536146176,-0.18286087829582368,-10.125117953118805,0.007308125735083596,-0.005016519963737705,-0.02006172788552949,18.06176774766702,-4.792262623730745,42.478129510947426,52.411171190562136,-1.5100447976380031,13.497460110723647,0.19955486640668596
8596.17775999066,-0.5783507584481848,0.2221857384096497,-9.991921376609445,0.00207442626587654,-0.0021875568029023863,0.00210488574038549,16.834540489877146,-4.672886360073567,41.27884976410663,52.41118511539556,-1.5099756183343462,13.666352747106453,0.21571442596064117
8702.7421375739,-0.6343097991519902,0.11901620800085289,-9.924164813048572,-0.01814114269274431,-0.01305220016145877,0.019210327869766404,18.755492993118857,-5.105786847389185,42.42917124835767,52.411260373385495,-1.51001313586416,13.644012755602093,0.23892093593042318
8801.62272881092,-0.2770133618567101,-0.01261365399033644,-9.776192305401697,0.003477640492083768,0.026291017858414638,0.009969638576214218,17.630367059696617,-6.145938481663076,42.82053210528564,52.41123957616844,-1.5099925749465601,13.596565906807285,0.26453501722534156
8901.059193645622,-0.3153959243517225,-0.2508280066409993,-9.665087308491865,-0.004041569751088389,0.004178384468184317,-0.006158409625469948,17.668826145058187,-5.603349838610023,41.6315168849345,52.411268224646015,-1.509997325634703,13.866568351724885,0.2750638560003722
9000.56399900906,-0.20517985974594566,0.0058691784043084505,-9.764637358479938,-0.005406397736539411,-0.010423597851352814,-0.02861171341984297,18.73774386272082,-4.901313017702235,42.0332853694413,52.411237125123016,-1.5100262367437434,13.576327470079375,0.261907925659159
9100.022727748034,-0.1498723562216484,0.031679217487157504,-9.846720348885567,-0.022834837986405503,0.009516011125569525,0.014549462187490933,17.740648045568058,-5.318190010665296,41.657139551879204,52.411265434729046,-1.509966711839882,13.637946300339,0.28381377375660577
9200.187626755036,-0.30827266967965783,0.053725870842706816,-9.973725630720503,0.004087715040496821,-0.00768556178245665,-0.00010000470163874705,18.296283004537386,-5.392985044773305,41.62207171741994,52.41129452750897,-1.5099790767930175,13.204478558126706,0.28638893432025725
9302.578008213435,-0.026964773393768987,0.13112137149605016,-9.860074256043726,-0.004182268717045035,0.0006881235671342853,0.004626139415845482,18.37694542269814,-5.028590194763725,42.856107462746756,52.41131588237317,-1.5099778321538544,13.113545890801195,0.313627581423475
9400.804785618897,0.023337930009338134,0.031905052133716486,-9.835223153692455,0.01441916130473315,-0.011867499030933782,-0.014032812027363381,17.71321982375765,-5.845962990350665,42.0311445138703,52.41127812418906,-1.5100188730038173,13.34658993532873,0.2851076226889404
9500.894691245465,0.18490717650636224,0.00193098609455159,-9.844853793613021,0.011229391213591624,-0.001914728963160401,-0.005651680167509377,17.726278665699144,-3.6362755224367724,42.36265274461975,52.411311555216365,-1.5099960891506363,13.159374751495891,0.2868598629465282
9600.005422527529,0.04154534546388465,-0.3712587573535817,-9.831149274143662,-0.004866432102565395,-0.011028535922189293,-0.019953417042051412,16.978951019262635,-5.459153995330319,41.82366505787435,52.411340151037145,-1.5099905577194424,13.289834884811246,0.24947399958125516
9702.934303481907,-0.03247942608511392,-0.05242522802341676,-9.57383832947101,0.0083732666870143,0.003817598612497542,-0.01573165245848788,17.38255445751831,-5.302792477149538,41.97972709634319,52.41134610774256,-1.5100019709842274,13.422934983054697,0.2273528833745786
9799.08320087862,0.009558717261510238,0.24448682823335807,-9.55016986914479,0.005025102333253086,0.023720501234916865,0.017077159477113402,18.13130477132047,-4.966542832305434,41.973280635926734,52.41131848938094,-1.5100000086045664,13.382092610689769,0.29223368302689323
9902.89342075958,-0.08040579742098558,-0.010534296974295837,-10.01354034000903,0.013630851931278543,0.009137126601724718,0.02712693396303286,18.460260649368152,-4.895248119805983,41.91990290917438,52.411379458508385,-1.5099854689138854,13.524867830265517,0.34865980368152805
10000.01253019447,0.19532734711762173,-0.203282622705106,-9.454583143841537,0.0009191172532049401,-0.008258695022089124,-0.0077620242032473055,17.78662210211869,-4.182424548076193,41.3425191902038,52.41135512104,-1.5099918753965669,13.487815494795125,0.36289320856434415
10101.63100328877,0.19311493022497236,-0.09238195841107398,-9.479910430843384,0.017732593783202626,-0.010362970928705193,-0.0047268142137586065,18.506643085932694,-4.8887152310666036,41.65845699686065,52.411364938388985,-1.5099745319124038,13.364318188224937,0.33670486531570987
10196.710952497086,0.17701936558273784,-0.04933842849136537,-9.919069047901063,0.005342257973021447,-0.004908914446729481,-0.0022366116788914985,17.803329754628315,-5.689780905229199,41.7349372313535,52.41140569144006,-1.5099877064722615,13.80928358908738,0.32607804744952773
10300.553315434405,0.06715223816038807,0.056968764811598904,-9.56569907553036,0.012699797088452544,-0.0016892651130007033,0.009963529008525472,17.910032255924445,-5.067166976361547,41.53745072569162,52.41145664224891,-1.5099907569029898,13.477897509026947,0.3828337864226796
10400.107903035374,0.6984599860308167,0.4521660811320568,-9.6513323590272,-0.006526930292091361,-0.005375722769940257,0.024142170443670653,18.74198688784139,-5.881445647819351,42.355143230167506,52.4114408720338,-1.5099898508011358,13.801590372500758,0.4341645280088642
10500.245863558475,0.3427912018543431,0.13784677382864985,-9.718244524459324,-0.011375898840801254,0.0005586358502451065,0.01608257268172362,18.89040743587196,-4.3890659548399436,42.02180487634519,52.41138594693775,-1.5099999132985855,13.24276534761587,0.4315276885907906
10598.63658753344,0.7598988787668433,0.04056681522737833,-9.857934181820227,-0.02027037769678731,-0.012205619317679174,0.028719869299090327,18.032347496005425,-4.505792900203239,41.45865899718355,52.411431194989426,-1.5099828144636032,13.893994789125104,0.4647941505668314
10698.408294535533,0.3351451676559029,-0.10606955524806787,-10.256781017997117,0.003586216873521798,0.012759801439781582,-0.0032444920284539344,16.760610185104678,-5.21755092096843,41.71414110650112,52.41149069183647,-1.5099872190156314,13.93617965645791,0.47315246455059423
10800.643989652961,0.38217964347348654,0.07887913633542071,-10.051941109905401,0.009533858596502784,-0.013096164111706426,-0.004242985786395337,18.19814886062388,-4.479031017627404,42.18326401093397,52.41147271848887,-1.509991872452865,13.589323024384937,0.4586878109313375
10901.114982006484,0.5540826650290672,0.25217075733946004,-9.4204776772669,0.008265891152089165,0.014885588782238673,-0.01163016915429937,17.750659597349628,-4.758287440850683,41.89763902473877,52.41149861777275,-1.5100045253695584,14.003647963825395,0.47417061131892524
11000.35524487628,0.24674618752737043,0.21285227908524415,-9.476020786011228,-0.011085248244707985,0.001749582620835591,0.016128717102663576,17.789981735526837,-6.049482260936218,41.14712356364577,52.411475407934965,-1.5099999823376595,13.977357945831223,0.5168557247044419
11100.735436871286,0.722409839273625,0.04202931374906323,-9.735398226542666,-0.016810970628441776,0.021643941678769433,0.02671594692242357,17.83197117198041,-4.501048814071278,42.608063313254604,52.41152676825651,-1.5099799021651066,13.901659065919212,0.5425594248787888
11200.004913119163,0.3441588342615013,0.10183600595710393,-9.807541033123476,0.01187646633240086,0.004863812327136321,0.013433108538053257,18.384648684833135,-4.934562617380135,40.89786978288979,52.411513939268715,-1.5100016653948676,14.319383522824129,0.5850983621372166
11300.298487268486,0.989945934302521,0.06037622606146259,-9.543559606262628,-0.014063886224633426,0.00016235362635368917,0.005507470933761164,17.893183348180482,-4.55428904939573,41.96414868877936,52.41153236061444,-1.5099815076222238,14.113044466988551,0.6094879899386569
11401.247961979128,0.7938549312548144,-0.08219369387404721,-9.420185096282648,0.00514472681281215,-0.0028918678539134003,-0.0003736805835252055,18.511515137047834,-5.28646691592883,41.41357148980382,52.41154959825321,-1.5099983379251614,14.03052961377461,0.6225099016918989
11502.382636711685,0.6920206975832461,0.2531247454753656,-9.755788931309523,-7.298269117110374e-05,0.015445540842381493,0.011385957170139922,17.963283541371737,-5.030880377731148,41.54137720369482,52.41160784339938,-1.510024081001702,14.211799512771096,0.67076692188067
11599.345525416416,0.45606972336262463,0.13435701235449957,-9.777294104129506,0.0020507702863239888,-0.004322026594584803,0.017816885332868182,18.170780956127732,-5.686267879659243,42.20110372615797,52.411603470492985,-1.5100129149119912,14.577881319291647,0.7271900222477825
11696.237800529245,0.6518786646279624,-0.16634682690650637,-9.660261401331438,0.005346210022175596,0.0015349604529505429,-0.003594629081577193,18.037345354797395,-5.583918874007904,41.5496197724728,52.411561899972114,-1.5100124886041457,14.685171826055386,0.7319785258691809
11798.0150657141,0.6689699356847225,0.014845430367671015,-9.900148663484488,0.014521143674719785,0.0025657407602438006,0.0029163692717063096,17.199062999617116,-4.470340924268856,42.1651990316257,52.41160535219437,-1.5100059970515989,14.091430567314864,0.7327485072402169
11902.055846135298,0.8399569482278338,-0.3891952398380923,-10.137659287604961,-0.0038387820623207052,0.011973883209189,-0.014594937331995728,18.762935883255633,-4.241510858868284,42.323793498487866,52.41160353785692,-1.5100097508548231,14.514913586349985,0.7085656930020718
12002.234166588552,0.5314832757612589,0.0701067141676675,-9.637007968484657,0.02344998304677032,0.007958649798340245,0.01483452576028705,18.673167175668187,-5.349057255362165,42.25039774651711,52.41163672261963,-1.5099661128206567,14.293153929751208,0.6896278911129343
12098.317697837068,0.4720683699639107,0.07164186691717589,-9.742475827282012,-0.009013315818399169,0.005862386685463366,-0.005405601870905417,18.56836611301345,-5.124516099449873,41.991468959353966,52.41164477678402,-1.5100301603048394,14.981533120467335,0.6794767954305598
12201.345681938083,1.0182174274142266,0.12192079266075515,-9.695020228642415,-0.0035978291352616264,0.005562201591882735,0.005955851321782692,17.909816990572786,-4.181769448286565,42.677497710807536,52.411685569917694,-1.509999813288056,14.803148217883948,0.687415050358311
12298.423642534242,0.5379116276650742,0.12536890371551274,-9.777386075412107,0.008501156961355824,-0.008042087595683811,0.013815425296465015,18.194797758030997,-5.46666371318878,42.694350964286244,52.41167544428144,-1.5100231655190983,14.959345331721757,0.7421418409459761
12401.336777465587,0.501544604235893,0.2867236953423058,-9.704120246513424,-0.018346676033510208,-0.007590112702968757,0.00550724034036734,17.75025188845638,-5.081472223042399,42.07659460023689,52.41170044341713,-1.5099764669880305,14.888023499802257,0.7577223197001786
12498.709598805968,0.367383131273059,-0.2307920305830004,-9.471985462501756,-0.003959343077884552,-0.010540233811622286,-0.010970367876878736,17.45556049770583,-5.008982299041187,42.34731212873433,52.41170203644964,-1.5100032323796058,14.902110200883232,0.7558316867458075
12603.399015977187,0.9705625389420345,-0.20026233673800087,-9.564091471047037,-0.01911138382130847,-0.004302026339745499,-0.00840358269794152,17.90061718231353,-4.910659886546874,42.24139428085212,52.41173515181341,-1.5099986367630853,14.62133893256489,0.7604927813004565
12697.797612482258,0.6360808094238353,-0.21396148441021218,-9.951514596919957,-0.016357781525133595,-0.016929764600151945,-0.018673786885260033,18.47188657251705,-4.590053325498775,42.589002455094544,52.4117019673161,-1.510003245553278,15.213350735417645,0.6976167328670613
12801.957803878287,0.7478785259556013,0.19130000850354983,-9.950743027901058,0.008910914329923953,0.012835086308106551,-0.017573396671397668,18.089753093240123,-5.52276742610635,42.15362517616274,52.41174489155709,-1.5099866452554616,15.193113593275555,0.7139157601631041
12898.800108788257,0.8319556774440817,-0.11184205850863582,-10.068424388613092,-0.0010118458388037948,0.019431027666452313,0.0024864333762285914,18.490294452048996,-5.3059122261244225,42.35086802668643,52.41177613652946,-1.510007948259685,15.056821341567385,0.6845826451655057
13001.820218006382,0.8183003967145926,-0.08865437128266784,-9.61243427287801,-0.01840463321847561,-0.004983226963701608,-0.035154242616948606,17.607815827850054,-4.351337256946025,42.241953723635305,52.41174332937545,-1.509976275880948,15.212679122643586,0.6325105217671876
13099.357681748033,0.5487009262910011,-0.29500823798134745,-9.682604981376015,0.006111810246394145,-0.00817471349347042,-0.004446557865573011,18.292485255261937,-5.2253958582677695,42.406206352653754,52.411761177917306,-1.5100092290762068,15.66957305029021,0.6293237243812086
13198.827758502086,0.8235627472046778,0.4504094265399633,-10.052133628870422,-0.02112831547411907,0.020513825895095494,0.01579747682730625,18.730335646238405,-5.332430719167908,41.94947121076042,52.41178522372113,-1.5099717213778858,15.109639513606943,0.6681661092245008
13300.653097414652,0.1884927507124159,0.23055912973339832,-9.736462509262827,-0.00519300414889074,-0.01942244312953374,0.006087912248891492,18.56109489855546,-4.686088025313086,42.63515517978434,52.411803275032604,-1.5099635749359324,15.862937311368174,0.6711067852826886
13402.544886978269,0.5226515435667323,0.13689245270335731,-9.60453692701199,0.006314113235724228,-0.005669520886380087,-0.010427045811236779,18.444291541144725,-5.616545846836001,41.40590773952766,52.41182629353793,-1.5099957573649672,15.449218356324172,0.6856263767952555
13498.635836606021,0.47526719396171413,0.25097150716301336,-9.750405289191278,-0.016736654332132436,0.0044191313634477395,-0.0011276484894508169,17.737794194755647,-4.8443096520987625,42.8388518521347,52.41186541482026,-1.5099790875073367,15.855480926325916,0.7112424904998988
13599.95247673878,0.435566745182056,0.07210628955269022,-9.722456069911813,0.0010467783495041406,0.007478048480244988,-0.019338584095662012,18.75144301172164,-4.901161462495141,41.85128417055942,52.41183687642791,-1.5100114282606545,15.68928361777998,0.7055774227824259
13699.221877128626,0.8295400845948594,0.29302775692939387,-10.169944531398125,-0.014435243126592523,-0.002112968009649927,0.006582860885370674,18.10845962690905,-4.301993491338522,41.75471361465791,52.411851862915256,-1.5100222546636677,15.698508671752135,0.7460043931772589
13800.258026177864,0.42345365952093905,0.03366844509603869,-10.019315274531438,0.0075646306559273005,-0.0007165089090301988,-0.0062487476933520405,18.29676646354688,-5.277085471259135,41.05916644962134,52.41186329438743,-1.5099924551592456,15.752585623532445,0.7289240635067813
13903.241571978497,0.43419728653149703,0.46811879511581,-10.09002168900892,-0.009191912644229411,0.020290873587656872,0.0006335380374238638,17.687815196871878,-4.937470195186273,42.23305307168867,52.41188199146995,-1.5100117427420745,16.202151250703118,0.7705684872152005
13998.286887025737,0.5949185157447975,-0.02312873601091927,-10.049581639322728,0.022037839620640483,0.010317912637811098,-0.00011405055261291559,18.70658164928902,-5.054656493482071,42.10756595083923,52.411896659883325,-1.5099869076600654,16.264528082092966,0.7439740459793711
14099.274125509093,0.2547218564884745,-0.009368133584473581,-9.753244797046825,-0.008318594195648977,0.0047095468205019435,0.014207171217793087,17.741930393197464,-4.995638709933345,42.07241860919471,52.411941763609136,-1.5100023002358816,16.115015443686463,0.7567485561834815
14199.680962215316,0.7561453012886095,-0.016960433042175153,-9.6434062098453,0.005221783614131321,-0.025161971567440027,-0.00870349169664323,17.987269303616863,-5.404399448585766,42.74893868193046,52.41195519106993,-1.5099615287400727,16.411964611866253,0.7653059671907272
14299.493650880808,0.7870688305914568,-0.1971344826150406,-9.660969111797112,0.010712785990827653,0.014646464399020143,-0.014046336424349545,18.016925658041536,-6.056415508691462,42.24641160706244,52.411923844612474,-1.5100344291202683,16.244675212609284,0.7678075898106158
14400.414511519642,0.6791353161973684,0.09725796974959021,-9.847629615728653,-0.011750187184996293,0.018534277006802786,-0.004849333929047625,17.65633775277934,-4.725649890285521,41.59346209482953,52.41198872071572,-1.509988696340193,16.394328957238123,0.7883430472497253
14499.125324455801,0.5887948360724777,-0.08772258391253077,-9.815689870306496,0.015931678588770277,0.009120164445211678,0.004962625740212273,17.756477242321758,-5.371151659953061,42.137339309378135,52.41200167738394,-1.5099987115632907,16.208441976261895,0.7744793089561881
14595.048921422704,0.10392073386559747,0.1686106905210264,-10.091766585320535,-0.004683931496431602,0.00014910046631299307,-0.01430454159731147,18.572724961704143,-5.1358766221115095,41.13968184408817,52.41205406709074,-1.5099561554135181,16.28086877293022,0.8260852476375362
14702.386375328526,0.40896241646072,0.016188039273494367,-9.685661748993272,-0.0010475604814219619,-0.0013455390984283516,0.0014788267311502835,18.00541063480027,-5.804118416108923,41.160730523888176,52.41198971190589,-1.509987228735804,16.22623934694172,0.7946048073966381
14796.913901228183,0.4911687334851782,-0.14963448006196534,-10.073702468002182,0.016670342676752496,0.010581714158207824,0.0115593023599332,18.126382055283006,-4.387040774682042,42.296135629042425,52.412018688118394,-1.510010578245484,16.556884566444758,0.8715812808857777
14899.0324386347,0.3721244821431676,-0.2136264309027294,-9.80836451785665,0.004633296252034877,-0.0038510165999401636,0.0068592500348860375,18.079320706523884,-4.687031881352152,41.828786090913425,52.41204159403959,-1.509993802741453,16.5037940426194,0.8522741406731598
14998.237927679156,0.5139102243474711,-0.09055713077240693,-10.003495211428282,0.005150682900775726,-0.009013764006869854,-0.001955219390764237,17.752127770090247,-4.999862293023217,42.34192290174762,52.412063809681506,-1.509985450591659,16.345001602052893,0.8604168594580415
15097.199559842533,0.4130391649724513,-0.19255467522664332,-9.807395076215016,0.0014140071537929765,-0.014089249313482361,0.007934064140326498,18.33773012076453,-5.263469462458872,41.34988135686018,52.4120928766124,-1.5099811000854941,16.644060462021088,0.8235787375643326
15203.657357090691,-0.0037037035446063904,0.0955451029416162,-10.08970790513553,0.0017383084621229805,-0.009609530807521024,-0.002589537146509736,18.055668002053846,-5.138702848382378,42.456021243585646,52.41211872178059,-1.5099890559025018,16.687308298219172,0.8313173494378248
15298.886118339762,0.01996864842299295,0.08667691157713259,-9.828990757910374,-0.0064946377167768065,0.00360924830058341,-0.005108447683210916,17.858370297820443,-5.203614696829005,43.0005136272065,52.41211102862101,-1.510016817627771,16.64075525040417,0.826489364207248
15399.386385500631,0.05251146404630788,-0.03163421348392147,-9.585540368613415,0.0006649003203868647,0.006224060838909071,-0.01362741238295596,17.310269145266073,-5.010435250806424,43.09533810989807,52.412095002008485,-1.5100208549955563,16.418659910301848,0.8485796731160349
15501.080525197835,-0.27258024953501064,0.0996783237234876,-9.946984534050593,0.007269082419622669,-0.005424233872964129,-0.0035874203229952057,18.772938954687262,-4.450070815348404,41.924999814713026,52.41213560783422,-1.509982147752099,16.729028346809763,0.8442071251405991
15597.892058721141,0.2268151952335936,-0.030744294672076403,-10.270824502121094,-5.0733049354904167e-05,-0.015959307006846796,-0.007814285146624963,18.110279070463477,-4.840135296224572,41.96365364904149,52.41216643927925,-1.509993556496092,16.533445802658857,0.8531412371169722
15697.684175784216,0.0044160991071336385,-0.07482536817263477,-9.541495498757682,-0.004192459567205789,-0.003514193585755179,0.005755192375497727,18.224455136361524,-4.561953465111893,41.90954094304231,52.412162586246396,-1.5100016296675578,16.439516149683833,0.847354585493747
15800.853906312052,0.028969933662320695,0.33227821459984647,-10.15251591471769,0.026017022378544908,0.0013616526822537323,0.001867463361755273,17.876997136723485,-4.5778507222877645,42.06812312119206,52.41219943522437,-1.5099770572308973,16.70119588454554,0.8520396173127551
15900.59433057126,0.35529588603165496,-0.11058001982575424,-10.020999205991869,-0.01141906861696999,0.0002554841706059751,0.013441129154671385,17.290369438651627,-5.182615032767678,42.550762385254444,52.41220008514317,-1.510003810512759,16.592034531934452,0.8666984118099776
16003.570110194723,-0.20999446146806208,0.28577137294999566,-9.744138336056087,-0.01772672123775918,0.00578489390268923,-0.006843752359067432,18.314127429638784,-5.4499685910722535,42.628779120857146,52.41219346292487,-1.5099743316664882,16.77897187011219,0.8961039347290125
16096.952343449135,-0.08040279974908156,0.019132714093482495,-10.0656622668667,0.0039552411578532174,-0.010613151113003802,0.003302089603246698,17.815817676226892,-5.096265309345559,41.82197069270858,52.41218606609282,-1.5099828849989425,16.303387280262516,0.900789976657677
16198.006280312376,-0.14088780790811298,0.24507742388025447,-10.039476193293986,0.001234263014596216,0.0020839759766432785,0.0038988020943813645,17.995759570841773,-5.459582807649192,43.07437945770449,52.41222053933067,-1.5100299579863838,16.28619514644476,0.9115558955419942
16296.894019202524,-0.3640213301134282,0.35116408779534847,-9.646980074440064,-0.010603016676445478,0.007870000711895956,-0.014914307383426854,17.956531494359396,-4.873649313449216,41.26717285906493,52.41224456199625,-1.5099777709885336,16.44778773182803,0.9037753522525236
16398.582000470742,-0.46883510534517087,0.13497604947432568,-9.889110272630562,0.0013144053841138987,-0.01034060078069754,-0.009326308959187991,18.074722671531084,-4.601049483294737,41.75793401158495,52.41226158510482,-1.5099875447106113,16.205971101134697,0.9083707591962025
16497.220180189528,-0.49319194777414077,0.0176606171841954,-10.150658746480879,-0.013110043047289854,-0.01116919868800244,-0.014579991611208366,17.93508546800404,-5.0962246825246105,41.78843964129121,52.41223664844931,-1.5099799132077236,16.2681404932092,0.863629701099228
16602.419384727633,-0.4283251060097868,-0.11379958357670898,-9.772977815659463,0.009119081734686263,0.011138805358163842,-0.007342618848430495,18.66454861210279,-4.313785226905678,42.5280449573481,52.41228703906329,-1.5100042886246394,16.35551851519239,0.8577769931768557
16700.74343095891,-0.5661076164565656,-0.3178486728432344,-10.01845336106011,0.006978077376036858,0.009154180056143253,-0.0014381063204287298,17.745125653997775,-4.5319127665700645,41.12472231056194,52.412306840058804,-1.509987265773866,16.39112288630324,0.8537269142656783
16800.976661625507,-0.24626583412540431,0.08184492803330892,-10.007191431610998,0.00877723204220974,0.005690136142088006,-0.006183298547884926,17.06460417671365,-4.227742605097384,41.53065542671061,52.41235829136432,-1.510006191894818,15.726399271090177,0.8215037511737933
16900.132068767645,-0.5495912688512534,-0.02267494357805252,-9.325994408571201,-0.00396632618398989,-0.01175838653975114,-0.0066976220099384184,17.852551067980745,-4.547979986547413,42.60325131869008,52.41233298985273,-1.509979106826914,16.145591900288643,0.810918279847499
17001.994404853805,-0.7534517631812374,0.011261590181848281,-10.037978425274172,-0.0025309573484135935,-0.007072925307440319,-0.0027016696379293832,18.224310873545768,-5.475494600816466,41.536106471588056,52.41234344984317,-1.5099904161308697,15.83412934053322,0.8218480912441919
17101.095297961143,-0.6250874194600774,-0.03712386302834746,-9.410306626758329,-0.016555841157747556,0.0021193097800177828,0.0008452021310885352,18.241668706999242,-5.3942509077188925,41.66838945332324,52.41239710482991,-1.5099989343100175,16.175586066532198,0.8113686130257634
17198.26714337519,-0.8500007979254791,-0.343932454374356,-9.692725512894057,-0.01704617817321404,0.008347707182564846,-0.005889317655736198,18.74775290496451,-4.740545392085067,41.629120261353364,52.412401257598944,-1.5099596659426098,16.107494713786753,0.8143916654906889
17300.264225602372,-0.530149738494502,-0.16430536444936258,-9.892876965387723,0.005725470234587575,-0.008141394326474451,-0.004632229197137404,17.172445013745826,-4.579553343576332,41.68382085889759,52.41240205742467,-1.5099819067024722,16.07420699802891,0.7972120520355475
17405.31352297659,-0.6961432070684379,0.025609627207627356,-10.15778116727042,0.010071683973139357,-0.008383558072174816,-0.008462003042444695,17.856997358216343,-5.020190692404123,42.2058386293847,52.412417889696464,-1.5100053137914737,15.751360103884364,0.7773028579040897
17506.04882849827,-0.31705904705030086,0.09877567905177087,-9.908491546894064,0.0053680140475658444,0.003215343282821408,0.0021281231847335596,17.687567913594673,-4.87497462684237,41.92600493148505,52.41243056941422,-1.5099758226340756,15.660705551089077,0.7880135686324934
17597.93028762483,-0.5534935895643721,0.07607890800810753,-10.01312419117258,-0.002817912118788023,0.007006720574311244,0.013694330276712987,17.52567077957979,-4.97365064605167,40.39634610501598,52.41243461865589,-1.5100063251324491,15.64217455357621,0.8145616834399902
17699.957055082225,-0.6871715677559369,-0.0039584308696525294,-9.687835295410068,-0.002590673449357301,-0.002122295846245238,-0.01118475998629844,17.467523977031195,-4.751760313007608,41.90242654051784,52.41246207861557,-1.5099831183594512,15.670402057618505,0.7762256551104656
17803.446906333284,-0.5197750068823296,0.07052734641442623,-9.721374776486195,0.004043798665875383,0.0006327564761043378,0.00020398320619669213,17.160296019943896,-3.709832690505972,41.29459112651607,52.41244735043537,-1.5099802282968566,15.81436299571829,0.8215780730071742
17898.464467234633,-0.6092003886979218,-0.041325181511103704,-9.738646723203894,0.0005321164258131344,-0.005495827843764809,-0.009159956147730026,18.086359466137512,-5.180594219584535,41.93942787049893,52.4124979959361,-1.5099671811260706,15.508152057809449,0.8325349028878577
17995.914070764164,-0.6393740648577512,0.032837559976047544,-9.674356731334194,-0.0020181126118816862,-0.002898367916365377,-0.009388529390843189,17.837214562495802,-5.804669261522475,41.94243735041492,52.41253623069783,-1.5100337711432148,15.668212223832118,0.8445416517753301
18100.706868829882,-0.6462185045404747,-0.14320775645194866,-9.667032303426673,-0.0018197203133684687,0.0008695740085084349,-0.00010108813796884733,18.625192314034447,-4.716969341152282,41.67414430018316,52.41247965147202,-1.5099967164183108,15.083935617165407,0.8199271473143313
18200.217273860744,-0.670840337034959,-0.08697837088411198,-9.448247778171154,0.008414934682322787,-0.009891470988327919,-0.0013615379326054429,19.10517010533116,-4.911905895694005,42.03629237638385,52.41258235292542,-1.509972913014928,15.655000030355477,0.8079654791050075
18299.374917607405,-0.6725210446577249,-0.0026206845681995307,-9.854163914093313,0.00834682811085728,0.0019972405558752668,0.003489100424437884,18.046386702213987,-5.682644582653406,41.61198130328938,52.4125340341057,-1.5100016518251198,15.501916189023296,0.7984733892406553
18396.692855084424,-0.7656261068295941,-0.24494772824480682,-9.874799827580723,-0.011123121169742137,-0.003370724668184921,-0.023762976627642464,18.053266839907383,-4.9281470158683405,42.494160505515815,52.41254131314412,-1.5099410760457082,15.495408630351754,0.758392659879064
18500.136299536876,-0.6519860992397974,-0.10595037331894558,-9.634089414362627,0.010327792928238367,0.0031082439501552497,-0.0012009580651290669,18.04823065153321,-4.943444552256104,42.48707885453472,52.41257212361483,-1.5099654527801214,15.29927670863005,0.7383934833696344
18598.153344841226,-0.8920610223735859,0.05290209453404085,-9.789167242848727,-0.005346025884830833,-0.00019894530315491243,0.007347176551774288,17.712547398478097,-4.947450934455184,42.17608340715631,52.41262486424926,-1.5099971597400283,15.145583325420503,0.7568234039032404
18700.103727468315,-0.7173974430144727,0.11445685263895104,-9.893026094372312,0.0059032177290644075,0.02895275566331465,-0.006073990347636473,18.923133664824668,-4.101795385494751,42.76701975147735,52.41257674676213,-1.50997192074272,15.180835492621613,0.7669091998371869
18802.119848733375,-0.6586447231171868,0.10896900981194815,-9.720583268052666,0.0007496270365349797,0.011882352126843033,0.0007886098667413532,17.355763348279478,-3.9873509051306417,41.513914101059584,52.41259453946026,-1.509968372472685,14.626140642559939,0.7950835727925778
18898.027214207355,-0.631362035042515,-0.1418244712008571,-9.719802646501766,0.013253954773067214,-0.010947388723413718,-0.00933836465923317,18.144377928693352,-4.488078650877988,42.57632056580593,52.41259551287704,-1.510005942741154,15.063829587420745,0.7886460713174301
18999.420887690976,-0.6723218349466656,0.1155884026258909,-9.756893024287407,0.007774209117919309,-0.0009669263724347365,-0.023105137924143822,17.986862809372603,-4.368165641857335,41.64740308935086,52.41265031514428,-1.509963556994154,14.62121521759192,0.7148720780259623
19101.93128242792,-0.8937542385429477,0.12547886280089718,-9.577480235163865,0.005568983189912066,-0.009233914383483212,5.704256659711795e-05,17.39994776467211,-4.859892221858712,41.63056699976099,52.41261349612898,-1.509992135331196,14.601653499352288,0.723515783073708
19201.471405927026,-0.5407912413078024,-0.28093147127973994,-9.85337601721134,0.008470168537022356,-0.0033490673234943574,-0.008762394473402147,17.662889630643782,-4.063693560097965,41.98435085512034,52.41264663742823,-1.5099782751162023,14.839532590775834,0.6925631430126487
19296.69018052069,-0.6505378360960774,0.08589459148966741,-9.768993875204057,-0.008264721094612652,0.019007052134073086,0.014352735787044713,18.448064969327703,-5.823261624179942,42.21194383381123,52.41266215517197,-1.5099514885631224,14.782741237378355,0.699915482088727
19395.89373518964,-1.0024811648778846,-0.15909173705113822,-9.68828873701658,0.015854283407366786,0.008316079962309725,-0.013565590598721318,17.807090488591076,-5.415646938138448,42.58179403838028,52.412729150870106,-1.5100031411065402,14.623562807951465,0.6711928578849893
19500.205966334946,-0.8826431980709263,-0.14344717943271842,-9.886163786912041,-0.005035515316045207,0.003026733502853104,0.0032530786801214084,17.867416348054157,-5.033538488575525,42.4258317318931,52.412730611164726,-1.5099679634916996,14.676543649676017,0.661836927114507
19600.22511091398,-0.8337027917593987,0.42299260487074636,-9.626782647155034,0.002617947403336419,0.017036969669031544,0.016094452592568937,18.23536761121051,-5.072251030689995,41.863407722556836,52.412719881708846,-1.5099648400590524,14.744155395460796,0.7321711504452537
19697.60564972646,-0.6402584357928,0.13604816127356792,-9.712978590320162,0.0003985359673550159,-0.020615471085712513,0.006251863449688981,17.722028437166855,-5.041536244636387,41.04572602745329,52.41271399171314,-1.5099724094451803,14.143514787859486,0.728261796150548
19800.54944657198,-0.5366198646587877,-0.07620216578685457,-10.075648074398124,-0.012278235085392424,0.003482832515546342,-0.012160753542668467,18.761382646879053,-5.356768553035671,42.17328813112549,52.4127539382817,-1.509964555095595,14.339247442911924,0.7304772398945829
19895.5870604299,-0.6890053702932885,0.1032399452945002,-9.804684792395,-0.01960727666712837,-0.020227158418927544,0.009867012997649312,19.375981636882234,-4.849120625589259,42.026732527430404,52.41273254690381,-1.5099985943337944,13.950614598115857,0.750679677818539
19999.31084720339,-25.150233776569934,0.26481364287749365,-9.878437618533932,0.007668128607557969,0.0008332264856912281,0.007307804746182459,18.102437576531425,-5.320729521650485,42.21666585076621,52.41276948473492,-1.5099996220964105,14.34244857561789,0.7678389189136396
20097.851007773468,-24.939298824302416,2.4117070069846784,-9.68098427990879,0.0015251852976591912,0.013060145880528942,0.2519987811969093,17.348198843483125,-4.598952976342616,41.631957964432885,52.412746801565994,-1.5099405109837518,8.89761492136925,2.208829293423321
20197.341886258633,-0.08365795558091772,2.438657910074782,-9.860734158307574,0.006866423875455175,-0.013788385329249702,0.2595024518152517,18.018058658292063,-5.395395672933372,42.25018763657543,52.41278210949824,-1.509942245272103,8.866186672786029,3.658291363873957
20296.853040926027,0.20471405610250754,2.3871736374867756,-9.644648933464593,0.003020376639168432,0.00834965350019528,0.24238035975483332,18.36058360659561,-4.824759757706541,42.33927468025832,52.412766237323055,-1.509964164614427,9.537773331065905,5.116270167472976
20397.276136286295,-0.006333284661522595,2.409876500188708,-9.583947246284263,0.00979721660155701,-0.004574830657853862,0.2524627632162679,17.729283321917798,-5.435859441319484,42.42269186194455,52.41276601562295,-1.509966715149423,9.426763002724229,6.58272493223501
20497.356568925825,-0.18179392683831608,2.40081114936,-9.805172573645713,0.00981843135282495,-0.010394795628608195,0.2534699961254188,18.8835837463403,-5.067753011021218,43.05897310862194,52.41279785910477,-1.509987147073086,9.09623945148377,8.057795434707714
20599.45670734711,-0.03080474221120769,2.5413407422756435,-9.793547559443294,0.024005806150514522,-0.0015715442242459144,0.26431130667482505,17.396087485690785,-5.211572577240824,42.48890063551982,52.4128286037833,-1.5099619436059912,9.149632596601288,9.541400039519147
20701.994767487136,-0.0625426003635315,2.2962557810156636,-9.654891592865733,-0.011858932342275773,0.035205196726527076,0.264869329249242,18.045974215889668,-4.525320580792045,42.26646096800544,52.412805518943614,-1.5099773247853805,9.381394739648394,11.033628946078863
20797.69160760002,-0.2361970475624927,2.3581434897449327,-9.790850147175197,0.0013532126219402741,-0.010369672429899899,0.273741408750431,18.230270947269336,-5.8058196517897525,42.08552387368613,52.412821290666336,-1.509963034627607,9.290237550463935,12.534023484308307
20897.06636672218,-0.2262461969611026,2.0281990322668664,-10.169740821536273,-0.014170022120311817,-0.0014436833663563143,0.27036070441413,17.25026139657123,-4.7339024141576695,40.99703172082509,52.4128131261565,-1.5099595924266693,8.824315262651758,14.042568591980682
21007.32126108112,0.04274523750428459,2.31916798999461,-9.874878825128146,0.0015212706170107007,-0.005344319765629191,0.2794712856487012,18.16072996148733,-4.344329259272376,42.15464133753843,52.41280655886157,-1.5099005194458022,9.27387733957193,15.560121275065342
21100.147109455655,-0.2582767704753423,2.346623777488271,-10.232584944943522,0.012000497648692288,-0.00026939624880984196,0.27637693160381854,18.500448117002062,-4.952019553680704,42.41588143744625,52.41282648940999,-1.5099197998128717,9.013970761995784,17.08535647091537
21196.09084272589,-0.20670407696727,2.432719733378426,-9.888673901605838,0.00951558979399757,0.0056713296773821045,0.2787733400422874,17.181889368241695,-5.456634025817937,42.48183677227062,52.41286092860611,-1.5099225569140287,9.419537061140115,18.618406794507393
21299.52743606033,0.0652410944836784,2.4550846301128453,-9.869913905718771,-0.008117764783486043,-0.008690272800716077,0.2573711688654373,18.243447321459975,-4.999384765573414,41.799977601744864,52.412865260214765,-1.5099690024016417,8.99993541108135,20.159668267365873
21397.509196062656,-0.05037420759119209,2.505050036910316,-9.97114281249304,-0.00015757635292512376,-0.0006678558013214258,0.27101910281582287,17.96115092657163,-4.227484769892372,42.31913955390839,52.41287495133433,-1.5099280643483082,9.365896273850081,21.708742451572505
21499.888072572558,-0.2802950880890246,2.5600942833557507,-10.115454958130774,0.0060686277589836034,-0.00023864617188860477,0.28217986273558393,17.966978175064508,-4.023664482600672,41.90759520331636,52.41290931752288,-1.5099238326855995,9.0585936935918,23.265846511040138
21604.648630031483,-0.18681219499685456,2.578388315223473,-9.412392228509201,-0.007460966841432555,0.011832645424218921,0.2536844428038734,18.256217156194097,-4.761453725176256,41.0731091113102,52.41289457782893,-1.5099086990682689,9.223192409926199,24.830563800979803
21698.962578094848,0.20472311589393213,2.4746384374280943,-9.884720144934413,0.00626421435359442,0.015678021943886705,0.28236518166530383,17.62348447478621,-5.745507104724222,41.95570821125908,52.412884015364384,-1.509920264543477,8.921110758795631,26.402704508531258
21798.46689952965,-0.011493215466266873,2.5325450213017997,-9.854384098011234,-0.001102358836143754,-0.005801121282002162,0.27057885846469526,18.47057310370154,-5.3308171335160575,41.17485814777872,52.41294817282027,-1.509911338262783,8.843572880948646,27.98224379540602
21898.37532462884,-0.28528007245882425,2.8949512679662197,-9.758048216907014,-0.017954662536249454,-0.0018860810006388871,0.29089780885860883,17.109428844168512,-6.012656225292778,41.39229178769769,52.412913533507165,-1.509911442977458,9.038054799294697,29.569163733249127
22001.554633924356,-0.07482164310912612,2.5728335635655375,-9.806848191715897,-0.006610120130450095,-0.028247712193166283,0.27271853638147675,17.93870892064005,-5.705891977194895,42.84470506209212,52.41292915173566,-1.5098750584049878,9.22708465961927,31.163297171561624
22101.495457646026,-0.24883850079842357,2.6280625148733403,-9.80486949279584,-0.004036147941325889,-0.003791187768143152,0.3024982966906911,17.86830897539726,-5.050769887057896,41.32571087457634,52.41292043527301,-1.5099133745658657,9.030873991055252,32.76447130969365
22200.44302193175,-0.25841947021211387,2.4140399519323643,-9.857154812353743,-0.008484232904099191,-0.008686554570483064,0.28097580381835696,17.952834650053173,-4.822110460659214,41.61080881798185,52.4129416804581,-1.509857149120913,9.092102270143549,34.372506043964336
22302.198972261092,-0.24472997692066512,2.741327568362729,-9.958668592384264,0.00616157487999943,-0.002599941664280402,0.29612358197145405,18.587394249629035,-5.3373975807523495,41.02081458184195,52.41295087014945,-1.5098965243894698,8.92135809028847,35.98745317068892
22397.645150104465,0.2524951660065661,2.519811069859537,-9.404153481339204,-0.008595371355823068,0.0054093614661895805,0.27971805913710074,17.31262918336387,-4.990931711019811,42.36515953084265,52.41296870668995,-1.5098843240501874,8.99179553322961,37.60867742423477
22496.71816582874,0.18108394739657835,2.706766217549517,-9.589285352253937,0.008212011635035127,-0.012339867987383703,0.2481824794218319,17.60187384716462,-4.319859517155462,42.42410025637219,52.41294046144586,-1.5098713341771495,8.70419988288874,39.23619996148926
22598.057701802318,-0.07224083700014514,2.3448341312740766,-10.136273587222187,-0.01540421236888081,0.0014552809283957485,0.30003343858263315,17.969908342970474,-5.202068373952552,42.386548163283194,52.41297756643493,-1.5098620597079095,9.128728770497872,40.87001681011168
22693.02800873354,-0.5421409427120467,2.6315220257954,-9.884646959302168,0.0022023155878580767,0.007072647738777818,0.30134428688060116,17.720884243636547,-5.231461629554397,41.726918465761926,52.41296126552623,-1.50982470208675,8.908845132805974,42.509554268867305
22801.852104100497,-0.1584273636696901,2.696776517429416,-9.64775626591131,0.004365760510174017,-0.005570656135700055,0.2997790145960221,17.866414943895062,-4.645766441742707,42.77508744802483,52.41294986614855,-1.509846277523792,9.077517966472318,44.15534132265998
22901.152824309644,-0.1451577313185548,2.9321421640245906,-9.989416695043312,0.00799427477838788,0.011306481701137778,0.28932865167213506,18.253870911592028,-4.76220037597927,41.659440470176406,52.41297352699547,-1.5098080706243462,8.992440081441927,45.80667395120656
23003.89219665844,-0.30709302117007886,2.7706505826413856,-9.712913889400706,0.002277652495109072,0.00021932357501362434,0.2808761258375348,18.0122995153407,-5.633887868930093,42.45139102013238,52.41298642901617,-1.5097933779074975,9.13635657000206,47.46363917675876
23100.119774451003,-0.08781857834346378,2.4585621815770953,-9.72150912048116,-0.009692854778059404,0.01429463427754893,0.2697095534055193,17.37635406576758,-4.982536120872605,42.04914072952579,52.41299110280382,-1.509805462033718,9.051460990640782,49.12572184388347
23200.383709619928,0.19015037791126513,2.4527094893468013,-9.777114347180651,0.004652231857376572,0.0026819798303114057,0.29412768703563524,18.931043131975457,-5.580554620686312,42.579055147717234,52.41298586316432,-1.509815225855527,9.408369402883427,50.79283729810436
23299.40421541259,0.33196846979320943,2.7584951606668717,-9.747415419831023,0.00993622532146576,-0.021796692673152065,0.31089189484652413,17.783925561057362,-5.106733797670218,41.64299041198907,52.412980923038546,-1.5097975347258878,9.034271083201379,52.46472971162126
23402.723108056904,0.2607012303996174,2.742769953560195,-9.425296245286201,-0.022318032672332545,0.009678046133240633,0.3011680112522825,17.28475444850389,-4.136372854604315,41.25087737956497,52.413000819921855,-1.509789381003019,9.163417733368941,54.14137536220164
23502.277505313767,0.11580672554595603,2.7884862694303587,-9.93984293722457,0.0007710285491624254,0.009632696365817291,0.2821019417684577,18.139203346495265,-5.2641055952126,41.64967973238318,52.41297423746918,-1.5097629564930004,8.796911037689402,55.82237278267405
23599.398554464835,0.131765356770791,2.5451532433900153,-9.719607910285028,-0.0237114093435004,-0.00403935858703005,0.27320449729266705,17.473553416012713,-4.514794404709775,41.702644958975256,52.41301093466469,-1.5097478935684578,8.89993375080888,57.50739452052818
23700.566244095025,-0.08092964615492533,2.38595186221578,-10.053320412820113,-0.01312831104620253,0.00803913229167536,0.301384907396488,18.74319823671685,-5.284642998136936,42.94233244460548,52.412997595363244,-1.5097611195159308,8.986766310313929,59.196418640328545
23802.056940441136,0.0035595374017880904,2.5490515904171214,-9.901892089141404,0.017507913087186095,0.005884899563707028,0.3028870323743535,17.75742021346969,-4.150037887296422,42.19604776806943,52.412991890555325,-1.5096959693078442,9.138806529281466,60.889161726075656
23898.71283289422,-0.17728920716659816,2.601259318078291,-9.726580651304646,0.00635193603057628,-0.008784373974003327,0.2882364254954072,17.674882933806543,-4.842148768849215,41.16722665804138,52.41302377486552,-1.5096998755533517,9.388017856538994,62.585292098561695
24001.35276108835,-0.03845509799401039,2.5154878207026097,-9.85322321399252,0.0006267733064214353,0.0028725876510645133,0.3069102188542567,17.7666078536755,-4.9572277508798575,42.46451944476034,52.41298025084099,-1.5097309910263592,9.088146910121157,64.2847241490299
24100.777185750492,-0.030675023134357285,2.6874343040994257,-10.11709260307386,0.006687608034477511,-0.000755649145327169,0.28643994845824633,16.986677798505344,-4.432504555935307,42.20622177236503,52.41302633949134,-1.5096601941849743,8.705794478039671,65.98711863110941
24201.80151096413,0.0676693405263546,2.7538136983572166,-10.157532665038078,-0.00604444941605236,-0.006032391337721444,0.29791899467519434,17.381380132768804,-4.911252430258493,41.91010325874217,52.41302646793686,-1.5096844798120501,9.150025900745764,67.69229358282246
24299.557951119416,0.1963058208358548,2.7140706412451516,-9.811160213199095,0.0017418162311644764,-0.007629148869210903,0.2968933541929349,17.865805379523145,-5.250117654263547,41.69224724331218,52.41308727712011,-1.5096294323366857,9.346624075151201,69.3999470963252
24399.09273191483,-0.10943663603910798,2.666284561344765,-9.774468353044046,-0.007838547732649671,0.001001876037665848,0.28235306003359484,17.591986979031653,-4.735597959798446,41.7061298027139,52.4130457345205,-1.5096272686695802,8.83548459668398,71.10981092795544
24498.621769781723,0.09000578455145535,2.8044812096359246,-9.944854013548575,0.0021684330522726003,0.0003901875922430969,0.29585514660163814,17.29917869724215,-5.117290728852822,43.17335717781442,52.41305415239771,-1.5096221015612674,8.716870304967372,72.82169874929866
24597.915622868084,-0.02751614832545013,2.9365220212472702,-9.948769450641523,-0.00417559934800466,-0.0032553791596148817,0.293465496568056,17.910551934103008,-4.921979814386887,41.92969378351375,52.413056771855665,-1.5096060287608872,9.343803546791557,74.5353380826682
24701.632104459673,0.32783066169651137,2.6566182961999822,-9.700078673292007,-0.005472565939689327,-0.003938030604098808,0.2935574455421481,17.780625713676812,-4.833825815804277,42.39731245484018,52.413049234741194,-1.5096171084330354,8.892084257513941,76.25054122588057
24798.012310924507,-0.0018461708622023038,2.8852332545797097,-9.964068109078452,0.0020822384449109906,-0.005902833564900677,0.2935983256633921,18.901906486212646,-4.293576457373481,42.89520163014463,52.41305595935853,-1.509569861104692,9.053971049518738,77.96695047119988
24901.429664836047,0.34896228834017684,2.7562666307736663,-9.95300000163499,-0.0017978736098655005,-0.005256945243741128,0.2893477351774351,18.859239437858637,-4.852666129020549,42.00839020861773,52.413025929516884,-1.5095643789839466,9.022953339557972,79.68439006655746
25000.231747631766,0.2094008216414584,2.6456871657674204,-9.723755912091296,0.010104360579087913,0.021867427453759775,0.2860811695881109,17.82629737663853,-5.055952646419814,41.488945019208046,52.41301058883567,-1.5095598753730561,9.016546839088393,81.40254418401048
25101.109623809578,-0.06934302491040002,2.848537662438895,-9.722614593957395,0.0016606048204608817,0.009398377696228496,0.29558156832078053,17.33926891052121,-4.409240990985754,41.63989460426674,52.41302271262731,-1.5095526926879776,8.999506610354091,83.12118405629496
25198.442394387042,0.03179198318860964,2.883001362115722,-9.888608506623287,-0.000347722575605751,-0.01460643117810674,0.3174994154803305,17.81166187275681,-5.600589070567688,42.68572436927142,52.41306065588755,-1.5095598207799377,9.03697667430817,84.84003999855497
25301.010454777337,0.004030585873788187,2.4282603055463126,-10.020160710224216,0.012501618181399166,-0.009344436431617366,0.28860747431413175,17.872064716682495,-5.444903686399608,42.901766496194895,52.41304757833081,-1.50955871197354,9.055544000429009,86.55885961388014
25403.953925938702,0.0187867870366654,2.705675409507976,-10.077389676056306,0.009022638625746881,0.015626925019806615,0.2935725695614796,18.24219825069853,-5.628288206178445,42.64129273297741,52.41306564368232,-1.5095180801161452,9.230892575541302,88.2773787711406
25503.22231393309,0.15416421357206328,2.9902420374502734,-9.707422814555906,-0.01664912462336119,0.004023848727264337,0.29471999653659997,18.120635647044228,-5.454168305449924,42.348741958706654,52.4130679900148,-1.509468138710708,9.017264084683529,89.99533504981628
25598.46953467209,-0.15218386787641233,2.6121237334018126,-9.705171261576076,0.01399442096784739,0.015624470709688797,0.30854157197022275,17.919433930273073,-4.033375633656488,42.059765466639945,52.41302781443859,-1.5094327827589693,9.199813114569151,91.71252226673795
25695.820565628783,0.09207760175986288,2.599881843824735,-9.716898145931921,-0.004852576225942152,-0.008291892998293039,0.3115365164953304,18.043106383088478,-4.643162255771246,42.006564694968375,52.413029765119624,-1.5094843988461704,9.00230115466275,93.42866463202375
25801.637991456915,0.17799250515135753,2.6936841575759494,-9.77281603808801,0.0034531390816078377,-0.011052310049582013,0.31366081110933314,18.2337798275857,-5.197535262589328,41.35408110007552,52.41308090169077,-1.509492965475144,9.066045355443606,95.14341957404008
25899.939168463236,-0.19852731798372802,2.7426053467582525,-9.633233173928987,0.01442476031247616,0.003490789035900969,0.2894086522615583,17.458518926315303,-5.027785592743276,41.91096923642928,52.413034054933156,-1.5094298951173284,8.841122431481049,96.85663716668091
25999.387477546075,0.2790000001114651,2.46720239195101,-9.883485959651532,0.006588533319533634,-0.002774239737035928,0.29873522041860273,17.213575336419087,-4.27812195036071,41.686674255996586,52.413039631024375,-1.5094028116548557,9.484294967803386,98.56804150139743
26100.41535463096,0.20384003180897214,2.6342751699453038,-9.402781842441282,0.01003895794661112,0.003136473353369971,0.28927159777171957,18.136288107316386,-4.813535538168282,41.32812914761433,52.413042998706,-1.5093953421572563,8.894524425525653,100.2773347113299
26202.693357782402,0.17399844100178774,2.6040899434038427,-9.717321667932493,0.0144389852995661,-0.014321991771520977,0.3047691353855798,18.61645955734537,-4.637109192328474,41.74951432527469,52.41303033701939,-1.5094198374022638,9.28800864094246,101.98426675892028
26295.839826665062,0.29875426723882703,2.5371682429168283,-9.679029124672532,-0.0079937576608019,-0.005425627181405769,0.2970591306409912,18.24129899177281,-5.832391221608482,42.085489157415694,52.41304412765012,-1.5093827494720164,8.872818727171797,103.68873319541916
26401.60177607466,-0.0666272281485038,3.051078697866357,-9.943269921806554,0.007327416140278614,-0.0026238006125133845,0.30274428394893255,17.873846843310236,-5.685270641758219,41.64145580463406,52.413039516473006,-1.5093850055872202,9.028889280545359,105.39025377294655
26498.601614164065,0.1392412856967492,2.7999751862021016,-9.678549300753314,0.0020937337480050784,-0.01644454014898902,0.2996995666213854,17.12722415978392,-4.331315461919038,41.25772490452281,52.41302151844123,-1.5093851894324593,9.171139247495345,107.08882559257842
26602.612844563657,0.45706242470219083,2.8471232411629748,-9.92097680530285,0.012051585567655296,-0.0020793487272289806,0.3053664491511337,18.134513139589956,-5.07820423623499,42.37561464550852,52.41302538240189,-1.5093414639124092,9.043184351017363,108.78400725518594
26701.406418432838,-0.1431354379250528,2.5098949796558028,-9.913335306172472,-0.010527945991191674,-0.005558101425499148,0.31069061771965517,17.530300055360264,-4.9374737127770585,42.64810985502216,52.41301960486044,-1.50932347083629,9.073844956330262,110.47564012718277
26801.53277849088,0.12565438100038226,2.7023631894495925,-9.629965043287239,-0.00504192211640121,0.016738839081966328,0.2931698672627628,17.720923639596187,-5.763222995543336,41.56369424336122,52.41302649990704,-1.50932009863529,9.011363946054379,112.16344481558338
26898.098925639588,0.38071804835959855,2.9273855765104706,-9.510955796883987,0.020790075970333822,-0.0064991043750318505,0.29485232798865824,17.25091829385801,-5.253719768868972,41.3142015752844,52.41304077432073,-1.5093320916951887,9.297136553432534,113.8473602858196
27001.74672536844,0.14102785941185955,2.727469290470617,-9.892145190575834,0.009507055025358155,0.017252520254091235,0.3028673184133215,17.958835455225124,-4.788256924657778,41.553985607244165,52.41306299960412,-1.5093322484561316,8.888654592179918,115.52695409103632
27100.320404958264,0.5033059857521727,2.627512254018475,-10.019131784896851,0.016148185781366797,-0.009872175947260801,0.29501620982145654,18.468030144032518,-4.8316927062172255,42.51897243760628,52.41301711416453,-1.5093148729624004,9.181526667607285,117.20217692835149
27197.252485367866,0.03312768519445734,2.687981991727939,-10.171602057702016,0.009946442200992143,0.004629228813591119,0.30047593341923035,18.900402409883355,-5.411710828531786,42.56018879753572,52.41301801614775,-1.509286706164878,9.325098430820674,118.87287276002405
27300.07744993421,0.07186883100170086,2.55432785928941,-9.619475575770503,-0.0069344799474732755,-0.0244062793916167,0.298231622746133,18.079742641223103,-5.31852331194622,42.256276956778805,52.41301059860583,-1.5092836386082435,9.32606508163804,120.5385216077006
27397.872009631436,0.24100678769896658,2.749818500622615,-9.688493936293153,0.003727543067283172,0.0012846684439927704,0.2759040543652982,17.93784664803338,-4.620868392086144,42.33876868627658,52.41298007275104,-1.5092874761816502,8.935604898338937,122.19913737251113
27497.887341829442,0.028651788926581323,2.9114997929690594,-9.78424776305661,0.003989560329717461,-0.002535949127408916,0.3086741067759971,18.432684346294966,-5.1752569339769305,41.724736625986786,52.41296954623439,-1.5092353960878475,9.120114576852187,123.85456549637513
27601.70639752077,0.20079244961527654,2.983508015951084,-10.02110287768814,0.00234038051892825,0.008227568379702972,0.2946592358920021,17.51454780071494,-5.804588695374559,41.128449810550954,52.412975078046635,-1.509216222879763,9.547631929737841,125.50433749688142
27696.827424098654,0.10420033060388029,2.6332654389823373,-9.698354055209627,0.006700078642301314,0.00271366677117592,0.2885634691718433,18.32061347487535,-5.032790521160383,41.02986275527161,52.41300908051581,-1.5092147122830928,9.03862737215961,127.14858820397177
27800.378816952816,0.07924402933878573,2.5638658323359764,-10.193214866258842,0.006671730949462995,0.0103567706943012,0.2881630565334497,18.180063034865928,-5.382127948725325,42.42618346563027,52.412981740411134,-1.5092264410714877,9.146270972906132,128.7868296636708
27901.929371031103,0.2332310539026377,2.8065609747711604,-9.972525445479816,0.009416144048453702,-0.011539403523116241,0.290104431003739,18.028345089303986,-5.936631504511265,41.81874079514124,52.412993637701696,-1.5091906988586687,8.960609178130484,130.41879323892255
27999.287417719694,-0.06322799671779808,2.685293587140877,-10.236228449819853,0.0023907867630268247,-0.005826164580173938,0.2780891160337649,18.740816847141534,-4.683793610473345,41.69725746369695,52.412986521871744,-1.5092221288088286,9.303486064522895,132.04468197209263
28096.38844980821,-0.324468511069369,2.7265996315846954,-10.038952967632236,0.008648569104938122,-0.010019709363416658,0.2962306599221475,17.981474059692736,-4.669521294606206,42.519009186677046,52.412944402492734,-1.5091731859335389,9.438579130514503,133.66434485958337
28203.167750411267,0.2375000585830156,2.2968313219619114,-9.736652980500628,-0.018719240421829292,0.006925521922323506,0.28111798688662637,17.66176499457602,-5.8246569125362875,41.71992042208818,52.41296017990682,-1.5091845555916197,9.448547198496549,135.2771167121478
28298.014714278208,0.3205948382186251,2.567793235458312,-10.061033455184937,0.00217118247386853,-0.00748294263232897,0.2851631775506148,18.166583402738766,-4.73346535936206,41.69083306757489,52.412943133020775,-1.5091760596264763,9.492953633265808,136.8833715988967
28396.609421603054,0.1474173246983366,2.602894954253729,-9.847017468509053,-0.006679756406820454,-0.0106864420442719,0.27189934698194135,18.199054914934788,-4.516294228279208,41.52362541495077,52.41292737803697,-1.5091497352285754,9.31096227402677,138.4827799229315
28502.033563851186,0.12006947953728146,2.532350047752896,-9.867771535644957,-0.004484534460519409,-0.008031567568370524,0.27416534480458865,18.204681709068208,-4.866955387884254,42.10761785944277,52.41295807141851,-1.509125949554014,9.682917992217504,140.07482100589232
28602.50651799694,0.22951366338664042,2.3012081824290043,-9.901415836540627,-0.003175101425140578,-0.016687887235008796,0.270184486908094,18.303936184474033,-4.612787028743139,42.00065378349019,52.412936996540786,-1.5090992928155262,9.567215288602407,141.65970209049635
28696.87803155772,0.08952728051222128,2.537476248744382,-9.953377191278172,0.015254121152602862,0.007256520825154984,0.2783902683855718,16.73576625184202,-5.00288424933679,41.875174979191975,52.41290538366145,-1.50914212745238,9.512621478056632,143.23734438251836
28794.97405322202,0.2609667814727113,2.864664167912729,-9.782898428164783,0.014164003543596829,0.009266569267657678,0.267017337405762,18.91487278298117,-5.43693531612211,42.72107461339454,52.412946244448676,-1.5091312958331233,9.415396769209686,144.80790372990475
28894.439885913667,0.35515973755054786,2.3963655549510703,-10.22937494214573,0.009017782160535262,-0.00424335235243563,0.27916606744120975,18.08277008949056,-4.8760035588976125,41.81516384893049,52.41289994165577,-1.5091205998628994,9.455398179748025,146.37082673742577
29004.425026292876,0.22477055712979058,2.4925151468418343,-9.878659363366879,-0.007820773835074058,-0.008751290211590209,0.2864957734156354,16.96733086612214,-4.907772398544645,41.8708121457099,52.41290599436873,-1.509067426774052,9.38897658232287,147.9254498809296
29095.82972362182,0.0705053708160694,2.4326349177130386,-9.6847832996186,-0.013679719680257921,-0.007373840317878847,0.26898084487350954,17.45022201095119,-4.527907835052638,42.33983218309987,52.41287661006988,-1.5090986899313166,9.18510768365017,149.47277848951342
29200.66090106404,0.4715609336757125,2.6508686090275124,-9.974836019705009,-0.007513508497075192,-0.002412731648112238,0.24965771661155728,18.510363039365032,-5.179091665890612,42.245455681205506,52.41289047246479,-1.5091110516049258,9.42919943763056,151.01189916484043
29297.132379993927,0.35940923823089865,2.8344409468061214,-9.56757492763834,-0.013757204550773606,-0.01045840093008253,0.26317482437170303,18.20093525240471,-4.883847917122651,41.823668866481114,52.4128495484485,-1.509098433217057,9.499868286687029,152.54304093019118
29402.101312228977,0.22379353141628808,2.370959264530025,-9.907542516644394,0.01952408827309009,-0.004504814892070126,0.2601189388039798,18.013879943798145,-5.7673575454259485,41.483368116966425,52.41288428958295,-1.5090641919900143,9.445851449637981,154.06577679547672
29498.699540126,0.26684661318783115,2.6601500714161253,-10.164163633753716,-0.01126598454210544,0.007919924222046308,0.2773018668908121,17.716426785013454,-4.8767674656205395,42.41187532528962,52.41289232969224,-1.5090908415951299,9.649833102507339,155.58076500465017
29602.538801737654,-0.029911769012420486,2.419842237980868,-9.711021239736006,-0.0009456763537463119,-0.001313304595553217,0.24896553570484906,17.65042451225666,-4.92863769053721,41.96722969589674,52.41285284655439,-1.5090745547578115,9.463259952865702,157.08697238215575
29700.623325273224,-0.01771311299360162,2.678223478421127,-9.679689840210935,-0.008776334672336617,-0.007624848765919614,0.2653478051798578,18.091076492743188,-5.172535742235427,41.88581836111714,52.41287386613036,-1.5090632233861387,9.63308381406293,158.58508393587522
29799.86936095266,0.32054039726994865,2.492945112860239,-9.581094600357181,0.006490906867504048,-0.007403421524335957,0.26910216820980803,18.486239952977062,-4.632293217653386,42.312080351879324,52.41287507267531,-1.5090520103150746,9.674444310298096,160.0747885254383
29897.678464888944,0.11418501022623333,2.8412403829298287,-9.938109484765738,0.003476557320068629,-0.0006887807295193407,0.2408536027172273,18.477562876675975,-4.223454070517089,41.631716656342604,52.41280454376817,-1.5090539336354376,9.780550744147602,161.55618672787
29997.447250912355,0.28594437148867535,2.535046814140645,-9.903817420935853,0.013009578442975374,-0.0037317072959263736,0.27250232710206207,17.6325335895908,-4.825179625119466,42.30409182297573,52.41282487666988,-1.5090221558110475,9.815788897346511,163.02906396255526
30102.822209002574,-0.002616474486984488,2.475677602590293,-9.645731808041752,-0.020063720144769197,-0.01158209866210257,0.2405062902217818,18.684098647858068,-4.168924743355841,42.345503759013795,52.412866487845946,-1.5090722617489114,9.973241817896879,164.49305317229778
30200.789545122887,0.20931061290545686,2.6502798641929686,-9.905167233069838,-0.020704727542019425,-0.0047666473196649696,0.24678089781931195,17.424567970252784,-4.357633683181213,42.35836855556345,52.41284822259552,-1.5090292811251416,9.86612808806967,165.94869813655714
30298.346784257385,0.2604786908902218,2.368352843694923,-9.892291688983443,-0.016729118307479786,-0.023030228474127418,0.2724569596308718,18.336928584491037,-4.596172187046853,41.53679282872696,52.41277279315088,-1.5090775787060713,9.652275571904761,167.39605081720038
30403.18402154559,0.21911248845016598,2.6119032508545876,-9.768812623815322,0.0009267501713913401,-0.01939498469204384,0.2336084739140364,17.19873999018963,-4.703050554694225,42.21693990752447,52.4127913191598,-1.5090205088113007,9.993726558907236,168.83441976663892
30501.173475868785,0.32118405952982293,2.63704121797503,-9.770757570946182,-0.0005073695465054619,0.009718221538383625,0.24571506323168293,17.652176875818064,-5.76760957338313,41.04699122075736,52.412767301166674,-1.509053901941969,9.983883624624443,170.26427425105828
30600.893610832984,0.1242396938777544,2.621620829193786,-9.84971963483898,0.0010583609575187374,0.0005992987635844171,0.23764045784330615,17.41850596993339,-5.362469607019275,42.80216029469931,52.41275842143664,-1.5090221947430527,9.462913487555902,171.68562564357512
30698.562891684836,0.05898579032632047,2.4028033690448107,-9.559770861448673,0.013477439192742208,0.013670786312281925,0.24575294162647485,17.96111505295999,-5.140159220892624,41.352156131704376,52.41277628976801,-1.509046122527192,10.18170626271909,173.09849234111732
30799.647213599063,0.5777681945188997,2.7126814453696855,-10.009091970180773,0.001407788176929487,0.010093896174857555,0.245612355741187,18.51079563747218,-5.526168352890359,41.5732882039215,52.41275340504118,-1.5090114840435587,9.976396253322807,174.5027497222743
30896.48689119645,0.10144935564951538,2.340520225083568,-9.955524223561829,-0.019302933600787615,-0.0029674238897488543,0.24526497797172564,17.74230058411655,-4.025816415049076,41.87747217015945,52.4127887135791,-1.5090007904094775,9.724327868556868,175.89863232779157
31004.52548459832,0.08169600860725454,2.4893175809629104,-9.931652914148778,0.010589909685518468,0.009799781602617885,0.2674702809771291,18.182644574899154,-4.989428830931875,41.91492899474444,52.41272887343944,-1.5090485871859496,10.218292829408442,177.2855091683598
31103.788186420265,0.34713663581293097,2.2550224647916517,-9.921043908949322,0.0010956959435251647,-0.004069718391748768,0.22366198803197446,17.61304660327408,-5.259093812310019,42.028943291975054,52.41277566609695,-1.5090117588481027,10.23686267010484,178.6639638259362
31197.65343812248,0.017614045479264984,2.285382928435824,-9.918884346724226,0.011397090167391065,-0.002105464974755419,0.2350504203199966,18.520484012405177,-4.848889925836237,41.89600055847695,52.412739649279395,-1.5090527433258463,9.869788172542375,180.034339571195
31302.702541560502,0.3814525690262917,2.3619041762517496,-9.817758073996991,0.011568022830696877,0.005834168500324683,0.23601425059398734,18.115415101131305,-4.297220969844263,41.77796455419215,52.412725408118774,-1.5090524674373043,9.69123169168292,181.3960381725734
31399.26541924728,0.14635575072846163,2.2334495695156917,-9.55274351834743,-0.010500547515796774,0.002333317109649451,0.21985138081635514,17.91927794607641,-4.4318185759836535,42.40540785177232,52.41270228916195,-1.5090409676040009,9.670049270848017,182.74994424734098
31500.5534368027,0.17917912892283616,2.4959265597973497,-9.521464743184401,0.0014802047172182223,0.0014362107488584688,0.22592298189925156,17.545864554653075,-5.978337580793454,41.814804675151564,52.41267306088796,-1.5090154005839231,10.093254264962527,184.09539344473228
31596.38280775645,0.37552595604968986,2.307807397508865,-10.040000156872315,-0.007810209531372679,-0.007511948038959543,0.20940759918578272,17.9080676214679,-4.990708957591209,42.15348399216647,52.412694625290676,-1.5090538248651602,10.106687793667327,185.43290999884618
31699.228682309404,0.21865541728947951,2.3446997901368656,-9.77636682489606,-0.009854790046171808,-0.0065060682632741215,0.23419327533634496,17.44797677525068,-5.124082712763634,42.11904320587981,52.41267545057864,-1.5090572462593006,10.194347881117574,186.7621143952599
31800.56987124739,0.09237102787269547,2.1933215566851274,-9.857813365178227,0.015773456588906595,0.009782861113720296,0.2451002783692717,17.58192876620856,-5.568941691678902,42.20359942456512,52.41264908417319,-1.5090622370327518,10.220675945538542,188.08334385182002
31901.410256242012,0.4936964959491278,2.182722461174516,-9.631219784683884,0.0114036676500062,0.006173493393954375,0.22746073885071552,18.113629416952495,-5.340788455329628,42.14963674686009,52.412642944740064,-1.5090296684073021,10.291581016127164,189.39657184217117
32002.394967212644,0.08366889154243169,2.2675863189667953,-9.808400237124841,0.0037140618094619526,0.015990729174223447,0.2307180456713803,17.382445831523444,-5.545039039980782,42.068852727897195,52.41267107934976,-1.5090558778004926,10.476180517385515,190.70213367262897
32104.999420263568,0.33722588786489893,2.364403125047885,-9.817001335749305,-0.007196003175447071,0.0071697271376876676,0.23974688472142203,18.271347562427376,-4.673061374602938,41.33896465184732,52.412633291300374,-1.5090742527710281,10.220090389633809,191.99989436962562
32199.320226103537,0.37686957047191394,2.3177078565600255,-9.620686077605239,0.0015376543022898148,0.017534424472069807,0.2406197935685295,18.290232804017357,-5.018473077754139,41.22624150117788,52.41267531906102,-1.5090764781502852,10.160103628410557,193.29048979084166
32301.416622516415,0.35680149824514407,2.3144620539729273,-9.824176049336707,0.00237378436259918,0.0058609018719163845,0.21604360775749104,17.619953217748826,-4.235359693182502,42.7044227881087,52.41264090130605,-1.5090766791611434,10.238194167581707,194.5734345498006
32398.560644809335,-0.1554232859474049,2.64092972740209,-9.889510626079666,-0.0036228027453746635,0.015553518401138154,0.2067100357658606,18.14127246766459,-5.01726240379162,41.34107155344398,52.41261175690752,-1.5090735941034714,10.287125312685644,195.84948432596593
32504.07900318182,0.2108513668903768,2.2217598759892483,-9.742455611270186,-0.01265695329458014,0.0042101173127445215,0.20971247852003136,18.22967476624218,-4.114892507657828,41.2104969185926,52.41254098756312,-1.509054049733427,10.109530969717232,197.11791425114757
32601.244047233275,-0.05878290390523408,2.2925969382498894,-9.995463698858845,0.006801659480351615,-0.011962415608653177,0.24600467189254135,18.20016348697209,-5.4944866761652,41.59020609563382,52.412598426320514,-1.509063616039154,10.299701264877632,198.37955253413043
32700.609599162228,0.2716750799654816,1.7598708631560274,-9.719037423644057,0.0028567010449443504,-0.011114237504665156,0.21604090672036877,18.35333865116294,-5.099759881686898,42.03944458222498,52.41257877589294,-1.509093082544525,10.074168021168989,199.6344371586979
32802.388256445935,0.3156660086825366,1.9945893328357838,-9.665544963858377,0.0015030278449012454,0.0038464486147200844,0.20760741790173634,17.8249651610801,-5.010060245764959,41.023181385601866,52.41258884176443,-1.509088765135868,10.759577777746552,200.88250112063702
32898.784010533964,-0.00681806874603938,2.2979785120100034,-9.960079266368073,0.004204303101369836,-0.0067412794085458,0.20034354056442819,18.247298878820605,-5.27391207575784,41.68879752077756,52.41256788624491,-1.5090684057093284,10.215111785170373,202.12431817665583
33002.39752231454,0.25361200763004105,2.2064280294915535,-9.689792376586615,-0.011547663216327216,0.012113137071166449,0.20989198529664105,18.606165890786293,-5.061776407936418,42.512296696749104,52.412569555145026,-1.5090869434695504,10.33741884574901,203.35956024938116
33098.009228759,0.02711593808207549,2.1745066489397646,-9.859326778254797,-0.004145104920079667,-0.005407705749080024,0.21847804657160166,17.802408632080372,-5.0139770452339265,41.92617333545632,52.4125772109849,-1.5090652748531836,10.289022901471917,204.58886000459904
33201.64735480079,0.22774969944448398,2.136213836503621,-9.71774676316731,0.013594133415508018,-0.0015546044100367379,0.21114150963317274,18.270765503428052,-4.35751188063305,42.944415622876605,52.41255444283345,-1.5090995194279677,10.663027119379676,205.81201804105933
33298.60882300186,0.41831944141928157,2.037557452597309,-9.786936767559721,-0.01387207032735611,0.010669055653774582,0.21891439335453586,18.10371067224856,-4.318866901377621,42.101443221377004,52.412503540017816,-1.5091405010072356,10.246366525928936,207.02955672356734
33397.73268151639,0.2703511924284562,2.089423182458603,-10.138178190772674,0.010700338047110482,0.0054314034074814275,0.1970322225966067,17.938268197593214,-4.188417002712055,42.12472985266449,52.412501013741,-1.5091100640466386,10.657300433910693,208.24163536739286
33502.34781738177,0.38532786435928634,2.0839592660661332,-9.803170291898997,0.009672614395411745,-0.001741922842778998,0.21845557881488437,17.762937290284277,-5.6997634025091095,41.47343491499487,52.41255133382687,-1.5091363475593282,10.601035938994391,209.44808868584641
33598.530461204486,0.2722558164033666,2.2408517442976756,-9.850328940102273,0.003475305502015701,0.010954366061105794,0.2292448429153816,18.28495127330762,-4.037457285601996,41.71386052474539,52.41249600043885,-1.509156938233084,10.39694399987436,210.64946785446273
33697.80121536451,0.1428106619298633,2.1097906919180778,-9.884498445074717,-0.002707497176174614,0.006354800417593068,0.20640035369993442,17.389108473679684,-4.5552426549248475,42.28440065700756,52.4125010799453,-1.5091158345544327,10.45523849907384,211.84589767169984
33799.10736062709,0.3422726566121191,2.0292339186133455,-9.682554493793123,0.01025512613527363,0.01007588875875816,0.19791015883964347,17.382824958250687,-5.331147088211668,41.84577952015509,52.41255833043075,-1.50914402594409,10.262389426667937,213.03745245734478
33904.12979985325,0.18910964077831863,2.286437425167321,-9.676745572362583,0.017460520975448066,0.007428022096690688,0.2217305082244214,18.239139897768403,-4.324589419961444,42.682103780217105,52.412471567554256,-1.509139054001761,10.391528213276231,214.22443491694708
34000.11661941087,0.3432231707289891,2.108133249822156,-9.468930073708474,0.008021534571375662,-0.015270009918144091,0.18077095821932074,18.48040173889145,-4.676707032906469,41.06530675537704,52.41247446520593,-1.5091831161343041,10.359548485535672,215.40715907841036
34099.15746089002,0.3972317031196655,2.2960009213975847,-10.015278453750842,0.003652342191987682,-0.0010110039044750952,0.20062150503406206,18.14416743821374,-5.422228800736209,41.93059027846717,52.412440385028866,-1.5091775438326196,10.530607235939414,216.58575857002256
34199.62825711783,0.2066234557071712,1.9650568244999627,-9.882958232933984,-0.0071189790065300075,-0.0008275954677281496,0.20669512878559732,18.445817626133245,-5.647355931830809,41.31278991522461,52.41245507170595,-1.509192272237335,10.700309290046,217.76044451668395
34301.33566962465,0.1302658088011703,2.0869616722091147,-9.723017483617417,0.0015782000137112828,0.007624707190266652,0.20840199427706355,18.17083255326173,-5.454915955848026,42.41801710110534,52.41248931703531,-1.5092047048952246,10.704042988813727,218.9315087097541
34402.34130313205,-0.031247209841968215,2.1138881786707087,-9.899878489279246,0.018915961067514735,-0.01895288325576929,0.21406519325350876,18.369949003915615,-5.231741106915326,41.392120023656034,52.412478501668396,-1.5092089462196934,10.317047598274607,220.09915406407458
34504.430401480575,-0.014598421267561779,2.3074882806919375,-9.875334608380289,-0.0036623807359914794,-0.0008154226843945763,0.19786741533830615,17.26460320176804,-4.436828513717318,41.91061677173207,52.412449533678405,-1.5092118579419804,10.879137110288493,221.2635392966905
34600.58783898834,0.025813447289367325,1.9371591998814681,-9.729339386150128,0.005364814152424383,-0.0002585595484391922,0.1837640486860646,18.346925761290255,-5.069384617685393,41.79800347287904,52.41240471855018,-1.5091892264476299,10.885361095995071,222.42511860166974
34697.28997639874,0.1107290221764767,2.104478312999248,-10.099694492574626,0.0008046482941020897,-0.02050707312032586,0.19566069573877912,17.657280658041802,-4.31521595663007,41.50226730449299,52.412462355788186,-1.5092330542446835,10.64706357622384,223.58406196393844
34802.64602833662,0.3222683423685634,2.013175192942565,-10.090649110484659,0.010830545686229456,0.00764488951474818,0.19009159931541592,18.067523442714503,-5.490924412305714,42.54040161269184,52.41241964919235,-1.5092929075782142,10.56079325848218,224.74048032845963
34900.37246462918,0.10529164422759192,2.3358638246800996,-9.609177238240601,0.011085947923282932,0.01966794750938704,0.2240880327879024,18.705051592723414,-4.7905327555556285,41.908962186411514,52.412411866448004,-1.5092486582510611,10.778145825826316,225.89474814932248
35000.328513863,0.008140251812347676,2.0731373637664423,-9.774640866018352,0.008719279999711758,0.010758813083741386,0.21998533301279694,17.407948129758473,-5.237742535727651,42.140390663276946,52.41240435613157,-1.5092474272396892,10.790659269479809,227.0471021568609
35099.346488011026,0.1810821601513169,2.1021598571526328,-9.612250767647778,0.0041491738075803706,0.007046648096887998,0.20625320132211064,17.97379100070767,-5.27530678724657,42.35314024376095,52.412431295600584,-1.5092728656337928,10.695836032136592,228.19777293882657
35203.123043425316,0.15040273169451573,2.4083993507846637,-9.732516276401686,0.010144519931902985,-0.014198802162701807,0.18793422451594521,18.296249793581037,-5.0747206047821605,42.10272315528819,52.41239056028581,-1.5092852749746035,10.429954857793184,229.34699082362488
35300.75025976879,0.17548943954390517,2.4697468890455734,-9.517515291821088,-0.005402705954738435,0.008829710728544021,0.195893099391621,17.627355623360454,-4.867912712087682,41.74654316087975,52.412417632044786,-1.5093550963072104,10.589949580478354,230.495049351533
35399.915936676996,0.08678371266103405,2.3944388249694137,-9.723484330672958,-0.0056248402340952205,0.004949448358672813,0.20216372240013902,17.578209683140095,-4.449717418636647,42.42699422118873,52.41241021146311,-1.5093581064352717,10.747585020474737,231.64218462950737
35498.20446549006,0.240807359191841,2.4754696148725506,-9.885873551757788,0.0006702533366288996,0.004553177681773637,0.2115564607077307,19.050558327183435,-5.483075524423397,41.619159768878745,52.41235144666672,-1.5092971852405406,10.836082970445567,232.7886641863322
35601.69833736528,0.42838448432365306,2.063793077377464,-9.641326176810889,-0.002232632247999192,0.011570282195383575,0.2017825899060134,17.02061291134634,-5.307112175848686,42.579175489005934,52.412425521499074,-1.5093356971221719,10.770846153938885,233.9347291951882
35699.78966782552,-0.041653457113872694,2.1371923207168853,-10.192864706521727,-0.0009304718043931995,-0.00022401808375377405,0.20310577587242495,18.279248665960125,-5.372030683114213,41.80211255559203,52.41234278062929,-1.5093701720576664,10.902527226252337,235.0806453327001
35800.71658581571,0.24239210687204688,2.282870887844014,-9.697962302016265,-0.02197338156018567,0.007158000756568471,0.21054462744839386,17.385862138514256,-5.195435396654745,41.95841460529782,52.41236026178184,-1.5094113566807121,10.445434726267457,236.22667336327788
35900.719860471516,0.13670193310591144,2.1931820211611255,-9.55461954295341,-0.019495612935582086,0.012879112857877984,0.18829094756714773,17.737036594081168,-5.064072980515844,42.115992530327894,52.41237128723188,-1.5093857914346571,10.637296558498829,237.3730677275404
35997.5195812589,0.27951000169205753,1.7834941003956168,-10.189715121940608,0.0038204839108728697,-0.0014124224386406982,0.22457398436994458,17.553265804466683,-4.798768222196251,41.834576494743914,52.412382136816774,-1.5093941493084335,10.480968700422984,238.52005890744908
36100.698718731604,0.06254049163233681,2.0398819231497396,-9.76518927860206,-0.006455380169321661,0.002630052472320789,0.1909285663584797,17.463896380223826,-4.474855363358763,42.10697664725524,52.41233236534311,-1.509415098945234,10.639604543163113,239.66795244172795
36200.22470954088,0.1792746145439974,2.04155403307181,-9.230948630695814,0.0009585537766161919,-0.008896650344088396,0.19834827652019513,17.487342767503442,-5.8472673826933015,42.149792053428115,52.412342834927635,-1.5094242905476107,10.962208970394519,240.81697316616692
36301.73219347747,0.09652151994433292,1.9691575276000963,-9.646684606144783,0.008782766905997209,0.011712833059550863,0.21713288701935726,18.449738687706674,-4.956438323011848,40.980609031221015,52.41232062510924,-1.5094164533088827,10.885517186240335,241.96742851360716
36399.42819439354,0.3863443468331269,1.9275344326299206,-9.889523480797044,-0.0008731264053112711,-0.002815162367811489,0.2214843408995153,18.079305756314668,-4.827790450066951,42.625730618809655,52.41232846179875,-1.509409662691309,10.92130929185226,243.11947478250602
36501.41374617511,0.21563028026986927,2.1770898004826873,-9.957010369115826,-0.012393058808130249,0.012310119014798072,0.18646902200752458,17.79853400136754,-5.4063829611426675,41.810455426963095,52.41232529210857,-1.5094614180130164,10.861947109834738,244.2734667740109
36598.0722954319,0.17718766068348002,1.9224104838327873,-9.50233046881266,-0.014777693934632232,0.0044842893182559735,0.20328602361742962,18.27149233790541,-4.984962189308615,43.17282400276683,52.41231957765688,-1.5094872400714439,10.907125037472841,245.42952793421364
36700.49978095427,-0.3035895545990761,2.0719701546995877,-9.677890927181018,0.008217128953470104,-0.0029732439341077846,0.20982729457018523,18.8275762920383,-5.0343511266524485,41.309880371635316,52.412299291623754,-1.509502477229121,10.74067608970093,246.5880479110715
36800.86321769163,0.16587260980454405,2.175549799460233,-10.019424177586973,0.009861266001379671,-0.005077361714709504,0.1845532561307653,17.99732581814355,-5.235707729753761,42.39268498671213,52.41230363974764,-1.5094804833181579,11.279480553029087,247.74924026032363
36902.492860225626,-0.16163628165520888,2.375163542903011,-9.498715167946505,-0.024953522910653576,-0.008003713256332297,0.21115279044011426,17.589787144866474,-4.92248129023672,42.58970017193654,52.412310700002344,-1.509524299656584,10.82713079795389,248.91330855533192
36999.46337929906,0.29580833375297966,2.225671691524871,-10.152003126721095,-0.009315274216634875,-0.002836600487341511,0.20500981633038518,17.893633753108173,-4.690721965588058,42.65947533471644,52.412341860568944,-1.509529756231924,11.346464095883906,250.08054906043026
37097.9165511245,-0.1269081699064865,2.2043795017855747,-9.744346253119465,-0.0009808483192325203,0.017716860411139818,0.2032349318233348,18.56667888675516,-3.6151553624200004,41.934250539711456,52.412316862653526,-1.509534807777436,10.25045864231673,251.25103172345928
37199.12641095753,0.2061594946247597,2.340424978132549,-9.832545706321076,-0.011544067244426016,0.008351711494320709,0.1867613083630377,17.966898784422256,-4.033660446947113,41.81244921614818,52.41231829950729,-1.5095896808922173,10.9166372109047,252.4251143583308
37297.87246991919,0.1324420879198433,2.3769375793130836,-9.564122982932885,0.009063021892081998,-0.006507443559029133,0.21467168962838523,18.676341414024876,-4.46598617134001,42.03339708031869,52.41226958523052,-1.5095905988050895,10.978913929063863,253.6030616832719
37399.08153217797,-0.18192065588395143,2.274136202976067,-9.890425797277258,-0.010159514625575763,-0.015732079632196055,0.20672675439749114,18.50987709886303,-4.663431809549023,42.514659897201675,52.41226737696768,-1.5096211166263163,10.715880358143119,254.78509189289207
37499.66636403183,0.382531325086772,1.9171106168574734,-9.990874004915394,-0.010930404912052698,-0.0018971403146278913,0.21737253297985365,18.29516295837686,-4.476757859836484,42.294367787978004,52.41230917387289,-1.5096400539475234,10.771107775548776,255.97144640905935
37601.650212717526,0.004844427376284925,2.4298442709752006,-10.069328994541207,0.008787299074524187,0.004414210397760866,0.20772930116872995,16.959641284055444,-5.446259555718222,41.655662003779554,52.412306380062745,-1.5096197963743172,11.125836151347375,257.16229704125453
37701.27716285027,0.10305189350571722,2.2470367431154235,-9.78582023023824,0.004530379696613891,0.0019148196836559618,0.22194713876839656,18.15777284461022,-4.7646140882239205,41.342106861175246,52.412293537936705,-1.5096748227693406,10.703339717292796,258.3578968232903
37803.58266701208,0.1024319619684456,2.1266718338700406,-9.653654696620954,-0.008402922763941964,-0.009228854839499647,0.19568849258639096,18.66085415947759,-5.409523224364473,42.12121102840749,52.412335931483746,-1.5096563640280192,10.998064940259614,259.5585451263005
37899.05268765729,0.03556066446765368,2.3196671896566534,-9.869888574088892,0.005442209887323171,0.006628717330114925,0.22779645341815397,17.985098195819486,-4.570131926467647,42.5717112629553,52.412254253663214,-1.509677887656757,11.06131179425384,260.7641131430257
38001.54501332423,-0.14413739588783808,2.268776184302037,-9.861379099258736,0.00743635269545328,0.01235449897167825,0.21121061746267347,17.430755809453498,-5.383464352932889,41.9431020329381,52.41226002726148,-1.5097028058893223,10.771693289516982,261.97522267488114
38099.217283144964,0.22405773569430024,2.5863421714132464,-9.608425887824787,0.014100622559918785,0.004294200377743054,0.20236651959604995,17.639983464089603,-5.1396661314886956,43.218282890447384,52.41227718758088,-1.509733429166164,10.857407126983345,263.19174570850487
38202.350943767866,0.008575212683868533,2.246911350138232,-9.469920234662988,-0.017121155651873714,0.0007959796369229177,0.220052205722904,18.22884791985552,-5.331827817113892,42.36985757418002,52.4123008197231,-1.5097701282608382,10.839860678590309,264.41418369213125
38299.55904004561,0.08874723882068894,2.3365283695549453,-9.663031346203478,0.011096002395771043,-0.008651203426653233,0.242229218245201,17.610007312409135,-4.783409722929914,41.93433675198142,52.4122903680793,-1.5097478893352858,11.031412794659756,265.6424506466516
38401.55962195848,-0.2581538588730583,2.092881149518924,-10.221600819150868,-0.005006189404118936,0.00216045026519027,0.2328749731485367,18.96936890340714,-4.943303597415148,42.01700743087378,52.41227695798022,-1.509763476848296,10.924734047252608,266.87689784224085
38499.618853580665,-0.12014635513873154,2.4092124246951725,-9.907521260662412,-0.008821266422065408,0.007958697486750916,0.20954341149701425,18.613657568897015,-5.031997933972697,41.929676183568304,52.41229586827984,-1.5097649831162376,10.745592326301123,268.11755847854226
38598.80367866483,0.020331778208727173,2.546951799210414,-9.554215421936508,0.023762130506606867,-0.007500422929943969,0.22056096256898447,17.439239571566727,-4.28976393570835,42.911143824382236,52.41229933416323,-1.5097918488931905,11.378402206426179,269.36459019678705
38698.68926543728,-0.13757689741372464,2.4918828901601766,-9.48968243732928,0.0026743787250994955,0.011975084164528391,0.2266456982018569,17.071112795309656,-4.928885969001265,41.852816922285484,52.41224996352812,-1.5098294896969167,10.742520036742029,270.61824114469687
38800.30218506766,0.0652386404906628,2.6593691883276267,-9.528060917210828,-0.009229689464729681,0.01363040987182535,0.2250679178690046,17.97785631253767,-5.473684896488642,42.66032089918186,52.412291099891114,-1.5098217257340776,11.074975036169116,271.87879857036717
38899.891875182664,0.2881655573946822,2.7519628557432783,-9.971821908491853,0.007724141923252134,-0.013350713960451795,0.20719121304272684,17.891768513290256,-5.476539151550405,42.78270176235513,52.41226523138654,-1.5098412293897563,11.144125148038663,273.146275775208
39001.98873241949,0.07274031336486754,2.576467513622413,-9.881438033458615,0.004842500717077131,-0.005313250570928168,0.2101075275022663,18.60522499140346,-4.746781758217817,42.301593657261684,52.41230160642802,-1.5098484904627365,10.876243123059934,274.42109374363463
39100.753186335474,0.13305337996507882,2.564887142058056,-9.585385842168762,-0.006308918916607956,0.018736812071345345,0.23336663969375887,17.408373790680294,-3.897477958201206,42.82255356019419,52.412294628509315,-1.5098914607729659,11.342534281157342,275.7030903357528
39196.15582338559,-0.09602862389566627,2.4532357362921284,-9.647818581565044,0.018152404672049594,0.010113837437833211,0.18997447160664477,17.524983312877605,-4.877233399532113,41.58576017219257,52.41225880031169,-1.5098793985267873,11.045042259643601,276.99212807467757
39300.38200812889,0.10481753452587803,2.34785124141546,-9.731058695835761,-0.0011711518430265568,-0.003329680850447182,0.2090893362656828,17.47478780411781,-5.504609964947305,41.05102582906046,52.412289607208486,-1.5099062258309714,10.836250957550574,278.28885990627236
39399.619597628196,0.17392876683993044,2.57634812548601,-9.858111780906508,-0.007854130874038958,0.0024641579555822178,0.228798077396384,17.897740722119863,-4.175548524695934,41.39639076199293,52.412302869758456,-1.5099498945561878,11.045626552431434,279.5932863043229
39500.23155011774,-0.1696203046391389,2.5196934023478805,-9.550622224085604,0.012926057558434307,0.011375170150556531,0.22244970332354208,18.10423744868773,-4.090301704648058,42.20248868949843,52.412286074651526,-1.5099360435050713,10.724948806140775,280.90546119614794
39596.152379154024,0.047300777185674256,2.884099129588566,-9.641660186916628,0.0009917043446116525,-0.007153443191153482,0.2273803623276198,19.108865190241662,-4.275746464946486,41.791041290128405,52.41227224877303,-1.509951592890394,11.29615086283681,282.2251963223191
39697.41373385066,0.03123053472403159,2.520099730683183,-9.92009496037629,0.011131066250436536,-0.014831022045913753,0.23142741242226791,17.116969074347494,-6.055770843978494,42.43273596373289,52.412313102407175,-1.5099635675262255,11.27421670388609,283.55291240233737
39800.324328305454,-0.21089674018117655,2.308532378082598,-9.498233125806458,-0.005962615293967003,-0.004592755215328572,0.22233432275105086,17.942356488939442,-4.733204156342248,41.43466333335911,52.41232284043421,-1.509993797760068,10.87077160026151,284.88901847204465
39899.62076629834,5.159962159945444,2.4695860209926117,-9.966185161796531,-0.017376236940227226,0.002101781358252347,0.23972570895460765,18.888912103795285,-4.83580146903122,41.682161211934236,52.41232371338448,-1.510001854187896,11.077017763148353,286.2331613175895
40001.13494093347,4.82999667726974,-0.4262571078873792,-10.182991151673107,-0.01319625455041197,-0.0006097220352442955,-0.007281311009482888,17.650285857462507,-4.918008003708263,41.774880900244455,52.4123320721554,-1.5100717017154122,11.848887261431035,286.1928907311217
40101.47827833083,-0.7977447797386474,0.030963329208091278,-9.665717716665869,0.007950441548744101,0.01593561714032295,0.011805550331326365,17.65121072752552,-5.637620188283043,41.717947761625624,52.41230100361488,-1.509985482575504,12.020109935806714,286.2527217692631
40198.61248922374,-0.4932788929185784,-0.05197643140382224,-9.978983150887775,-0.002692886314566691,0.007946991659372727,0.008737949129474478,17.138488481170153,-5.790336234682772,42.945794069500806,52.41230586198603,-1.5100388548570818,11.970644177523027,286.27927992569016
40300.799556363956,-0.27366140425016916,0.032216975586528404,-9.977212571523967,0.00985707497915864,0.013555554286663862,0.022263501108839574,17.86635273412157,-4.308613468330829,41.99386215030215,52.41228172451819,-1.5100682040563358,11.58616654315151,286.2748686651312
40399.91273007352,-0.2967095144627806,0.15749548053159854,-9.823314182683093,-0.015921518291070105,0.01071737830134761,-0.006764331642391622,17.90919809124142,-4.956719073979284,42.17395798189447,52.41229077176399,-1.5100691091263398,11.268859871604683,286.27219931371155
40501.52277493865,-0.6702912493258572,0.03215860134210635,-9.559294874303927,0.00015746241884203853,0.005395430702260617,0.0033944089648600614,17.454780779483755,-5.005711042138096,41.702892052897646,52.412338441416,-1.5101000399393907,12.149573221667874,286.33122672001355
40601.22487697106,-0.6186057457331167,0.13344562302684715,-10.022737021319223,-0.0030601625491302265,-0.0012030805846370619,0.004444539556625159,17.135536412517876,-5.325681832683919,41.47243839852332,52.412310692310434,-1.5100976980618974,11.630309725515055,286.2966910698251
40696.76806067549,-0.5056857814835745,-0.2593195066629886,-9.542571440553075,-0.011949670282591451,0.00018064713685605417,-0.01846584584324199,17.79341530217147,-5.552659561911193,41.824276801968054,52.412297438799094,-1.5101517335793397,11.580861692133748,286.1997284889269
40794.35578691975,-0.5630014815138747,-0.2126692637939519,-9.951334104545708,0.007109755400973756,-0.0025624920830427003,-0.017037333523801535,18.400536810464406,-3.9143507783642746,42.485747940719975,52.41235974084589,-1.510126766402796,11.497455747486933,286.1706168907675
40898.16978446688,-0.25051662085995596,-0.013439668966005028,-10.1958964878609,-0.0015764603407841093,0.004706350409382037,-0.008484145876376492,17.905619813377882,-4.881414245193719,42.303501106410714,52.41232684917102,-1.5101903456987533,11.524592720195157,286.1775335354671
41002.989207510764,-0.6471657706071526,0.05659025374022755,-9.796705147362715,0.004351611211484772,0.017415865432824803,-0.00739853521495559,18.58127753068585,-4.843293143409281,41.795995704206085,52.4123432853335,-1.510184561726567,11.564212082335555,286.1414216563702
41102.2668243834,-0.3410461580947142,0.22520504744009529,-9.96203018035326,-0.0005104769334929147,0.010735969749403286,0.030761816115925433,17.62185874494973,-4.777393410373607,41.657883700582346,52.41234163947411,-1.5102108267896341,11.636796572584876,286.21313478958893
41200.287872531815,-0.5267848964129356,0.05358343593246734,-9.995148939272607,0.014906446687365151,-0.010501586362653567,-0.007584483523281079,17.356902040530038,-4.316832566918006,42.7555400342468,52.412329565329614,-1.5102163356522327,11.526049176469149,286.23627396407517
41297.793597345306,-0.25996220286515404,0.031179141254067108,-9.848426152132143,0.0024010986396851316,-0.00503421860058828,-0.014077054598512927,18.288878308964136,-4.742519002550355,41.31103298232022,52.41234862435953,-1.5102326118437415,11.176953579462,286.2157335878967
41404.77911386251,-0.8182162952818028,-0.0002823779344213596,-9.458284913564183,-0.002587768099783373,-0.012187728219487763,0.01640326894112655,17.48320538237938,-4.7648040213512965,41.52922189207966,52.41239985356244,-1.5102543610203436,11.55457776606395,286.217429973088
41497.286099449615,-0.567250124302962,-0.1389317002850338,-9.685540728292356,0.004222797249688991,-0.012659550965739452,0.00906503029304204,17.96428544236823,-4.759577507695427,41.75551920518548,52.4123343327034,-1.510243531568276,11.467670696940933,286.2274942192232
41598.912134458886,-0.26157587316220665,0.21478778626190836,-9.708870803484338,0.015397248398162571,-0.0002570506657805639,0.04487626298559632,18.094375099195144,-4.858726681545857,41.41959883355735,52.412357288299596,-1.510265261442993,11.22392231771624,286.26171447400407
41695.80884187654,-0.3039808794146199,-0.34705808645259945,-9.871744018047249,0.01364651079750028,0.005129011480274085,0.004988087128420583,17.985013122624352,-5.60669129718395,42.522481367345485,52.41235662754881,-1.5102937587524858,10.89922694918501,286.2468523845462
41802.63374348984,-0.5622990922132052,0.015324261856099794,-9.516647195239912,0.009905627151666804,0.016277419331571095,-0.011928597844028953,18.028434455273494,-5.193634722195907,41.8212522916076,52.412340885221184,-1.5103120908692804,11.264425991597832,286.2731349643675
41905.71660275306,-0.4691157361771718,0.2605217374144621,-9.721922658596784,0.010451071893804786,-0.0022959184754557938,0.011647128657967907,19.04738329747744,-5.275347623861455,42.77369705524425,52.41239285149505,-1.5103435583851215,11.197441899442595,286.2792203437525
41998.45674966854,-0.2816219019504343,-0.09301293015535352,-9.952170358731182,-0.01791557824069813,0.01231617080749195,-0.0019940143531908205,17.744815432563744,-5.08587297441076,42.497950362531036,52.412323638581945,-1.5103494430942548,10.872884991376464,286.2695652676564
42103.099315780906,-0.5755314153683537,-0.18498045768878144,-9.935779804010897,0.004184427550725236,-0.014031671261959897,-0.0034947869750994376,17.466660731440676,-6.093353598696719,41.9084103861215,52.41235664087319,-1.5103594346479499,10.907001718535902,286.260977326957
42201.079987384874,-0.7365384454453293,-0.13517905735768904,-10.114563602120036,-0.0031308066824258475,-0.0030128530499684276,0.0038490760175605996,18.025271181202804,-5.048833893925553,41.230287294105295,52.41233450336689,-1.5104358244025342,10.868147653641564,286.23015217971385
42299.44755012021,-0.6378490115233943,0.026804123798227483,-9.722644451377844,-0.009280956772147065,-0.022771434885554977,-0.004261138038059385,17.977160240664066,-5.1419016773124415,42.68512534867825,52.41237670419072,-1.5103724075216256,11.153927879718996,286.2493592761257
42399.71625190472,-0.6575823614425933,0.020964789423111155,-9.922013244240395,-0.004994906702530345,-0.009727920867110152,0.011312700673030876,17.849604028165167,-4.540290524831701,42.48867681473841,52.41238602476343,-1.5103883164665681,10.456855051986697,286.1963342985357
42504.71592544622,-0.7548762464912275,-0.03542315435817418,-9.760499179197664,0.00849229907075325,-0.0022582859330579955,-0.0013978648333680959,18.431275531038736,-4.896771500538397,41.53499404577878,52.41237088472082,-1.5104147999802002,10.632753836268058,286.20922751130524
42601.648591221514,-0.42517451758631375,-0.20826755385929144,-9.88012639591111,-0.012682870421814185,-0.00861472305598243,-0.008784790569425913,17.373878737674822,-4.884376704073052,41.113111664876975,52.41237943294973,-1.5104370950927215,10.599772481376927,286.21356221222095
42703.42322968858,-0.28234505878731975,0.024936766871305485,-9.703741083966857,-0.011615971432896674,0.005021375498328658,0.01781298998953497,18.0106087544838,-4.809831273057069,42.37654076846024,52.41238502726311,-1.5104452245948223,10.629828176122345,286.23809828807134
42799.7200152742,-0.6045563603336718,-0.05066360641407735,-9.665231974853869,-0.018249326419977868,-0.0008228363858910699,0.009502086325586164,18.79726439920529,-5.6311679180859615,41.9457927109623,52.41236499731873,-1.5104821760121192,10.71699799679892,286.221575050805
42898.12625343866,-0.414679391281343,-0.2710909544258905,-9.26625476281011,0.008165270957346092,-0.0046459340165936405,-0.02000304079097738,17.881740706722457,-5.393380607393035,42.726044783131016,52.41240223414541,-1.510463299547785,10.520187829782937,286.240987501106
43000.82522900296,-0.5076204418495325,-0.08085017518972343,-9.739240236491897,-0.004028079466888217,-0.008884281122877554,0.016761296337719687,18.132965148094307,-4.1719058334100465,42.696542366797416,52.412412196364585,-1.5104968256935598,10.48550697792922,286.2628852125798
43099.16251269513,-0.29495596502131516,-0.01756668335227176,-9.71894013673504,0.0064975916807527515,-0.009663031617575087,-0.01424341777026195,18.593538735509416,-4.862219345175193,41.3261296625737,52.41240806247263,-1.510527151016232,10.338713318804713,286.2486240083539
43199.79347769688,-0.5392546366630269,-0.13911562989370962,-9.77266895534106,-0.004837193539944328,0.005855295522994207,-0.006827535175623191,17.55715244057867,-5.971536147691738,42.3456601450712,52.41241976219982,-1.5105233457752218,10.473550403843548,286.249207999094
43301.54275427849,-0.3459583119002384,0.05435029100615217,-9.756883512557717,-0.009710291888489538,-0.013823156188416393,0.010517693689130397,18.571704806235847,-5.855945287502926,42.294205964191995,52.41242584167832,-1.5105273478731427,10.559451309808045,286.2234422597246
43401.5986719565,-0.5344936410003929,-0.03073262347311151,-9.6191258909947,-0.005318524021267527,0.016016762098116793,0.0076635844419277056,17.636411837102035,-4.878949494454691,42.68273566002463,52.412460082426165,-1.5105684646416437,10.026894846326503,286.24450507905
43502.31997456086,-0.3332603318332048,-0.01864655271118891,-9.864421504773713,-0.001269313788334739,-0.01420027347047788,0.011990405338372137,17.342242050374892,-5.379951966796932,42.57915190768688,52.4124024625628,-1.5105694021806124,10.40932457308114,286.26427400021
43599.79212803307,-0.4976156102018402,-0.13506977283066374,-9.866593408274175,0.0074818058413580035,-0.006797976192461781,-0.0019018690665218662,18.062180127165785,-4.771819357743809,42.7322603828803,52.41239757588704,-1.510589709050685,9.92754561030599,286.28481320462447
43699.784344461696,-0.4074200118581611,-0.19919463636177,-9.935576584938078,-0.011298143025919532,-0.002630364785150107,0.010351072010857509,18.382177550949006,-4.337582558298111,41.751895870076254,52.41243286654377,-1.5106254208674554,10.008719703855478,286.27569721087116
43806.76441750163,-0.6042326919786467,0.07721666847844995,-9.624199790449174,-0.010650649436351368,-0.006475067372928687,-0.016260761582674466,17.835972837305018,-5.522583056215844,41.75890360836726,52.412432190290545,-1.5106212862971296,10.244534691162876,286.2757234915873
43898.04565801821,-0.3566702892331465,-0.005177253175873496,-9.685567870983121,-0.010502524506449725,0.015009366883044002,-0.0010167489399983917,18.52788067525494,-5.539037935566139,41.91434244379338,52.4123955483541,-1.5106279206349595,9.999279164681585,286.29503592881224
44001.239726044645,-0.810110788386483,0.07386117312604737,-9.970113005179572,-0.009349269264378464,-0.007385408865546197,-0.0018841755627434587,17.708221890205888,-5.365356335852755,41.535371959042365,52.41239900212606,-1.5106373985100863,9.648237815889686,286.3218857486497
44101.40939486658,-0.0207893078777312,-0.08713447910383407,-9.897276175733685,0.0016752054540210466,0.015562687533921867,0.00471873990777863,18.125332440691174,-5.550220147224165,41.67807392638258,52.41238533391861,-1.5106339316928121,9.985657876836745,286.32361451723705
44198.35569062324,-0.40437751822055484,0.07591836618581566,-9.806290078260552,-0.0027223282559644645,0.0022390230027941865,-0.02339985982705147,18.804408107524104,-4.846398395813755,42.47879754911696,52.41238865073428,-1.510667194518478,9.629445062257796,286.2829391144818
44299.40447145848,-0.5750613835926237,-0.3100264608158276,-9.946785164022497,-0.004856254244465041,0.008186136021360963,-0.020432775436537612,18.202374096226233,-4.652322744326931,41.97552264578445,52.41245283351091,-1.5107260012976667,9.8052304709465,286.2458352546291
44395.1230387408,-0.49592500597827377,-0.1629807257830843,-9.652291047889523,-0.0016395791061857388,0.0008043472537803499,-0.019114884113892158,17.500438459255008,-4.6281510839185085,42.19485683610546,52.41243253232598,-1.5106967448948436,9.88597105831529,286.2221083688364
44499.8713192773,-0.6855173860712211,0.14908233832061202,-9.84654813420069,0.000673389411924828,0.013587467513668279,0.005705161201590438,18.197075726461023,-4.933871381627426,42.44174538078841,52.41241791295048,-1.5107043830000868,10.069500605964175,286.2203344841829
44600.90668703497,-0.44709827970553506,-0.055632439310185286,-9.812015075390136,-0.00817649459745524,0.005084879938754698,-0.010442658327932498,18.00914789669507,-4.516154530977424,43.159848361088386,52.4124350498315,-1.5107205704352098,9.60377710534289,286.1734046539175
44702.53090605132,-0.5207813023100307,0.07723285874032139,-9.741379621520062,0.005361692292813222,0.009293503047028109,0.012583273268815011,18.62589693633526,-4.493716290467205,41.6336235678841,52.41245280723255,-1.5107388660834131,9.469476724461362,286.21708315175715
44803.089901931904,-0.4636807288672202,-0.10114638992844593,-9.933551608933438,0.004491851003132333,0.006295691937433357,-0.023754496749255397,17.44341433978062,-4.901204559755031,41.58239164933573,52.41243461238783,-1.5107349209652086,9.546976414732143,286.17148416844293
44898.1218979088,-0.4027166076690274,-0.15655565448909242,-9.9062654522039,0.003518088047636764,-0.008868360252846383,0.015770589805492605,17.72386362763549,-5.026954106594134,41.23076353943711,52.412451711039054,-1.510789510852248,9.4544431154415,286.15097717972776
