Time,Acc_X,Acc_Y,Acc_Z,Gyro_X,Gyro_Y,Gyro_Z,Mag_X,Mag_Y,Mag_Z,GPS_Lat,GPS_Long,GPS_Speed,GPS_Bearing
-0.46478480779628506,0.7740427598662971,0.06025636308408832,-9.923829639734507,0.001035381539491754,0.006868579110122562,0.0043818618890241225,18.833331629613763,-5.787170858865982,43.45705460788418,52.41003182863405,-1.5100032046909944,15.144872917470332,0.021686126436634368
101.35360136253205,0.8840738265098249,0.13314525071077798,-9.969422713244997,0.014311521177617411,-0.020653027750406103,-0.0035489974264859645,17.660832685332252,-4.796155131581411,41.361457718834444,52.41004820970839,-1.5099829738081003,15.09023436198671,359.99526803589225
201.66571734353025,0.6891601124385927,-0.16100357979798782,-9.801815050254216,-0.0026003625018044475,0.021216313073302035,-0.002030057328071058,17.692928234376406,-4.709500230019154,41.45840577666697,52.41003907707375,-1.5099848395060245,15.32856945763415,0.020180410423108697
302.45680598202097,0.4309435842444288,-0.09639824093662322,-9.723011792326421,-0.008800119816907639,-0.002831518848798757,0.006199823170248817,18.762258590557952,-6.02958024184616,42.116797540630785,52.410019552064256,-1.509987859796343,15.735626736855233,0.059016574351915096
398.27829153225827,0.6912680616048008,-0.29507222741877204,-9.888797336248624,0.002691809202551599,-0.02025039913676173,0.013345054787234963,17.777526804552373,-4.60074933104639,43.05840152748193,52.41005905373017,-1.5100055402043833,15.640120696668822,0.07086061188095982
499.9276403070597,0.7213731682272183,0.039326761939498064,-9.702446361926304,-0.0021578712632821964,0.0015809389857678602,0.010523685744068053,18.800537153082196,-4.56169706007891,41.58190257464791,52.41007681303853,-1.5100274982780815,15.266261455521978,0.1246268514146891
603.0412536260404,0.5367173553113257,-0.0355031918650875,-9.748722103585317,-0.011777614579913581,0.0003344346797315094,-0.011803543294352578,18.445920289797407,-5.155892786628012,41.8670858171765,52.41008594475503,-1.5099916030710014,15.155321978446981,0.1024594237439942
703.1090162443382,0.7065876069619788,-0.08112796498571359,-10.009661355058212,0.014697842587874956,-0.00081894379572493,-0.015474119721343436,17.922675146719584,-4.373826818850996,42.538646836507844,52.410110940073665,-1.5099893144245313,15.434197637163656,0.06680269301853059
798.7151439474633,0.734714658680267,-0.11619196003344189,-9.706241396509656,-0.006222702228939961,0.009911911129266662,-0.013395620161179827,17.09335326399142,-4.431772212837577,41.99106892255613,52.41013269618253,-1.5100475820828843,15.39408227417382,0.015846111420216857
900.2477392974895,0.6416055748835547,-0.09456926251389088,-9.637294351495695,-0.018402663847955684,0.0074744497142705596,0.008218855901554719,17.990340847864083,-4.948441037141397,41.83269807273485,52.41015501241146,-1.5100164745608387,15.74345053460141,0.05870462392664422
999.968960832611,0.5640130061233172,0.17190153650394535,-9.775706136481922,0.013281660539573328,0.002978761910238452,0.01520769363653291,18.050815026766713,-5.2257226951624665,42.28281645094336,52.41014653282295,-1.510013577543578,15.482289491893498,0.07745081911036777
1099.9938223855763,0.6828561959820451,0.03155754248167146,-9.579470379347661,-0.0050429801581262325,0.004501556339466477,-0.013682809768216644,18.583608866652188,-5.486413946291479,42.136258995114794,52.410128221546756,-1.5099973586285438,15.768870702816303,0.07585843558592842
1200.6525759107424,0.2977307473936855,0.132141824814641,-10.053480758699392,-0.006078238926156243,-0.0010435844943808654,-0.001798419647288461,18.794223588120055,-5.018781754683095,42.515219392818395,52.41017089812312,-1.5100157586209673,16.014866046324116,0.08387894592806333
1296.8497965583592,0.37743866628653805,-0.3734216188699467,-9.71640991557363,-0.01765387587029974,0.017754908492400485,-0.004184345042141094,17.657506410428127,-4.71512054014791,42.64573444453268,52.41019574123141,-1.510000432960215,15.885354076799995,0.051636059778843446
1396.5124772142317,0.6510119978668409,0.2419477849325136,-10.044056141279356,0.01740941486596991,-0.014791960183577667,-0.006108297778210215,18.40059088199409,-5.1620884305203205,42.15350153000268,52.410233687455616,-1.510003830949961,15.775083394821081,0.12170169286275723
1499.1092900425274,0.6016920561326348,-0.167812979927902,-10.032816271646618,-0.012894805872096876,0.0013965167421589658,-0.007689876919787926,18.382701078006676,-6.098750502631015,42.145866362689155,52.410212291144134,-1.5100027515158527,16.25680366066139,0.12540360703820852
1599.139328641895,0.5109934232339137,-0.050805894877639764,-9.936186166747559,0.000584494807056499,0.0006502463118878012,-0.006251911424337399,18.536706351205222,-4.3656430527117145,42.107055491143065,52.41024836198433,-1.5100138432191015,15.699178926311706,0.1285375370539441
1701.2538129992122,0.3285599967714957,0.13867776712901042,-9.99841203671485,0.009126203225404405,0.00813280406064593,-0.004330870619011523,18.249344956067773,-4.904888389077553,42.24456527832464,52.41025842368673,-1.5100122330359376,16.061672637802072,0.1493292192844251
1798.014677410625,0.3624940943464466,0.052563601971522246,-9.919599163748227,0.00421716933003097,-0.008438538774248992,0.00432394160890004,17.028751154519114,-5.189812248338417,42.027585318935735,52.4102680529565,-1.5100209907595838,16.165811220261862,0.16310911872704992
1898.5277551432555,0.34220540185629655,-0.10957524541054946,-9.852830062142239,-0.000596543119921916,-0.01743672602396536,-0.00048617597362231725,17.92228878373612,-4.571420805788356,41.999695758838854,52.41030037888622,-1.5099917132872105,16.22207150267347,0.16952292357285614
2000.5664421650517,0.14439009961076832,-0.06333801004587118,-9.642569102733724,-0.017016658582874163,0.0015682301609819319,-0.009505233303236924,17.42214621254154,-4.237680701758622,42.59831356041362,52.4102831847285,-1.5099878310881254,16.299492172427122,0.14687749851793797
2101.6005207104486,0.22609808778712343,-0.19130334829095771,-9.874231807741142,-0.008097248357672839,0.0028123049221860414,0.006636968051206329,17.898697113540962,-6.400955784743946,42.75805809017752,52.41029956495419,-1.510014598194259,16.42305425956609,0.1603840720368339
2198.4290973144853,0.43051468772401985,0.3262719345703313,-10.127125141353918,0.0018780033804252202,0.01489599409447649,0.02664086965883767,18.490002118066947,-4.782868175038964,41.24622352768329,52.41032553004561,-1.50996868290403,16.329775495032678,0.21430010233098074
2296.5234108028008,0.5399157226355584,0.07931840028565972,-9.581986430700969,-0.007871740699869964,-0.012703620463250862,0.02311966539819241,18.152575417937488,-5.713324605405173,42.00501057587029,52.41032769273628,-1.5100052811907907,16.29465987702719,0.25284354748947635
2398.8703170157546,0.23428433179456104,0.298405971485158,-9.977418026723008,0.0020335945999876773,0.011546937667167202,-0.011261784587426379,18.574045433198716,-4.75044474660053,41.65565278327738,52.410365409994945,-1.509968259446255,16.316244660921946,0.2984849823309901
2500.0753645086916,0.2602324496547925,-0.12095958148368763,-9.821744085420926,0.006817434088151417,0.023674143640271216,0.00321464345619547,18.170876960356768,-4.9360363988127105,41.84451426675697,52.410355763189,-1.5100115856931413,16.301226224428042,0.2838397319907813
2598.704423885182,-0.03301711532453089,-0.15990603356389527,-9.720692698611858,0.009625028858001016,-0.0037776488752247713,-0.006728257001931289,17.35083703016555,-4.682136736779725,42.20125810486766,52.410389349645214,-1.5100391665422337,16.602383151561217,0.25548964219751724
2699.6935594180813,0.27727967044093976,-0.12498261383202756,-9.770077916319444,-0.012261793578126835,-0.01290942219493224,0.0009226188281553223,16.73957649671363,-5.249623807247327,42.334719185771235,52.41039763358183,-1.509990484270676,16.33440265811752,0.25188611237763325
2799.059489437646,0.07517606186258377,0.1360172711828997,-9.591164090495706,0.02196646054978954,-0.004069743663733712,-0.0037042057739820125,18.074404380839795,-5.936620055909576,41.94393677819433,52.410418761909035,-1.509993449795529,16.647375416892306,0.2534825135215897
2898.8384004021937,0.15909760586269223,-0.016203962502962604,-9.714199371321449,0.007674793445541306,0.00014004967371380734,0.0066468438912267655,17.893036766824416,-5.225184095628334,41.0433298326386,52.41042010476961,-1.5099976119142895,16.4928165148032,0.28482879151528095
2999.0917277548783,0.07147404497537335,-0.04290667717454641,-9.982261915939421,-1.7141536690639573e-05,0.005637878750069146,-0.00694824918785391,17.51152713030906,-4.796576182430108,41.51747720971191,52.410437360540314,-1.5100110440703314,16.391927403117826,0.2363432513863586
3103.6397841092203,0.23730252256711565,0.06881798331518238,-9.374287565201668,0.010895365830766406,-0.005913947298380474,0.0018582340238138375,17.149686375174312,-4.492303835662389,42.448249835100086,52.4104609083455,-1.5099987718617118,16.62341229346496,0.2801616403153844
3200.0659412032073,-0.0853971271870939,-0.30942964177779303,-9.771133307332354,0.023654077719999736,0.01555198534147342,-0.009753714971146755,17.632628393263644,-5.585915650236263,40.629786788982535,52.4104778751771,-1.5100081885281584,16.353870210649834,0.2756350474562055
3297.3346533096237,0.06013720804424626,-0.12075502763629747,-9.8394680453243,-0.014387201010568696,-0.011145323150080617,-0.006621362175931942,17.90275425756761,-4.486469786563491,42.593713575841,52.410488591646455,-1.5100038984732667,16.623059044912527,0.26340580562521154
3401.1350258741104,-0.14241188497844587,-0.260300765479355,-9.617214915388887,-0.002252626424913536,-0.017392051521728,-0.0027179292317331817,18.332938911853194,-5.323936144823261,42.26061499532227,52.41053761768815,-1.5099809193412548,16.52988296615463,0.23441115106066945
3497.845585214085,-0.043311629830346365,-0.13124420141193663,-9.760109810813987,-0.023784316598733285,0.011067104242873174,-0.0022843199424862053,18.09431554078399,-4.8187750592027365,42.65808804076501,52.41049852057643,-1.5099939883215874,16.357039298316135,0.1870029995621394
3601.3614426957656,-0.15104673747689906,-0.1108113392347163,-9.730154361412135,0.0019265153264802469,-0.022746210312061997,0.012649342693211038,18.804033623586363,-5.254946976432817,41.90071540655952,52.41053186205154,-1.5099853844001656,16.566427196152937,0.21058509970231398
3695.482380418043,-0.3012000982033918,0.1449239991836335,-9.311563200279863,0.0036539424192514078,-0.0020412976887271618,-0.004575310394727109,17.482197971977303,-4.908914686143949,40.969297287988546,52.41051646817971,-1.5100021307681561,16.552038079348847,0.21268550474349013
3796.47486035763,-0.3128795661602108,-0.11956776851080766,-9.86502428565101,-0.00039162115442759434,0.031176811292080477,-0.0036113588256779018,18.440529446028716,-4.554061182714863,42.215181320753246,52.41057015669553,-1.5100042594602887,16.651596883532118,0.17573084709749764
3901.00718263741,-0.35685341313533336,-0.13279266916200902,-9.873552178803479,-0.0065453357099830994,-0.000120435529599315,0.003149632059214904,18.023649371564364,-5.613507038644268,42.63732656201917,52.41055516038694,-1.5100204302582063,16.586559636603518,0.1386295732093572
4001.444429266933,-0.26120429146883994,0.07091078154927058,-9.786684297597509,-0.020495145161883253,-0.011207676506962496,0.009977025454990641,18.34733456205929,-5.339952948373416,42.46236090275671,52.410586622515964,-1.510004706992896,16.461739606726606,0.12901005016215095
4101.173234696366,-0.3229640902061331,0.2808693669889246,-9.595696812883793,0.003735336834117687,-0.0005739746378679375,0.007756779085131743,17.78174256836723,-4.907518706328957,41.668654258255984,52.410599441508886,-1.5100636542109191,16.105406823312517,0.17682399481998345
4198.862906221852,-0.28765528152618464,-0.024164890422464558,-10.11130680603808,0.01455434483915325,-0.0005080078861953355,-0.00350727400621415,18.535840186945293,-3.7992081694848236,42.04338053773132,52.41062716228521,-1.510008965301951,16.78461901582647,0.169387250404327
4297.618353683399,-0.258690426207874,-0.23785246290087758,-10.203111178295302,-0.005910184557334321,0.0016064994035311652,-0.005604472427226609,18.14761237917262,-5.431594856083414,41.73358186561004,52.41062511497338,-1.5099987454810415,15.974872104196388,0.12632537679508005
4396.509951937439,-0.5172000158975836,-0.2860178921504187,-9.92742305412403,0.00440059929023145,0.006622629821596197,-0.012725790049403779,17.660277507541124,-3.9799330570015403,41.590366767905316,52.41063885362792,-1.5099857847330005,16.403901082329,0.11928535658671535
4497.793958973946,-0.31006589640742727,-0.12495414753797934,-10.136784591811859,-0.015681443134200505,-0.010391111683677392,-0.0032997129590934334,17.993987985543406,-3.9977883481624144,42.477694285589926,52.410694024201234,-1.5100023853662157,16.254044536982892,0.1114724018265747
4598.999934058001,-0.7434639942415906,-0.3099376596275785,-9.894966269505128,0.004572130636925138,0.016875480552367938,-0.006038569229976558,17.88022207053145,-5.048655575350796,41.40123384436742,52.41068550188106,-1.5099900441408112,15.884189593931605,0.034212290593700345
4701.477399238167,-0.4484142099378409,0.011697085489961583,-9.709500060774143,-0.003933822977446571,0.0024511428437261787,0.0061479969618479504,18.244589175318897,-5.14907626309995,41.553091784709196,52.41068304538309,-1.5100405798778231,16.041234964892435,0.03265685724335299
4801.428253530474,-0.4843508281102413,-0.07026159129950793,-9.988149772710454,-0.007624179506029144,0.007267940464018038,-0.0038573486946822805,17.410111625312744,-5.346032599332346,41.447987183263805,52.41070365764199,-1.5099981101066247,15.997064060818628,0.026041070280939493
4896.185769426852,-0.8835621583328617,0.15874262741971581,-10.095365315356268,-0.0076036364121613055,-0.0062814939975564255,0.0056582138349387575,17.98532414894215,-5.034101265166335,41.25487623835048,52.41075594061992,-1.510030544532568,16.21979903147563,0.04598591346791636
5000.798642437564,-0.6151214757992289,0.055019730941513606,-9.796132567656931,-0.0039361158203300994,0.012863821369955335,0.000998277071819851,18.197653626324666,-5.703359716279779,42.0732071459213,52.41073263419852,-1.510021080048813,15.754656532258903,0.09895460384063881
5099.387469997609,-0.7101405038183716,0.08065090484553707,-9.637491303076967,0.0038243331569253543,-0.0025705240881306467,0.012667746629989034,18.016511653596517,-5.038119508660299,42.58075152424099,52.410737801654044,-1.5100006037866736,15.784615971129226,0.13122831461066653
5198.8411110918,-0.8254123436618467,0.1563907014995487,-10.148994687703324,-0.013121632011955178,0.0027755251349353173,-0.002122657814138884,18.673470622194497,-4.251559863074572,41.90756162187737,52.41075208037779,-1.50997128503375,15.306908029773867,0.12352522104686159
5301.199223467227,-0.47600797354867996,-0.03562854036021942,-9.645953520338804,-0.003971153315678528,-0.009331060771871093,-0.008292144060669733,18.387011387035525,-5.305542531238359,41.24712609971792,52.41076893071878,-1.5099893490469958,16.05418937376424,0.09182558880047509
5402.572599735403,-0.8062660118092229,0.19222687646814085,-9.646538759252335,-0.0004147177799914767,-0.009969316264021269,0.009249560655315436,17.996259601629628,-5.1203621519945255,42.41997226987101,52.41078209540729,-1.5099963419086215,15.425577684358581,0.1655469167479282
5501.066905104407,-0.9474449266926914,-0.0856811558728826,-9.619182979568675,-0.010990392245318592,0.006882053064528827,-0.0003328464989261407,18.108344548748835,-5.850570237133621,42.84285087701748,52.410782402908495,-1.509997030094408,15.636582236213108,0.16724339991708348
5599.720982880209,-0.5836912876363204,-0.09390493391086206,-9.566303957025664,0.01796665201675017,-0.0044360683020738595,-0.004409129989754852,18.147832775741,-4.812968955934478,41.6768788379267,52.410799461603744,-1.5100108451540275,15.483386576453249,0.16764244473620238
5699.14503786493,-0.5691062186380619,-0.12945343880081298,-9.369597215068078,-0.008534954800613417,-0.008538230875043771,0.006460804924475617,18.201649802083413,-4.867759157524313,41.76072286664114,52.41081924414922,-1.510007385919309,15.412061044036172,0.16695131190033408
5799.350977724908,-0.7773820453543419,-0.06593971332750649,-9.881218409723811,-0.006694369136334905,-0.006431833420270304,-0.0029624116763225326,17.087171002167697,-4.968148820117115,42.257830315041694,52.41086148099812,-1.5099878904762287,15.520363906713065,0.1726260222892506
5902.139163611236,-0.5541032338024817,0.10231771072581639,-9.788085683984429,-0.009783079498224979,0.006989530717174211,0.015207838900654101,17.849236852115325,-5.108413525111072,42.81093687389252,52.41085577709828,-1.510024078910591,15.618449785212253,0.168490401123222
5998.190471041862,-0.7125514232576163,-0.07691709604147304,-9.893287686649606,0.017984800871381174,-0.006290378612036109,0.011783795000412628,17.257780465903288,-5.146378959386228,41.74008292713739,52.41087294627883,-1.5099844510698346,15.262690290099309,0.15205619519264246
6100.294016581181,-0.9837582227130932,-0.24385627620203798,-9.809604631048838,0.005529052285994816,-0.0011765493160216408,-0.011649729604747007,18.639140473729743,-4.749049883149664,41.3337751095009,52.410916111542676,-1.5100040291412138,15.26848988564036,0.1363898405315922
6199.99693562803,-0.726010100026906,0.2627584128934089,-9.503425328872739,-0.009365920062436422,0.00015027750287097008,0.0005332763432128102,17.969575239998537,-5.014408300794312,42.3157093031362,52.410930164111306,-1.5099796953291722,15.129807329727534,0.13545152845728126
6296.8210146602805,-0.8404762230468351,0.007267310921932994,-10.079002896786134,0.011062315588599688,-0.01917348886010299,-0.009223690069030774,17.90332952516019,-4.842514064222334,42.39953403657115,52.41091210831976,-1.5099769383406945,15.192689668852477,0.11988355552284702
6401.957423978012,-0.6444110931384646,-0.2641885190320839,-9.982209934433115,0.0020069869428887828,-0.014711264053735181,-0.006830704545271937,18.44839866601662,-4.892508591272726,42.00306572521762,52.41091855026048,-1.5100295837091606,14.81863882757358,0.09946202812733418
6500.956974468438,-1.1236281258338634,-0.05838251240737312,-9.534563812699089,0.002572534211115017,0.0033627788924756254,0.020556425814907457,18.211162398724937,-4.438286356452119,41.720933370171274,52.41092722766905,-1.5100077144921598,15.050763141277207,0.10251102955697888
6600.309884986281,-0.42203760852476313,-0.0021888081798669343,-9.605992698619582,-0.003444772087524527,-0.007370293611526971,-0.004350600258262269,17.435682742810396,-4.661502951312473,42.49718936549602,52.41097165557745,-1.510013157245419,14.985588095335434,0.09520647034190688
6701.121351995985,-0.677558222978983,0.3661433710980605,-9.882626329363417,-0.007494159869569733,0.010567249112804185,0.011122225313687732,17.964547318736315,-4.903569078424905,42.264018002273986,52.41096692191869,-1.5100322489580533,14.90468187355278,0.13829269567344227
6800.09843743166,-0.6838951981627983,-0.3599519151830895,-9.639119599775857,0.003377660990546014,0.009668071042505444,-0.007841636101882278,17.832416513386807,-4.24078898467391,41.61578224154825,52.41097643740434,-1.5100166216040585,14.484134354985674,0.062348004854641204
6897.608474000949,-0.5597241415375571,0.22578927197798038,-9.741756831501593,-0.005450872299955904,0.007191686663554372,-0.004548759465220098,17.127733555696974,-4.789865735471719,42.024547365652836,52.410980981757014,-1.509947110765469,14.51194232155095,0.09361737281705018
7001.454942437072,-0.37662807529588727,0.30009789744679016,-9.509945078199802,0.018167556295751047,0.018197717873125976,-0.0023205287816039045,17.654861883381397,-4.347518655604791,41.324146233987676,52.410994884404246,-1.509983697501536,14.521210943596406,0.1293150840389785
7104.083377490405,-0.5592080782045955,-0.24360464697436046,-9.795098081234645,-0.012692911052431042,-0.0008308932774318312,-0.022427174876121937,17.90822983899177,-4.696528695806681,42.34294522821896,52.41102963757901,-1.5099575160170775,14.127992735563382,0.06991682923865028
7199.951733136439,-0.5336736918837168,-0.06619134796266939,-9.604873577225485,0.015361567728549453,0.006488819259038391,-0.010573145309379512,17.94252453425408,-5.9209595394657715,41.86888321530857,52.41100982704579,-1.5099792576265323,14.655251568054041,0.06009955282252122
7302.264860606292,-0.6162150994544034,-0.18194455281169852,-9.281597617901477,-0.001113188487978007,-0.005844009765960311,-0.03035750542315078,17.258884288161347,-4.347582618340335,41.78214458380763,52.41106887095164,-1.5100106582919528,14.26531549153651,0.049458555842363694
7396.350032827924,-0.7048796980515519,-0.1305128923309192,-9.690380168990508,0.002990857340211059,0.024523699128687237,-0.0015917344656528254,18.575832791523737,-4.932411879328665,41.98356275742378,52.41105108119891,-1.5100034535107312,14.265366798427996,0.009136315981038479
7500.893394880996,-0.7395767789294623,-0.0604865400473868,-9.800134366841032,0.008331577666294346,0.019836336524360194,0.016652854974606324,17.94894847055428,-5.025977385450389,42.02015384966512,52.411071489660785,-1.5099840541493392,14.026245793946169,359.98685350926417
7598.012061836548,-0.7743647371244767,0.02075124422758262,-9.665510602955804,-0.0063024929500443624,0.0001188043451779194,-0.004074671836963875,18.018776538330282,-4.859325826255212,42.44746503078278,52.41106041353516,-1.5099870890489968,13.81673437805918,359.955037854877
7699.860374309026,-0.6234565501359118,0.28640025441781586,-9.883056171640778,0.008642483846986366,0.003865862299051922,-0.0054013363762879605,18.200320819169917,-5.172491580978534,42.29554526566261,52.41109952457082,-1.5100073841226975,13.903596959780195,0.0052367053638135985
7799.07874687943,-0.8434852752816734,-0.046865457153369816,-9.332406458895054,-0.027075438553811775,0.013592975993648058,-0.001749371863262174,17.605961873048166,-4.886485569805528,41.921795360603596,52.4111057737399,-1.5100260256235623,14.012091684926244,0.03204191681828661
7897.013470964297,-0.46989711184115857,-0.20661582433757486,-9.773985792460804,-0.007199895332219391,-0.0014713950481410696,0.0017690070247208247,18.228177986566347,-5.295938033171546,42.3818340748595,52.411123860945835,-1.509930046004785,14.051964792718246,0.0684692869990613
7999.179518527651,-0.6853640367205203,0.04684324104031232,-9.864586664045103,-0.009240628073410653,-0.006566240707997047,-0.006567487451917582,17.81646267699091,-4.362863870632815,42.20036862684581,52.41116677209986,-1.5099985924029653,13.89736997323922,0.08914366873011659
8101.317938383568,-0.4549729714273551,-0.03396925024746284,-9.977137801004007,-0.012535060123717617,0.008739897510068826,0.002956567527865421,17.551707229676403,-5.056794056810525,41.78670018185698,52.41115332395073,-1.5100022639839716,13.886227559415957,0.0567987180588716
8204.357288436035,-0.5628245358265431,0.0012959935898930672,-9.590555961678714,-0.0021495483807895113,0.0007843924608367009,0.005479999112354469,18.286723746677698,-5.191291921361216,41.937640920881755,52.41114626787292,-1.5099934677073434,13.703906106042444,0.04177231929543268
8297.754600698832,-0.38642549969177303,-0.015401902110125501,-9.636562517434452,0.0038574996818169483,0.001829944496452604,-0.009107645132037006,18.745836929400905,-5.462462907859637,41.92588855557844,52.411160289846606,-1.5100005692458587,13.830688851370887,0.05579186777515588
8397.81707566332,-0.44946526945049575,-0.0649615790463241,-9.90947087428282,0.007026599984993058,-0.008342713430679655,0.001140171400015353,18.362414686742916,-4.865612105425679,42.2526306715871,52.4111987396834,-1.50999325277041,13.989797900985618,0.0207804850376192
8498.920814840174,0.07084916658751822,0.2760068559775218,-9.694709730975516,0.002408767572004076,-0.017176721483633965,0.018833118786634594,18.461488782570214,-4.906446449937454,41.816488692639176,52.41122509990447,-1.5099699539143547,13.798809761432988,0.041206385461748596
8603.368355554438,-0.12477094145852294,0.04088771566874416,-10.111711193642572,-0.0066569346489354685,0.0023614240987910105,0.01782395506150492,17.73968469671885,-4.805787693161247,41.80479540678918,52.411217024000905,-1.5099981717907875,13.787109709770403,0.03432156994961133
8699.999119501379,-0.371971732981462,-0.08148791811518855,-9.77300588498537,0.0036901643782516714,0.009049620414941999,0.02677801619311164,17.20119013541577,-5.513625943752564,42.98437865471698,52.41123739434525,-1.5100189267745472,13.656049671447485,0.023583744776487947
8798.345975896516,-0.16235090474546277,-0.02678093843865533,-9.719448729584661,0.001242856948508507,-0.0022580674907604183,-0.005465126653414518,18.74506876104992,-5.800590599405787,42.46986774087355,52.41124802733308,-1.5099988900842363,13.27221029461751,0.043951247566894835
8901.504675441784,-0.3332649943357053,0.0046235199935637725,-9.468534038088157,0.009360561679360162,0.014364295195588668,0.03046352082138223,19.02725744470238,-4.68720434874672,41.61969966778743,52.411276406827284,-1.5100049254710946,13.342207590264994,0.056678453937252016
8999.616926372984,-0.39025641722692295,0.2210850019646325,-9.964163760545738,0.007769367029315167,-0.007039163254155445,-0.005346894714183282,18.771403386884842,-4.257679069061746,42.2854704969711,52.41122121098181,-1.5099671433122157,13.62464929523496,0.04633753501298088
9102.089815863963,-0.337822515012029,0.05087268993336669,-10.065670525760465,0.0003047641392062887,-0.010547044549659199,-0.00012800553698390227,17.832107030510127,-5.513176811194948,42.05917503282759,52.411285711649036,-1.5099721712226462,13.517312186051017,0.0795498874112468
9197.044356391278,-0.02859498707613689,-0.07599271985896315,-9.98908559218501,-0.008972530061612569,-0.0006723030719613125,-0.002134592889221034,17.422682830635576,-4.205279358219151,42.195775587630045,52.411304197559474,-1.509993426208361,13.597550544704166,0.048579704382348154
9301.559005649362,-0.12469433543857864,-0.030762299997621034,-10.077313700062984,-0.006529501558320808,-0.0008259257535129046,-0.002740935306208805,17.467158651090216,-4.8580444706318096,42.06867066228255,52.41126989796097,-1.510021128404349,13.83823374966735,0.06622495974721687
9397.868074463426,0.1085621118217131,0.20488220184964748,-9.542668528448203,-0.005497893596380333,0.007699687313352226,0.006955947696307179,17.158133716192975,-5.003531452275415,42.59482132274262,52.411291106119954,-1.5100200426110184,13.645329715346206,0.08321605919996955
9496.751217399746,0.20298982141435196,0.2730796869741254,-9.500272140995193,-0.0031526633391625574,-0.007749628240639848,-0.014748504073942967,17.946310690794977,-5.198774348272889,42.172810172325725,52.41130395165121,-1.509995196459369,13.752757116016362,0.07434820693197253
9600.559759518288,0.3691152999008762,0.08961538125706474,-9.745956684410235,0.002680504275897533,0.013680942368148982,-0.0007568609094237534,18.802838979041226,-5.692259009712498,41.96895565089286,52.411318543651916,-1.5099887433663524,13.524728295487824,0.08369122979911481
9702.434798678716,0.015569506578407999,-0.07212327235928773,-9.56574101086297,0.007151743901280584,0.019669169625082538,0.00660025446169028,17.929168684063878,-4.5061357420377,42.52109528849151,52.411335644869055,-1.5100029456347934,13.352790827394138,0.047849465989884266
9798.685381132353,0.20804365090606886,0.06801086233257016,-9.783208323883953,-0.0005111869301537765,-0.0003914402696834188,0.0040495221817229456,18.151161450174136,-5.387803180718802,42.116642520543934,52.41136230189153,-1.510005030689948,13.51474927982427,0.07432089016822374
9901.514529868728,0.2591620416605916,-0.37016579985986847,-9.829022329540154,0.0001612478790047244,0.012497104201843186,0.0004914471851838832,18.687798482152104,-5.3899033378688,42.06073928966453,52.41138694811741,-1.5100072592193636,13.38111224708096,0.0690238341476288
9997.926435337002,0.12306718924524675,0.0763293617868328,-9.876607523810753,0.0014330630500000371,-0.010564970706252601,0.002138970944577917,17.7979523440838,-4.504036845056523,42.15701130124306,52.411403462806966,-1.5099958522446282,13.872671789565011,0.05404892268262529
10099.575804678892,0.1936210128517012,0.09137612435160186,-9.872078198275513,-0.0051590531313234,0.01075221541181916,0.016951662422361048,19.017765728359798,-5.941491723335863,41.953195488316815,52.411377302946775,-1.5100430102008489,13.74254633957585,0.08410082333796254
10198.329937279928,0.49192428290644585,0.01631690279396919,-10.119560311261807,-0.009253922576429562,0.010472764085594626,-0.020073965574608128,18.996047203748727,-5.761798905334083,42.00461349649773,52.4113894122418,-1.5100173590875707,13.715186249703782,0.06392286294061478
10298.966586703595,0.3544901953649605,-0.2027823085503051,-9.757149047278533,-0.0175543789731071,0.008634372801898786,-0.0011970659634434506,17.93444433065976,-5.009067121754041,41.706652705619064,52.41144489641329,-1.5100078652936293,13.888029135781899,0.02357341899602261
10398.953941954249,0.453296220448386,-0.16410075311501582,-9.81806678204281,-0.006951493580768724,-0.0001556308887029398,-0.010464537260037151,17.711232867990393,-4.853357785497574,41.62441639018806,52.411443819000255,-1.5099711816129917,13.270693403184513,359.9789792780411
10502.074762966826,0.24392363831693128,-0.02010597477026635,-9.660927855184426,0.004731454532677869,-0.02954248941242031,0.004696428709846583,18.348619023195155,-4.757632676015538,41.50071480675878,52.411444879039465,-1.5100116092416425,13.829536318154323,359.9963401843186
10602.801309773313,0.1633187530306031,0.06519363779196813,-9.791295300712278,-0.0070291143803956745,-0.0064172714365212935,0.004197354935142348,17.82623752874057,-5.150899246698127,41.304008356601464,52.41146506321959,-1.509991737889316,13.491040379174622,359.9596585853873
10700.235997131207,0.3703761048544247,0.06422186232626174,-9.842540740313819,-0.002378070374259397,-0.00625916017684602,-0.0031678956041966203,17.421722391466332,-3.734815165679155,41.560141319307725,52.41146741268288,-1.5099908128707333,13.793424528273286,0.009929735658147365
10799.959827693432,0.45301294142066173,0.1683180982394614,-9.984238606001526,0.004664312874123169,-0.009782549380604773,-0.020536091453849506,18.64061932676149,-5.113946279382917,41.91286648276654,52.411490954310224,-1.5099694031096915,13.778756986711524,359.9502868515002
10898.863585206042,0.35814548808009117,0.18244663698479469,-9.795569352635649,0.005206894964226687,0.0012224300454706622,-0.010872017755687871,18.60822369363854,-5.115393076051361,42.05155879122282,52.41148623897375,-1.5099701102897418,14.022156260010195,359.9988867465158
10996.903777386311,0.5033518898128396,-0.17664484891850843,-9.662352553836769,-0.01079532852166039,-0.004189634455212346,-0.0044365020816246725,18.077755801881782,-5.398493334406939,41.86435171842618,52.41151087894477,-1.5099965101273645,13.985289256123332,0.004931951652906719
11100.482430996512,0.3753568633373158,-0.026049981069239735,-10.038667798216773,0.009970593564536414,-0.008246120097650219,0.012820757884436202,17.36856762313591,-4.9380465917394645,40.82214825493632,52.41148788526373,-1.5100048689840524,14.265134097599635,0.0021613250860355038
11201.329470618784,0.3846404875947531,-0.13604047144897413,-9.792505249263852,0.011273500893554854,-0.010588001482478198,-0.003930467318779444,17.385236874391307,-4.692519383976613,42.78729317888117,52.41151698517778,-1.5100086408170956,13.932790681466006,359.9865505431609
11303.146609116762,0.7890423939436518,-0.30098752512282634,-9.763391409694103,-0.011298498572185598,-0.007155129854852287,-0.011405568384787504,18.053614644209578,-4.39821097273327,42.54324006144519,52.4115299013194,-1.5100001861517316,14.257230798809099,359.9979849505627
11400.679448772778,0.6160019173171889,0.23725352030271507,-9.953612956723653,-0.00823836869641154,0.011214992118499283,-0.005044960957874712,17.750064482747483,-5.744642132220109,42.22287992560857,52.41154870689897,-1.5100040466830438,14.206175495532541,359.9969067957566
11503.108543590024,0.6095558495305022,0.18401528208031875,-9.927571260981601,0.011910906831461916,-0.006610250546274942,-0.009362107624823621,17.829453533929197,-5.122997669177851,42.95374533627663,52.41155047539126,-1.5099842830161554,13.910912899821515,0.028514066440777697
11599.478935371411,0.5250686534407204,0.0881501168924792,-9.763877830246757,-0.0014685352125530088,-0.005149387064332724,-0.010680722774001419,18.510981577530004,-4.7766481945954276,41.51131794125814,52.41157120429717,-1.5099869376636563,14.119327332670306,0.03178644752682658
11699.55779253687,0.4947349114944286,0.03560880122028832,-10.036684203658526,-0.02219777947451851,-0.004566976150232464,0.004639697909946521,18.36658965871128,-4.706471232702732,42.943812560313,52.411564515527765,-1.5099834944853066,14.338787700266579,0.03609227581938512
11802.02248435697,0.6738318622130183,-0.23355684653917405,-9.740015256950121,-0.013996815047326862,0.003389935138094197,-0.013556794324129567,18.689071340248805,-4.996725671097731,41.51739296162473,52.411618771253636,-1.5099701352896693,14.663233773877332,0.025675553249755012
11900.131456327812,0.8668581465854654,-0.07667411368215893,-9.98907087473184,-0.0024936962517248125,0.004562494885285328,0.010841614933427682,17.504688388311372,-4.728788015233949,42.11936896264568,52.4116192031309,-1.5099580545995739,14.603228398924667,0.024044181299245793
12001.276431451679,0.7362584664312348,0.14870896807601763,-9.597429261393357,-0.01163042650284602,-0.03044656539243162,0.0008278059361569359,17.828404215656644,-5.404481946462901,41.363081337432895,52.41159986976826,-1.5099928063777353,14.348516006992977,0.032862052441373635
12099.229429058087,0.6847041053040772,-0.28297042231171654,-9.34243445092234,-0.004134237706364414,0.010216352138276081,-0.007694894923837874,18.379490847730057,-4.2210472838408215,42.007347047772186,52.411630460863286,-1.5099733164547042,14.62399305274327,359.9838693368634
12201.96741213954,0.4356719975565731,-0.4790513365353769,-9.982151360340364,0.0003239621368357873,0.01436368034243754,-0.009524656786607506,18.224039170506448,-4.503685948510285,42.193083248999194,52.411667142100534,-1.5100023596951186,15.132386786578092,359.9452466695196
12296.595959215409,0.7289816158255259,0.020930915295556275,-9.703158427525066,0.014622546040347288,-0.010501865373616694,0.011444798855550806,18.76619019129381,-5.672463893532586,41.92265483443272,52.41166286514395,-1.5099716390994582,14.820972845815033,359.9665396173451
12401.767253619893,0.7318630101751133,-0.008554454078928369,-9.955348380976405,-0.0029045391622778906,-0.009722982447348347,0.008685926068409816,18.210268352952035,-5.537551524058378,42.35693872204507,52.411673172011156,-1.5099741199958132,14.810778043869353,359.9714345515798
12504.383971368357,0.6306334288199915,0.006578524409677551,-9.601809165240443,0.010725417995727588,-0.004502533877782715,0.002430626837358319,18.924054552052777,-5.523460875053453,42.04950722474363,52.411699073770976,-1.5099751948852493,15.051863094502894,359.96616381724294
12598.603550302225,0.8690211836906577,0.11066252917659446,-10.063051681817043,0.014287601620367706,-0.007560040194566048,0.005740060724403447,18.27000890086157,-4.661015014551736,41.738792635811244,52.41172095554164,-1.5099934946904316,15.176413860063981,359.9666919105252
12699.105234081553,0.8703555308820294,0.12188207391452208,-9.713882648314458,0.014343096693520761,0.002239268739466064,-0.00038298817239590106,18.53108372379433,-5.642363883208733,41.71659334109883,52.41169894250052,-1.5100087523273011,15.008066250524749,359.9766493929018
12800.678928049727,0.8721838494057865,-0.0021387201050547325,-9.984597793377871,0.0028475459338556824,-0.019465252863588644,0.002723231667543678,17.83824252660777,-5.1655121671040405,42.405456886307846,52.41175232616402,-1.5100232908958706,15.275487219631154,359.96118641708523
12898.560747505959,0.44480699875471935,0.11999051689829142,-9.851396917819674,-0.019632891478389744,-0.011179276080367397,-0.007270301381749631,18.007143605941994,-4.772647801791613,41.67312898509652,52.411739037763795,-1.5099962250603076,15.182540497818577,359.9388896291149
12997.130404079899,0.7154993937995937,-0.2128433210013655,-10.016205055029461,0.004608248654038653,0.015391972001749075,0.0010015424971124278,18.455472201919736,-5.033082967273217,42.45770148524247,52.41176846997084,-1.5099647859549197,15.46427357737914,359.9445001823923
13099.209752943916,0.9612180350087072,0.00037414396852630816,-9.64552990582085,0.01048399887813541,-0.009282199673480178,-0.007638301381738134,18.806489085296526,-4.870556242143647,42.611355896415965,52.4117819726662,-1.510001676209669,15.429528109599188,359.91647186691836
13199.163826195052,0.7517369250331528,0.1255505270062462,-9.977396070887918,-0.0008106710543541713,0.01243428278102925,-0.0025309216146196002,18.364618474655376,-5.53290135567438,41.16564306882694,52.41178605546073,-1.5099798053801718,15.56219119387015,359.9281674468569
13300.312910144454,0.8985752369188192,-0.31821341646993334,-9.699607148133635,0.017445838700752486,0.0035533819559013685,-0.015404035998407105,17.95841411403269,-4.702572813301377,42.56646319365052,52.41179010481387,-1.5099786771302326,15.386792140315649,359.87939201946136
13399.289999019082,0.8245221649136579,-0.14512550711736774,-9.878819605652467,0.008598335614674577,-0.018092677145882582,0.009822679225217073,18.68866751476417,-5.306605946237998,43.03021134922235,52.411818906147765,-1.5100012664930844,15.441756288572066,359.9088751567018
13502.866261849053,1.025026081947549,-0.0748464310657648,-9.832894474359772,0.005682733771527843,0.006353291952162062,0.015469046540199849,16.90401067186006,-5.16230983719897,42.12600188060097,52.411871232358706,-1.5099692971849983,15.86624091180348,359.9224140772772
13598.635492426083,0.7648704228691174,-0.07908148636163859,-9.780448818519975,0.01086380711205838,-0.0011766730219285337,0.012991168388264973,17.288882749246564,-4.881134136047007,42.299542092647414,52.411825654819985,-1.5100538257634406,15.724269085516653,359.9297487888802
13698.860912416698,0.7645881402896543,0.19067014242446206,-9.96236493433177,0.003333698512608781,-0.004554670562497405,-0.007652198439726785,18.340817111834195,-4.948460889234576,42.51850266218458,52.41190095552012,-1.510020124683627,15.862020766151865,359.95790081185305
13800.611039003572,0.7778272770478721,0.03996337737501167,-9.767926577291822,-0.024928104993953537,0.002449570931720039,0.021219402736381614,18.007054178126563,-4.988009990492204,41.86225884241049,52.41187619304171,-1.5100139800308838,15.807375683562576,0.005613140130321881
13895.793510979527,0.6500692607129485,-0.04767658112362862,-9.503933087129118,-0.004991389514703656,0.0047463348556679216,0.0018902653089113639,18.30275682556208,-5.375313410988378,42.09114011176894,52.41189642494391,-1.5100120474693917,16.10602303278374,0.034672701925330784
13999.399595710614,0.4963009198577378,-0.23888371795238234,-9.965618957166543,0.011971680272478536,0.007075918219746196,-0.003197041005202311,18.03220376121597,-5.149774705599596,41.342900235188445,52.41188836685175,-1.509988935344103,15.864175100412849,359.98193553989046
14102.29037665535,0.47958341876928506,0.06515883968840974,-9.575637971345232,-0.008075913400982961,0.011782528475480024,-0.015460038154150618,18.285472847301936,-4.998908204581482,42.06931751426522,52.411909110010676,-1.5099898824465503,16.015058238016536,359.9452783600124
14196.996912709707,0.6153702731673986,-0.04831577663556051,-9.510380473302444,-0.0022347250523693917,0.004081359127783564,-0.001704293749738341,17.592798589503406,-5.687542616583542,42.24905599782227,52.41192895618155,-1.5099878334758319,16.249000114762943,359.92737862628076
14301.379647030348,0.3450734057914949,-0.02478163825495527,-9.97323099780561,-0.010448363139030713,-0.013756340887863618,0.0032676870800232402,18.285243043039845,-5.2312664831566895,42.25808151146323,52.41193262604507,-1.509983821528229,16.37817941746852,359.9281260798108
14400.0740081287,0.3831477970793364,0.025405585407634875,-10.10101092101811,0.01783922595201769,-0.0047364545765119104,-0.012257752816850912,18.497207264103793,-4.806160060483577,42.532712361798794,52.41196392958656,-1.510014769026291,16.085987047422293,359.9429559183607
14500.681684979287,0.6530016488333321,0.13489575479985472,-9.749607819965648,0.016814924574180153,0.029430483352686214,0.002453952597674565,18.610275301965615,-5.638718301922672,41.612598910932235,52.41197457570603,-1.5100201629883023,16.627223761673484,359.92216488961
14596.083383792242,0.0732458090707433,-0.09717791435886884,-9.919481504553374,-0.008838688951407294,0.007244910603817276,0.014393183900768543,19.00677714732435,-4.4217091742028805,41.73369662166325,52.41203437516955,-1.5099879034425996,16.337326196085915,359.92751536328893
14697.839150391736,0.6331628393182359,0.1357151629995773,-9.4362793561674,0.00147298000389084,0.02369287300811497,-0.005523394118582893,18.122049221751194,-4.365193368700078,42.94775367299568,52.411988717647276,-1.5100084740054098,16.103956768869534,359.9058752363189
14802.427077646562,0.5761201304395606,-0.018412259632001098,-9.803038491900034,-0.006804940477640476,0.013954340821991854,0.010544092293320389,18.13695554342359,-5.622575287980043,41.92483581311814,52.412028800786,-1.5100273258525838,16.422215713916408,359.8883565417146
14901.860299614422,0.16908060176596018,-0.1392644408229468,-9.970439881607037,0.006149446390313781,0.0024180207155574856,-0.008930240418765186,17.238413767913077,-4.32119018347493,42.10001689365616,52.41204644163712,-1.5099765535353404,16.302829969268622,359.8480586696873
15001.210918448838,0.33948759792090355,0.29939703447974875,-10.039431902202343,0.0050968307724232895,0.003014070697811174,0.0038796790799116507,17.734294299430786,-5.071790794356067,41.96649497913739,52.41203484094067,-1.5099681537320961,16.493943862958293,359.8216099854331
15101.331439736261,0.19636299391621787,-0.2693961665507134,-9.592019008181834,0.008117055716132655,-0.0003658003987684579,-0.028944122687592666,17.903458962996694,-4.7907427204214725,41.58915958684749,52.41208476832997,-1.5099650043930797,16.422812613168336,359.7828870738658
15200.337574336552,0.2940472998077056,-0.1333263576086569,-9.924236794816839,0.003319184477078873,-0.017378046158464996,0.01930841152824797,18.525159776138178,-5.248325526064123,42.8117646054459,52.41207786784949,-1.5099925112506427,16.466477616049332,359.75493036449814
15300.796588855737,0.31822213845795616,-0.09810269855825265,-9.801234240107915,0.029354062063884682,0.0001804725246822428,0.02022279143546877,17.694499437955187,-4.538477586386619,41.7361492940397,52.41205080484808,-1.5099838238693197,16.28665353054521,359.78511497853026
15401.232274622622,0.029639037542369573,0.06462781548238838,-9.618839450977504,-0.01027923765010739,0.012106745525421972,-0.007593249486696504,18.398170009874416,-4.796952990575666,41.436357238146535,52.41212867986629,-1.5099690478674836,16.68033195778702,359.757916703828
15498.250513302095,0.07430398615001102,0.4704417559618071,-9.906851670386166,-0.017106033544365143,-0.005996399948212037,-0.006558979942251228,17.99918914151831,-5.407076628298801,41.77462986134862,52.41210798287695,-1.5100093443103157,16.26056109612035,359.8333288950186
15602.369505651435,0.008562801189696975,0.29118212061150683,-9.819185765748033,-0.0039309020070146155,0.004119529990618096,0.005346873187459338,17.91141594244262,-5.5826009999826445,40.99914699913723,52.41212421058421,-1.50997436722751,16.27621043483388,359.847461411858
15700.263816941324,0.04710072877650705,0.19884128464793463,-9.813313681964505,-0.015679882655602675,0.008515910458931974,-0.0135150748522632,18.124446984566628,-5.730151217604611,41.67435626750841,52.41217377034105,-1.5099911354018953,16.573462841337786,359.8527565767526
15797.60823396706,-0.13804609503456713,-0.10045111996599006,-9.673335097696782,-0.014924622700059929,-0.009096804393124755,0.0001567464746688122,17.804421813873578,-4.906029111783622,41.515935701073836,52.41216791392075,-1.5099784420775508,16.819062002639487,359.8281664376943
15901.373892589769,0.18534533824495986,0.0029648933219742837,-9.691851132897936,-0.01001314654197967,-0.0045130286434366465,0.007617206588687777,17.78548137595367,-4.713764294110132,42.30871431546366,52.412208052512845,-1.5099930588915045,16.42247730810103,359.84822883791503
15999.976922514401,-0.01870942107690901,-0.2981202533022125,-9.854022746250966,-0.009221889054316274,-0.010179114904771592,-0.01229222082120912,17.14760704710494,-4.6745171606102796,41.66329288022006,52.41222873242937,-1.5099709270230648,16.62444385384521,359.83173802892924
16101.655446375076,-0.24852085322805548,0.315429175619489,-9.797270187700697,-0.009546181019500602,-0.00822165606689407,0.011819719309370584,17.876022896336057,-5.058990547303689,42.44390196778942,52.41220645069703,-1.5099924515480276,16.68571238770862,359.83523335264846
16203.496034602042,-0.4176666833571257,0.2809701210818548,-9.884355802304698,0.005182189504454116,-0.012876052836530611,0.02085616971940571,17.760015926925636,-5.578498227832182,42.69924199653466,52.41225001975062,-1.510026640332573,16.617347373607405,359.90857437226816
16297.92355812172,-0.38637401196231025,-0.08168731417267713,-10.10552248138389,-0.005061890610853361,-0.009004484613780268,0.009277933874262385,17.74200950532546,-5.341037399011891,42.3905876681438,52.412233833158204,-1.5099679620657809,16.372875315807214,359.9058224588508
16401.615076372724,-0.13234309337817524,0.29350988677978485,-9.758479828520375,-0.0017951457487248015,0.014194556807978391,0.005834943668117333,18.20843653129502,-4.4238256805190375,41.89230585556996,52.41230837052249,-1.5100159770912076,16.192395736296437,359.9387467144024
16499.496554216646,-0.2054483967779423,-0.20351772071400193,-9.431561647833387,0.00894232774500935,-0.009154770290902925,-0.017671122794766504,18.329315976395254,-5.242314282300041,42.0705572483528,52.412264590649656,-1.5099719996442407,15.942157840244167,359.918602193696
16600.901792307115,-0.1384324447176498,0.05813251925291158,-9.986743828138213,-0.007663225247814263,0.0012645921906069004,0.009603780269626567,18.116097252321165,-4.928291184659262,41.23750752992797,52.412313685283024,-1.509998900355265,16.300157266970377,359.91759984727753
16704.320567356674,-0.22323781941545728,0.11858410508736511,-9.96460594192054,-0.0026454589870472216,-0.005028687536709558,0.006150289186819638,18.49770759522474,-5.537825241787444,41.93311031373938,52.41232472173044,-1.5099735885822883,16.553487743635785,359.968329548668
16799.516783948387,-0.1801990264411711,0.044759902351283576,-9.984145554328748,0.0036575998609291553,0.01178865937036939,-0.017032636720865527,18.287780962915182,-4.831708477270483,41.569780765966584,52.41232881788419,-1.5099744342336394,16.057256267479897,359.9503682655155
16899.435466291183,-0.3575348172462234,0.1376529184539342,-9.665081644255377,-0.019415678006202215,0.013111622966036166,0.022582636449727904,17.85247190509718,-5.2288422808395385,42.34716319057465,52.41232369939655,-1.5099885257884667,16.382042183239125,0.002291091994436556
16998.402225089092,-0.6137652082966452,-0.16031646668970023,-9.720302909160713,-0.023849055089505824,0.00864069982138947,0.02453283488230247,17.76857185714281,-4.476643643112118,43.286376194622235,52.412348657330575,-1.509986948530948,16.00850293638657,0.02256669141632983
17098.015925698433,-0.5285254054475801,-0.034088040197757796,-9.841707538483291,0.0034611732879772272,0.0030613455310275536,-0.0032248151692633687,18.156411118383424,-4.613221146896593,42.2499108179869,52.41232314656763,-1.5099886639816218,16.17310047371213,0.006453205228808656
17201.99409344496,-0.28996507859610576,0.20824373796836534,-9.993603812327793,0.004920142805668985,-0.002310595368408986,0.024753250241310525,18.28688355495095,-5.24785297328745,41.004429925522665,52.412385194599594,-1.5100373828641493,16.243232462081576,0.024570352418436414
17300.588400380922,-0.529344391222618,0.07366002705800115,-9.791524641672016,0.020642201348524108,-0.011918747041912498,0.005775919534247146,18.69892215351575,-5.063332013673832,41.81938490354281,52.412402138948224,-1.5099947181015974,15.917071325764855,0.05243198507355373
17401.716382568364,-0.4791021309623222,0.16599385579579168,-10.122924425467161,0.0015809487586680993,0.01943528881122197,-0.0006955092305775297,18.595586522470047,-5.275558120020315,42.061245462687225,52.41241220773578,-1.5100193770656731,16.028240027741845,0.0702455283206973
17501.253157291525,-0.6952309064949397,-0.28194584520126265,-9.781314686628502,0.008197397172580948,-0.007596730177525534,-0.01415570814130706,17.729263496746416,-5.709716598272505,42.04367871263013,52.412364410528596,-1.5099936216753407,15.853098489100239,0.02526190365227876
17600.73560326314,-0.7524985190488493,-0.061664212433536765,-9.635695122782414,-0.0019547264358597384,0.006636463470328415,0.012735138200803083,17.94899685993637,-5.428721214773608,41.634593437195626,52.41241284996125,-1.5100199024580032,16.018389702435613,0.0044309580013646155
17703.83508381347,-0.687525091842786,-0.11324742353178903,-10.060239827326736,0.0029722722158508634,0.010595655726233973,-0.009039031991635242,18.335508902458884,-4.90089133613959,42.12264587131847,52.41243742957674,-1.5100207437287743,15.8607052832457,359.9973400714174
17799.679178304097,-0.6433663655170658,0.10618479572641375,-10.116503655365934,0.01667256841749534,-0.005552804969053295,0.006980525954249643,18.533998889029487,-4.837370250885209,41.378749581540305,52.412472397704896,-1.5099649479432666,15.763176358261603,359.99520771074634
17903.085855410485,-0.8118835050088588,0.05339088171632221,-9.494112421661029,-0.021239928181256355,0.010380125273159622,-0.0024882778628386934,18.469484734352395,-4.92572604820368,41.527545638657465,52.41248646163427,-1.509975652441764,15.993749972448061,0.012988656571906176
18001.26958715639,-0.7475925532969512,0.11738712066032816,-9.932351927900918,0.0041361625757168055,0.0076421320333885535,-0.003714562621077362,17.968061083584328,-5.150866526979318,42.32289882080185,52.41249132244281,-1.509997116972352,15.749783738714642,0.018079415256295306
18099.516144934925,-0.7204453138271468,0.059331569356634445,-9.582810430811236,0.02135586730077366,0.017279638353817652,0.003625775146145163,17.37298867378574,-4.533466697139508,41.49216838456009,52.41252142358223,-1.509993346824397,15.41222478319971,359.97982461728094
18198.385695836907,-0.48550586741941004,0.13317042240221727,-9.840799533039567,0.0028203421920934254,-0.004693464664267112,-0.0018993792078637205,17.500531811877206,-4.968229047719531,42.269105802746125,52.41250212248038,-1.5100020042175986,15.46299685054541,359.99071648340225
18301.410783705716,-0.6756900185238779,0.08800211088800311,-9.842390963388265,0.016505729632328478,-0.01285864017279715,-0.000995025067783816,18.136316757159708,-4.648373085952026,41.31526811267197,52.412548714221366,-1.5099856451139182,15.391123487778346,0.00820847652005341
18397.830817495393,-0.5758502559631437,-0.10681085327788421,-9.72231746010067,-0.006292121495294424,-0.005054897554445111,0.014126999211403271,18.171112789712172,-5.886887566101259,42.882412941895865,52.41255980209435,-1.5100105541573183,15.350725539231428,0.024245291559111593
18500.70754591751,-0.5105468742114516,0.08204446107713895,-9.986799771349288,-0.00032047494163713514,0.0020885354253433173,0.02137787655998934,17.450660313282807,-6.961200125809171,41.61286503879797,52.41257158869574,-1.509977136576632,15.76468133276492,0.05520737863582781
18601.357832880298,-0.8148727963463225,-0.016643945854172892,-9.783500571300872,0.00033524702388587526,0.0005821272708505647,0.010616508805586854,18.022284805444635,-4.85810598608096,41.888166714098276,52.41257406072934,-1.5100020421957214,15.260147655390957,0.0790974885848641
18700.264725451474,-0.9237738110548548,-0.016913553262950173,-9.886297882964818,-0.02217591079358771,-0.0039343789627455045,-0.0042517973600973095,18.315612178485893,-5.712382826860745,42.1653066305452,52.412627913938096,-1.5100053415083794,14.704990859346893,0.09225202887301975
18799.521079343995,-1.0974351829629734,-0.06145603433970195,-10.074098688681007,-0.011681778278502003,-0.01909197458977243,-0.00545691355026903,17.424386671246427,-5.106225851356528,41.71732502374945,52.41261469415188,-1.509996475370987,14.929873131042786,0.09024192930644404
18896.825438795484,-0.9112849428685488,-0.27126560849568865,-9.74250358505472,-0.010968750793839861,0.004704829961291065,-0.007505652030179583,18.552498600902208,-5.151048520512303,42.071702980535655,52.41259892813578,-1.5100087161338391,14.577968125442258,0.042658903593178366
18999.512794182538,-0.9911845551241213,-0.26162013442642373,-9.862661561375583,0.008220660780325274,0.019723444790822,0.005357391714919505,17.811234425720087,-4.206299698792232,42.28767836226006,52.41263665674115,-1.5099902984829312,14.82198155752969,0.0549665589722963
19101.72917183058,-0.48854857941023677,-0.08484074788195609,-9.841404965688943,0.00872153105684055,0.004642512381230036,-0.008840220665582163,18.628806556288325,-4.800001723528196,42.480306616251745,52.41266006719126,-1.5100075961540336,14.413920927499287,0.060916372937924734
19199.44124475176,-0.6751477530279045,0.04901982520466098,-10.052032188682832,0.003240364427065333,0.006091355190535136,0.008588273581775507,17.73327377711205,-4.917070486600664,42.39574871798648,52.41264651638794,-1.509987452365347,14.563875516682339,0.0686965335260652
19295.25273111148,-0.5568000800790899,-0.29585587611256126,-9.49171992644744,0.008241028968557058,0.005724453061551018,-0.005528609582705557,17.48668725855791,-4.581504422683163,41.914094768098664,52.4126932608441,-1.5099724905785104,14.362693170399474,0.03212038107915305
19400.77737154383,-1.140354910586006,-0.07652213928047269,-9.634657162722778,-0.0016414941272177395,0.003970466698823999,-0.022562365888422607,17.77093150507914,-4.81575120658048,41.9266841129782,52.41269224567591,-1.5100111967108687,14.668941107229895,0.001150392488966645
19500.94458196787,-0.8197033258159803,0.36150007475998525,-9.617168823165605,0.012019316695395433,0.009316659668680947,-0.004023500557942787,17.95242593846134,-5.228838496494217,43.17455427901252,52.41265082031002,-1.5099994100782559,14.520281439234324,0.03132099932804522
19597.614110085495,-0.5054569872370294,0.15060032377816063,-9.871088940488336,8.78844263207182e-05,0.0039537368118566585,-0.005239062505799912,17.80576004661426,-4.46426203487272,42.474944534124646,52.41271666641429,-1.5099875607237734,14.5121075284516,0.03018782764104344
19698.688277155376,-0.6951355473853451,0.29553455230162784,-10.155836577900685,0.0005786404742675647,-0.00312677169653276,0.0026789265984525712,17.891999289213445,-5.554875063944137,41.53908817183989,52.412715492043766,-1.510005486080753,14.360095089550041,0.04971138448837564
19800.746156951303,-0.6298701253668398,0.06069587370544706,-9.419416523502099,-0.002655926332624114,-0.00795988910008754,0.019034379835692266,18.166982574838094,-4.838376406233219,42.04999408188277,52.41274723524218,-1.5099874639053543,14.034758972442694,0.05052264620587721
19897.448139330143,-25.251039179114176,0.1772465055727576,-9.822219501601174,0.006844504776364279,-0.0024897365528067524,0.002530493758875009,17.9144103151018,-5.773784897068156,41.8324284306109,52.41276819715796,-1.5099856234931228,14.352080441037161,0.05137509680969288
20001.272449443066,-24.86221656984453,2.202280493970274,-9.95975995920401,-0.004211988166129132,0.0031412949645066596,0.24160301472174175,17.966943803023998,-4.898028071242003,41.93233288303845,52.41276153001935,-1.509974713189937,9.627548878326365,1.4838310837534436
20102.98561758315,-0.20290131581061718,2.2248807170162035,-9.726639685103377,0.009764313771980683,-0.0031608296112297335,0.25372289893375016,17.1453868003987,-4.903505179113536,41.38525242114596,52.41279922603956,-1.510007803508073,9.311976197354078,2.9249149973088606
20200.02467160603,-0.150676304120483,1.9214120892631885,-9.576575842399341,-0.011321491407160067,0.003143386831314305,0.2495097552841822,18.195849008005236,-4.161772519042668,41.794038382807024,52.41277061626762,-1.5100135021422691,9.13220941202267,4.374673731768837
20301.408003295368,0.012948960081016946,2.520855840700259,-9.814610111217094,-0.010989162547281939,0.004391501337004175,0.2577729950658612,17.955398351154166,-5.78248694672089,42.90577788659696,52.41279492639642,-1.5099994182892422,8.919494986022332,5.832996924253507
20397.035285650774,0.2430013811307858,2.584128312375032,-9.554284966412126,0.006874267551265042,0.008331794312701818,0.26175025233320454,18.805146490241434,-5.300443587926907,42.28953815043775,52.412806734111165,-1.5100108988027,9.012094701230595,7.299451320582364
20499.579176094318,-0.39295833077961756,2.2808592043287734,-9.593400012296627,-0.000885442145830127,0.012827949688389803,0.26953639308621963,17.53021741637302,-4.588658786712928,40.75441929592427,52.41279685331988,-1.5099781877749554,9.272546511536197,8.774497282940501
20599.39366751521,-0.05035792284688956,2.336703124060777,-10.025276237480412,-0.004538914161531284,0.000780074184788575,0.2587238147129186,17.095852335750244,-4.832341371801346,42.608361746248974,52.412822495007646,-1.510010303914727,9.384899422503796,10.258267060899072
20702.963432927507,-0.16449949880621648,2.2723457011664325,-9.944758021131896,0.008900577324754598,-0.013077765651476607,0.2768276747291151,18.30903424696502,-4.909847474331248,42.54481476145458,52.412803094638676,-1.5099376572224013,9.211452533969812,11.750467281318947
20801.16595127418,0.030827879875163652,2.4534224961577453,-9.618492567344047,-0.006072614140860845,-0.0034510409681919006,0.2709803659402696,18.1732635091565,-5.47806785147927,41.820357347846794,52.41281454925244,-1.50995530582715,9.308595972248863,13.251044544982165
20907.609462319575,-0.2676157841553357,2.5760274555531515,-10.352522512762087,-0.0020020125430036985,0.00044062567406599355,0.2563735351684438,17.49578348973443,-5.295409174045715,42.35863177189161,52.41280470131809,-1.5099775389061598,9.279157523927873,14.760489999560605
21000.94372125817,-0.12331813059571965,2.1556916622693043,-9.839891138632998,0.013992279500711594,-0.0183576875617709,0.28689092789948367,17.235125522497952,-4.377479495888371,41.5703003945914,52.412843663456805,-1.5099566685470953,9.22961917448914,16.277638531503385
21101.83486824818,0.013564587611862688,2.4890950636718383,-10.096166240324935,0.015391423458106504,0.013886645201024821,0.2695043215846264,18.768698365342146,-5.025754596876964,41.764872141866825,52.41285315207438,-1.5100026401560092,8.986884618555836,17.80304914470264
21202.956120286257,0.3820121100910291,2.3965281954352986,-9.905310760286705,0.01572398210270327,0.0014237791251046628,0.25928924915367224,18.70705519530339,-4.812320151927763,42.749273180334924,52.41287796629989,-1.5099149876175693,9.144127324634672,19.336516219110365
21300.23426174853,0.025965607527209805,2.4652886797988285,-9.869764017805842,-0.002821257769339113,0.003813528345802849,0.28555662414623584,16.756271620646935,-5.05759416438824,41.864134980065145,52.412877854580195,-1.5099724755638164,8.93080516680015,20.87793021493104
21399.714875692363,-0.19126034964382405,2.527161621804249,-9.881648875581503,0.012307029049844702,0.013655264625262658,0.29115716207443637,17.77088848537175,-5.591542757624882,41.06513416902251,52.41286389794221,-1.5099579648097794,9.095571381504802,22.427089984719487
21501.133756775278,-0.10874863999742312,2.4404390494743753,-9.920452250422523,-0.009489528277686782,-0.006301428301423468,0.27143852416172287,18.832096027391948,-4.533094786962502,41.96834838860933,52.41285349784712,-1.5099872271646642,9.149885133991152,23.984210376120586
21597.69221612241,-0.1069739967707399,2.462863487926265,-10.029428729925764,-0.00906902874722061,0.0057404193088403015,0.2680318889305953,17.761968721111067,-4.7483838077337515,41.96070580354282,52.41289308637831,-1.509934609006972,9.411876857293572,25.548777011455
21702.112337962204,-0.3916563037046391,2.4563594788422107,-9.351617746636263,-0.023504558526243613,-0.0010986412310193569,0.2726789120590732,17.754693882986675,-3.8471815813164056,42.59918428468673,52.41291390691272,-1.509960363744382,8.806627281347017,27.120988451331186
21799.448323639095,-0.13297065458012128,2.6437558731127684,-9.43650759916773,0.0167286820189853,-0.001840868670159194,0.28284162675208036,17.858620336185314,-5.507790689825272,42.00716821108788,52.41291394715938,-1.5099297849824864,9.157817694539112,28.70060048821125
21900.777013823434,0.10265059243592117,2.570824626274676,-10.042413164051258,-0.008639798490760783,-0.0077219238780437925,0.28976223685198027,17.43955151311592,-4.58871353939976,41.789208844279855,52.412927568161656,-1.5099359676487285,9.350971120359569,30.287600018444152
22005.767093914015,-0.206733727123249,2.551081755357705,-9.493576649739287,-0.0012653257974705998,0.016656032136865274,0.28399428083813,17.147612127885978,-5.655771983018501,42.5225280726156,52.41290855386403,-1.5099395879518198,9.199883338922373,31.88208087190776
22094.8441196695,0.032036771467172626,2.3359838691491843,-9.889893098094571,-0.00910324341928284,-0.003755000400755709,0.28042918745464507,18.526273655367376,-4.9213267161634615,42.060395116250554,52.412910245394485,-1.5099267617988765,9.209246636871773,33.482993450727236
22203.12481228987,0.03666586138571851,2.4795893780268705,-9.784162505333658,0.006951652483301405,0.006994642468957021,0.2956522219090886,17.078531546876164,-4.5117467054684175,41.624988659217145,52.41291149290742,-1.5098984959758872,9.154334235404903,35.091126150533455
22294.265611079125,-0.2583999907621793,2.679879078795803,-9.822654791979383,-0.0037563366071734017,-0.018750073874719365,0.27866116546588415,18.123635726054378,-6.036067558048243,42.57749878027081,52.412931628250114,-1.5099206788335795,9.29150957490294,36.70566122965624
22398.287369858383,-0.06620530230384872,2.559900301234624,-9.941949728250794,-0.013048168904329494,0.011799885296897865,0.2932677816282495,18.443289746378824,-5.102466237120804,42.0968308822584,52.41293754610533,-1.509901768034705,8.809428875409312,38.3268945179957
22501.71886952076,0.29223823175163677,2.6622399905183483,-9.61322953127877,0.004416625641860607,0.010522111559570587,0.28122520593220274,17.27438685054942,-5.2816048670213105,42.00146298333972,52.41294947442495,-1.5098649800406332,8.74519282339257,39.95470103983723
22600.710283403165,0.02522804835863829,2.8367246733221214,-9.784822693884669,-0.014337300248102286,0.0009743411029730304,0.28947557144005,17.537865798702462,-5.350978649147561,42.088954195705824,52.41294882405227,-1.5098173660730492,9.01717800289237,41.58857809503519
22698.06322871028,-0.07446165036992534,2.735782623845112,-9.905310284643848,-0.008374057253154913,-0.0022694246613792434,0.285056432400535,18.606589594195796,-4.8073936738703225,41.4646658142917,52.412954647634585,-1.5098507565556198,8.582663838311518,43.22833780066907
22798.40257784078,-0.028358393058533216,2.602275196826503,-10.070917888760095,-0.02106889114626081,0.004000000056135664,0.28665930758436825,18.26644586011352,-4.4396571467887025,41.73617311191083,52.41294753243397,-1.509869275140312,9.25776138255501,44.87397474328435
22901.347198153242,-0.09210080500476577,2.5199297957329034,-9.988719002743824,-0.01423958112197607,0.022887906608802893,0.28445572517931844,17.691357146560556,-5.066639357614577,42.001791300916395,52.41298747575783,-1.5098486293163722,9.252857821206343,46.52540864909088
22997.561243713044,-0.13069198227206136,2.2211758050397936,-10.13827602312042,0.0017852916972047786,-0.01763236698903485,0.30260126193756526,18.601124501680587,-4.89725678621999,41.90266815248766,52.4129755769841,-1.509830754693245,8.919671692740096,48.18213170747862
23098.93568478468,-0.30451128746299577,2.586741017381724,-9.807555290316966,-0.019645360381029247,0.007820273875741275,0.2827556185140767,18.60326786172715,-4.942845623470376,42.6362141914083,52.41297578233691,-1.509828224016742,8.93010272335786,49.84419563360427
23200.817655302144,0.26025653643723157,2.5705030117241483,-10.049333118456879,-0.014811457246217158,-0.009116173021539026,0.2835580399650808,18.134526346507855,-4.999098246821793,42.1087029263635,52.41296936395227,-1.5097927804209539,8.98814812503002,51.511275711234816
23299.390505417323,0.0008975176878643736,2.6850743843951785,-9.86311210250371,-2.3689161328080567e-05,-0.00019918396299731204,0.3130005055989721,17.54991988606317,-5.544671318856053,42.4274519613182,52.41296252780685,-1.509795862948123,9.011789801226184,53.18311252716569
23405.872382553807,0.09037118568263122,2.6108109297790887,-9.535979629277927,-0.005436068960930526,-0.0024788011907866305,0.3024175035044629,17.793275648264103,-4.445777699138554,42.00469767728792,52.41301998663024,-1.50977119902077,9.025931857332713,54.859810648872724
23500.47782094782,0.010021406510374524,2.592389430257295,-9.570140085415684,0.01992036635959309,-0.004283182577977557,0.2695294837479166,18.143193371977695,-4.852402315920582,42.528144241873065,52.41300938492004,-1.5097845696375447,9.11172005459362,56.54075778477625
23596.642530036985,-0.09537865747460707,2.3797199644521987,-9.816455378820525,0.018338965460243755,-0.00010465129052729338,0.288416635191128,17.905702585426255,-4.8025592549987115,42.19876387828658,52.41297007798928,-1.5097404850964669,8.965497855855176,58.22565031864747
23700.089201901174,-0.03935728370712199,2.5122045860678037,-9.82741694522863,-0.008679224627511537,-0.011341711452777905,0.27666752789987653,18.469478589117426,-5.403254814512791,42.00671024269423,52.41302187879015,-1.509758837556569,9.18902188247738,59.91465782791056
23799.866902055655,-0.21178302531427706,2.730639139772972,-9.4340250901158,0.005571376184034819,0.010291804361279671,0.2859164735386281,17.235112959945333,-5.22961019899462,41.99335845552049,52.4130289167276,-1.5097632518660502,9.090310182361671,61.60730911496836
23902.72682944627,0.3488117225971947,2.922496888356532,-9.705848775928258,0.007492825568794513,-0.017941435111986006,0.26466235455156206,17.25286823546688,-5.088067098855389,41.52278068685452,52.413016593683636,-1.5096884185617276,8.88091515925758,63.303536350463446
23998.62616792236,-0.14492800011753282,2.655840535599403,-9.875561291975306,-0.005974788580244034,0.005397645128283421,0.2952234379720596,18.090435555741216,-5.767062346724426,42.25345786006815,52.41304949180546,-1.5097564277275592,9.270830236876268,65.00289097601672
24099.4309969604,-0.15789521142554064,2.7249985061835638,-10.09520362342409,-0.014955415364982039,-0.0032653585253457113,0.2857038713158841,17.754227793096547,-5.844017162598839,41.97989763273181,52.413025068465814,-1.5097225020673988,8.734128155037517,66.70528202439903
24201.97090673657,-0.04943643526263515,2.8237816435074703,-9.731225356367052,-0.00012298449308057613,-0.011709248938074537,0.2982082004717207,17.68647569265113,-5.300373965319284,41.7490040199094,52.41299537998943,-1.509707912795482,8.98972380763264,68.41045683633604
24302.378414911596,0.17259806705157787,2.564062810826942,-9.644135245483428,-0.0017284567481411094,0.002023833705986952,0.28179773170467454,17.115971640412802,-4.738739616778805,42.55323088540604,52.413033777153345,-1.5096327070076068,9.204309211299968,70.11815149597078
24396.914966783803,0.03340951757834896,2.745021605902349,-9.936330304902729,-0.004357644969706192,-0.01556951086706478,0.299255924454568,18.00977292239909,-5.326568694964971,41.3748919870526,52.41303390114614,-1.509634103326636,8.869319268404771,71.82801114326566
24498.00319885484,-0.1884662150596481,2.5832176309557866,-9.751759448972393,0.004423168681644852,0.00039713821719634685,0.2946348063873471,17.973622445999617,-5.509402598795357,41.78875205228378,52.41301923626749,-1.5096276060007319,9.079433570076157,73.53991718521814
24598.761576476994,0.17350029652836652,2.8279443303393297,-9.882714658983007,-0.007507296070055988,-0.014228769078115544,0.3141095021065144,18.32673949097587,-5.4073428266188355,42.51385937438977,52.413044839559845,-1.50965122921574,9.130102648292283,75.25357649685157
24700.208755350202,0.16877260352811374,2.724580392027994,-9.8468064798398,-0.01151997547579143,0.004612720843178312,0.31346543185142306,18.034453066560484,-5.227671211572656,42.15776147046012,52.41300184625001,-1.509583122170684,8.853628040111053,76.96873633211999
24804.677395639297,0.14092559580775746,2.750174844957021,-10.307564411512466,0.0010908297034983186,-0.009243573336303755,0.30743325333923444,17.93369796087975,-5.176929481410052,41.97607053617362,52.41305660512305,-1.5096112171370635,9.01617707539717,78.68520213343976
24899.697635952252,0.1978046326715837,2.5910194027601987,-9.854356280743227,0.003859700925688759,-0.004509940170293094,0.29648130076110557,18.58850031839517,-3.9172392738967217,42.125501771575074,52.41302058682012,-1.509585897676496,9.00433672035194,80.40262844841845
24996.31047467543,0.39466856766235964,2.817177985195207,-9.61612613951839,-0.01176644943900053,0.002939493879431622,0.3197258632683726,17.343766348275725,-4.4726896857563405,42.089707085524424,52.41301956549444,-1.5095886393509894,8.930585210899224,82.12076878768744
25103.11040774379,0.4108015412046985,3.02645612741658,-9.936280511113312,0.009280906109910812,-0.007725421118422359,0.28442915995948775,18.268194609423787,-4.487612943859136,41.24166872685704,52.41303786150233,-1.5095799550459539,9.507386569014686,83.83941019815563
25203.108676489268,-0.010967628848986666,2.5648306340571954,-9.799494726356937,-0.017704811377760782,-0.0005796399966830252,0.2859621465175229,17.164426417602325,-4.415709817863309,41.82536905732602,52.4130494283301,-1.5095706873343098,8.900838443498076,85.55827059352436
25302.574225844743,0.3314887639561655,2.666932614619734,-9.961190141338385,-0.005781134587156434,-0.015138305012448536,0.2991523453885655,17.580819059999595,-5.499410434667025,42.80826082725687,52.41304443461663,-1.5095564960120753,9.260937616215672,87.27708769376301
25396.345188852756,0.08699537310825209,2.7541905675004905,-9.737911664741446,-0.00258008536197609,0.006308756035961556,0.322482089363862,17.393671433688343,-5.611182307493619,41.67033793261142,52.41302644594931,-1.5095267620006405,8.988032975739525,88.99562709217116
25500.64857677879,0.16001931775426426,2.8387826251938253,-9.853304639507234,-0.006362237126519298,0.017649138055507715,0.29782100964115815,18.39097126772596,-5.553435145767028,41.84084949294783,52.41303107566012,-1.5095182043518478,8.856784885381945,90.71360894784243
25601.763397499235,-0.15657623714275598,2.6379644451706716,-9.997848308136401,-0.005650604735511925,0.027922088679099615,0.2978655510227394,17.967294883202303,-4.332746933331081,41.72918961834541,52.41301819001462,-1.5095127934778851,9.102693381990777,92.43075202048834
25699.728022598967,0.057114364697254394,2.297652841489885,-9.543489706466975,0.01871074482308114,0.0009116814666643917,0.2851001779534635,17.993248377703512,-5.273595894441246,41.95649238834093,52.41303576582118,-1.5094686008267126,9.219742274596703,94.14687109184598
25801.072497510355,-0.13840525252918112,2.9269391971540473,-9.624213597293558,-0.008508840890388987,0.007882041407971867,0.30874301090527206,17.446633506135274,-5.625678091119643,41.70843858433785,52.41306092376613,-1.5095447759048417,9.282695109604916,95.86164046679676
25901.80146296109,0.22112579076048888,2.837276323343549,-9.930981352785636,0.02441221722471914,-0.017806256729074894,0.3085383821467007,17.850153252033554,-5.215498100109906,42.24337075107903,52.41303825785301,-1.5094619265673421,9.419945053638187,97.57482220177167
25996.17583047549,0.3642292916217372,2.461606170897992,-9.710442338116446,0.004371267797310519,0.015027343263055881,0.3065894440433568,17.618267348345444,-5.119302765857314,42.098656706145135,52.41305420775726,-1.509444498908237,9.705420950044363,99.28623964170771
26097.67803593467,-0.2343550931152662,2.6314497944734914,-9.702517599435925,0.0009205513731199199,0.007762285047241061,0.2920379705423093,18.191727507427107,-4.865793363152719,42.38677380755351,52.41306456131448,-1.5094227003671596,9.176183005176584,100.99554564760825
26193.296899379595,0.05996987064926137,2.9571116289444173,-9.681539752997764,0.004762403533876659,-0.00483933444951233,0.29088413704657917,17.504454432334192,-4.874524489643979,41.47452941690552,52.41302188546383,-1.5094337920297851,9.002717221887272,102.70268030079677
26298.198130780747,0.2940581116882963,2.9379621021158164,-10.148851179199015,0.025299277492519524,0.012371808002890092,0.2845526931810809,18.664897182602537,-5.414090281936754,41.829829758558546,52.41302786682038,-1.5094152698654517,9.236590820812976,104.40713758497509
26398.36966586948,0.0948171182216494,2.86021453225014,-9.608678691793475,-0.00993593003931448,-0.002544760766453415,0.29782359064554687,17.162209775187954,-4.657171803743145,41.887138684193935,52.41307273613645,-1.5093867331754969,9.103515358167769,106.10873552294919
26496.415740225595,0.2820001175913047,2.6913839060199827,-9.923939792585147,-0.011204179189363892,-0.004580251830145566,0.2856577566013819,17.59674008377172,-5.319596766875079,42.227823455044295,52.41305567657131,-1.5093637544526042,9.352649191833512,107.80733668691528
26603.82629523769,0.10365936869854414,2.7281833325421974,-9.881565586688254,-0.00754866196571921,0.004753349254274913,0.2840782256527569,18.83860025498305,-5.078138168352521,41.603389401396484,52.41299058425258,-1.509386825549054,8.91992585148995,109.50244602154191
26697.702571724534,0.20285709323752033,2.693986121991338,-9.28242364954796,0.0003214314696456089,-0.010633544998303187,0.2910358480264967,17.782430626018982,-4.656612964748322,42.45782690212917,52.413028785763636,-1.5093628364229172,9.663898465613139,111.19423428933271
26798.982169966217,0.11131320664986515,2.8802752329034504,-9.749625323855797,-0.017257711248125734,0.010216247643999482,0.2897108385701617,17.342560667797795,-5.320910701972171,42.593207795258806,52.41301783440299,-1.5093220989210483,9.373576138881372,112.88218170662014
26901.04168287576,-0.06341931110652166,2.576798756729282,-9.887264495089436,0.0002233923931860801,-0.010559898119268434,0.2885165400571298,18.109535781268836,-5.284675711790569,41.50556382618221,52.41303090527142,-1.5093857893142066,8.877928623633325,114.56608361228933
27001.708344282415,-0.02639298685561406,2.584096468081881,-10.251058874551182,0.016935471334136722,-0.010500547898231863,0.29780306952933827,17.76230387889273,-4.704165975153434,41.754563552553215,52.41299580498428,-1.5093449013000502,9.085795766735446,116.24564420652092
27096.772340780553,0.2875885664016886,2.853294520875906,-9.53204717321073,0.0015140739062477757,-0.009096897884083344,0.2931972065309518,17.58206487219085,-5.42886658830251,41.734034245853955,52.41299001949235,-1.509289742016759,9.402926069887759,117.92101135100285
27203.974205110095,0.18142311174453027,2.6912144557590194,-10.07904193416172,-0.002926854589752769,0.007595000375161222,0.2886682115388952,17.452064594600643,-5.192396011802035,43.31619310233875,52.41298917871421,-1.5092853390742278,9.488812921463428,119.5914684954692
27300.08878825198,0.05513040487367593,2.900752479480665,-10.010687780699902,-0.006181604486836274,-0.006167753615197077,0.29254699572961157,19.384186802812973,-4.722128910978554,41.785049947396054,52.41298693517463,-1.5092850563832385,9.012240056501632,121.25715344353443
27398.163295212493,0.11693988318754378,2.5890898230987665,-9.87627045981757,0.008985117045515646,-0.013479957843671689,0.2799307974918426,17.87422404990793,-3.9729537792820127,42.838812721078064,52.41301014251432,-1.509292986453088,9.422760921749415,122.91784908346426
27503.230153534492,0.09436233374717547,2.6769435543260016,-9.526717641659943,-0.008258327732380477,-0.00605679999935798,0.2899477361518543,17.03721631983356,-4.697297747618626,41.366684002446696,52.41296546634488,-1.5092903622498544,8.905122703455264,124.57309521872867
27598.998777225297,0.30365960121011915,2.5420241444469083,-9.655352002666849,0.01846395920599248,-0.0003204237068048687,0.2894461710595283,18.746854879502767,-4.763680118504994,41.50517451691782,52.41297168857103,-1.50927347326852,9.290963596732798,126.2228707312978
27699.595996612323,0.1004437759256454,2.676508306801904,-9.841567501968052,0.019333597477143572,-0.011809724836643856,0.2719319238897707,18.305535452555286,-4.734599208163635,41.6566977340759,52.41294321131697,-1.509219832517817,9.545595871835515,127.86704412812503
27801.80359044979,-0.05844552023562677,2.4482255855750563,-9.748341587272236,0.0025675079866178756,-0.011516811090343436,0.29587872061254206,17.616766784490107,-5.536595137033524,41.57715534427674,52.41299378879932,-1.509252733885607,9.227941731537564,129.50525527219497
27898.904514879778,0.32375164764695263,2.5913304344970953,-9.930077138574221,-0.000115150880766451,0.021112963340995845,0.27605783472475975,17.53344045565693,-4.942201630660046,41.866050632920754,52.41299353056443,-1.5092277461678678,9.051847310827176,131.13745258654995
28001.086665477356,0.12181689549100391,2.4431434484064636,-9.78206926208693,0.010306598082415595,-0.00860565403813887,0.28467374573197674,18.336736398079115,-5.0148832441682005,41.64561089863925,52.41295584491476,-1.5092347032519926,9.398011538125788,132.763338633069
28100.34224185183,0.10869136629178476,2.756517556218426,-9.795332651044372,0.010947985022273253,-0.003230423687730068,0.2942811090085435,17.876540836255273,-4.839207729813622,41.59032920363271,52.41295052125671,-1.5091928806335566,9.263634855940317,134.38272930838275
28202.485301236724,0.37843388689567214,2.7534693729359034,-9.61624602086373,-0.008059917310594154,-0.0036723700079928584,0.29072133521336174,17.03701109077745,-4.941745973762065,42.57923599823666,52.41295946057377,-1.5092108774718875,9.526672110639648,135.99540248918572
28297.909335418393,0.16921998362379745,2.380249380558654,-9.61656437551221,-0.00526555133136702,-0.004213568077704419,0.28069552800539616,18.893619982302333,-4.8101501612914435,42.611896811256585,52.41297362922826,-1.5091926898932566,9.238908069570646,137.6017022392149
28405.064633422422,0.2682857715547534,2.832619366719714,-9.711204523558871,-0.013223474346832955,0.006213467399691023,0.27543949700121784,17.78300476889202,-5.155733597449601,42.47464824918766,52.41294588639862,-1.5092153137306785,9.27890692577303,139.20062397109535
28497.21676091336,0.01647667854330581,3.000705373053125,-9.882469511509221,0.004090649383340571,0.009481429504720496,0.28740789593936605,18.747785868241213,-4.970695541314104,42.261999477792166,52.412917175678956,-1.5092051035557539,9.044462388113429,140.79306148130166
28601.266058396868,0.09788868381091784,2.6255045797506784,-9.661635541121974,0.006666278834568907,-0.003059544315315921,0.2833775492091909,18.639217478982857,-5.613914283028496,42.04637153288978,52.4128920038729,-1.5091641592346472,9.50005533951207,142.3780380644593
28701.109187854414,0.3876338246319008,2.514880974514987,-9.82839369324061,-0.013499256378612729,-0.01236478286592349,0.2691464769355011,17.499495227758594,-5.159953639001457,41.751484654667046,52.412895178461696,-1.5091825850457665,9.45115503775354,143.95556349022831
28801.755595490646,-0.04893073855958821,3.027094926950635,-10.026382873742627,-0.004551989048161591,0.012744402278489034,0.2660848025768736,18.516594932181572,-4.304583225911678,41.52342124762245,52.41291189835967,-1.509106048071472,9.262778547557092,145.5256611593859
28898.41229611691,0.26823941069388735,2.397898083787022,-9.890657558382188,-0.013472539175813493,-0.0009534109119668262,0.2520083719675401,17.67427872506816,-4.8405958301858725,42.181497851716344,52.412890138153244,-1.509181752437475,9.556323079355819,147.08829997651947
29000.485846810876,0.18483392698069348,2.5906611023206043,-9.793094603243135,-0.008987998102438376,0.01730321814857169,0.272914956987766,17.066649706598028,-5.010460518691539,41.4131848037266,52.412899817535475,-1.5091492066191154,9.74073816379925,148.64316212221968
29099.221486928534,0.21107971230274272,2.606422362476507,-9.627956843267052,0.005510170602262995,-0.022455858975651628,0.26919005039019506,17.78770091698893,-4.051938361872827,41.503039535412306,52.41287740149515,-1.5091258641893013,9.509909945471177,150.19024573141172
29199.266948393193,0.3806447760112667,2.772882102668982,-9.846705634431432,-0.0073348206667827945,0.001954032212833203,0.2799982737535766,18.19881875088814,-5.68041748915054,42.576456628102406,52.412859712536374,-1.5091268143568422,9.624601219980688,151.7294186966284
29302.122712068063,0.29514203982328185,2.616272635888944,-10.051839742247921,-0.003008259560322987,0.019186063338762077,0.27078629322047093,17.76863167600183,-5.55472777772311,42.950324520861045,52.41284962905139,-1.50913523026911,9.644305287269322,153.26033753031174
29399.10932596213,0.455695443520907,2.4788929628466554,-9.798651663340637,-0.016273117279473157,-0.0035326413543815822,0.27913602841653623,17.84647582953745,-4.143644294361864,42.19664756908324,52.412896595773375,-1.5091262681468793,9.36691516998216,154.78322346241373
29497.490058950618,0.0810798985061193,2.4023417984043456,-9.78730879198869,0.001869902097246643,-0.0022549342333463606,0.25742016689418046,18.571783022464306,-4.977019531975533,42.55322857614732,52.41287519790381,-1.5091212152330356,10.037183450193513,156.29808840191572
29601.901741190683,0.19343989899179145,2.4844662230827415,-9.77283247421945,-0.0004427331984464883,0.0029551169159033877,0.2742863990642655,18.053246990145045,-5.121291518144897,41.87707584127801,52.41288399318295,-1.5091017621674843,9.55091286456181,157.80442249592215
29698.927319962113,0.17226737471919248,2.375684660506323,-9.626025696809114,-0.007289592500331622,-0.005587958188849574,0.2561782605071892,17.578350844357523,-5.599602162547821,41.33116290695616,52.412852047944,-1.5090519512823295,9.794850636517799,159.30252048516672
29802.456935340877,0.04649837893321812,2.5245609287723147,-9.606215351982021,-0.0018901429768247416,-0.0031207193205273287,0.2677635666406721,18.351015161833665,-4.776151866802494,42.306085809309295,52.41282442183753,-1.5090847323174224,9.836562817803777,160.792139740248
29902.130813650136,0.3778324752303147,2.423438631088537,-9.928842174476333,0.001802948805034444,-0.0033781509419140306,0.24393139544879897,18.098837783477123,-4.727770065236269,42.284644661635035,52.41285117363312,-1.5090582759381046,9.673759606218647,162.27334438446462
29998.669180531033,0.5273025943895054,2.274786378207709,-9.93322869160979,-0.00814868148909344,-0.0062742073442637325,0.2594319734880155,16.73919759926898,-5.547247180417449,42.03583427694012,52.41281564897386,-1.5090677814530522,9.841625131629806,163.74630783935766
30097.758503906847,0.24685059243562305,2.6775718826319745,-10.018039742191094,-0.014762625440017794,0.012288565502005595,0.23573788060645048,18.214176456885724,-5.070137792775214,41.87881227094744,52.412812254029475,-1.5090519765483106,9.788790002715158,165.21070064506387
30202.874726149115,0.3447584852929135,2.4047757170134965,-9.670236865943906,0.018055744326868153,0.0046107803229643515,0.2513813880952182,18.19591435385805,-5.167757916016533,42.48110528929055,52.41279843607996,-1.5091269331706172,9.475966756236893,166.66631575415772
30303.257951170584,0.16039659001584822,2.279540700273009,-9.520235978332458,-0.006332727047102727,0.0025062823210330203,0.2569637414431057,18.01006056479043,-4.872011426790614,41.50713348328626,52.41273174435247,-1.5090740520302832,9.712446515057371,168.11337911607484
30400.105273639518,0.04602919605558424,2.4348953292175204,-9.873016385581785,-0.0009676010318688933,0.008085710068901167,0.24587049017555532,18.44585029053479,-5.559625121110322,41.613109710554674,52.4128141071425,-1.5090391992781205,9.675691500131007,169.55196255470662
30500.74519014507,-0.08092978600676776,2.4605650205223464,-9.858286112944999,0.010108397350203135,-0.002643558332034669,0.23907174164802403,17.66380320783675,-4.374026272743421,41.495946746619786,52.4127831078392,-1.509074506769782,9.725534633384457,170.98192837720353
30602.75706844637,0.10544267000213514,2.178275743383488,-9.516643488620206,0.03529055187570484,-0.007742038183529005,0.25650298835595375,18.16824989441045,-4.542088109201198,42.042486481317916,52.41277110990209,-1.5090259041518446,9.577241646756251,172.40310322647372
30699.34722641133,-0.038517577018663124,2.4805004826038726,-9.708888429357,-0.012444864498888658,-0.006026243046145574,0.2455653776437988,17.216520314416325,-5.181587779366408,41.45605349394537,52.412754460391916,-1.5090299096066544,10.082355996814286,173.81601718102115
30800.974636005714,0.5224654519090116,2.263579078800163,-9.72275285903979,0.004498272137265099,1.783041104608902e-05,0.24017553059326274,18.203545191699416,-5.108209355819185,41.65787890974238,52.41275010799944,-1.5090677560072197,10.197741719408752,175.22017193740044
30899.56105045529,0.20134007707955234,2.667575803499754,-10.048183301194745,-0.007075522852941063,-0.01059211708372902,0.24402223688593136,18.97652984776995,-5.068211075138808,41.6471222188864,52.41272600440189,-1.5090675749461897,10.092517849916119,176.61591590602995
31000.470355194044,0.15197501708769534,2.4796471714566812,-9.674254386144117,-0.005387903045767108,-0.0050026101658667554,0.26848585545308257,17.502571823766228,-5.389154276503252,41.86969583383302,52.41274136408431,-1.5090772741041345,10.170929670933921,178.00315652986626
31104.54317786587,0.26324834625393695,2.3309569745711642,-9.995827268101952,-0.0072021202100679,-0.005161166418714347,0.25213791737858937,17.620098934006112,-5.221714709117518,41.25631277679801,52.41269394972942,-1.5090694357003378,9.868368400121351,179.38170953701865
31200.250761463572,-0.034819855735637006,2.2694002348125557,-10.036804037186991,-0.011256549678005849,0.021245562298290138,0.25076780976491675,17.644992278554223,-5.1351351838373045,42.043602496018636,52.41271485464297,-1.5090816883294804,9.829906608853124,180.75189268618533
31301.5232067876,0.09991541501755516,2.355655100131927,-9.879354315353343,-0.0004129136178466144,-0.027738149399339166,0.2420387832668833,18.064999112900797,-4.193565814646436,42.62365182533234,52.41271339367727,-1.5090490031132913,9.821424678263465,182.113717796292
31401.430497129077,0.10198212511420159,2.453500671711474,-9.927158544689739,-0.014745026870482356,-0.0017961972140563326,0.2378859671136274,17.468481863573142,-4.526690845834782,42.06774568615838,52.412689209944716,-1.5090875920717886,10.126149872082605,183.46716508492216
31501.634032581842,0.4036576437866678,2.348349372293435,-9.854319938877008,0.009468075665118704,0.017256937928147708,0.21086150109719307,18.21062368934549,-4.532672646331688,42.77066057240066,52.41269161958087,-1.5090476360625729,10.062234911461568,184.8125978948758
31600.776167973272,0.2665346874738552,2.3098941601113934,-10.098196326904985,0.0005500293603337463,0.0012184446413245396,0.22659164024235434,18.42341997273458,-4.815037193497805,42.66699909293846,52.41265539640463,-1.5090487351684525,10.021634630089663,186.14977506898379
31697.936265693028,0.39835084694823747,2.341922627305612,-9.618236738706466,0.004224349729014399,0.0075341747342109276,0.2271964346615196,18.267173606726892,-5.558663504465617,42.38886752362393,52.412646934815896,-1.509096451652819,10.315689934255238,187.47904963725478
31801.286519703823,0.3268708860183187,2.2330814377658,-9.584462741096715,-0.004661886119462229,0.000998263150997679,0.2118445704997564,17.115792287180962,-5.020745552288689,42.03734292131844,52.412662025526195,-1.5090345051796483,10.157856728590641,188.80025301980697
31901.484025006008,0.24955932940181225,2.26298985852373,-10.199468494828164,-0.003672039342117483,-0.006673333812164803,0.2176582632776514,18.497583832579302,-4.51475577019331,42.01125019412272,52.4126619186701,-1.509057844550949,9.928880180552474,190.11365804592378
32000.857589798543,0.22499306684583267,1.9924118258729333,-9.61430843886669,0.0028756390516732813,-0.022419159345089132,0.20806300370506378,18.46868370712684,-5.629132314683644,42.38189988618163,52.41260192790964,-1.509056077176856,9.980405972907468,191.41926481412474
32101.395111928156,0.0915920449088064,2.4422397910477183,-9.972105725964326,-0.011640506324058256,0.0020545568703630285,0.2261399939138618,18.41508068617315,-4.681723396563368,41.804164695247984,52.41264096870495,-1.5090895358926664,10.273022764148022,192.7171473312028
32198.77269955631,0.2925433438978271,2.3323887723912016,-9.638604892603443,-0.0035799043441333586,-0.007756066046023912,0.23343411547354384,18.18642112432791,-3.8386953873686167,41.058739624266266,52.41261079802584,-1.5090655409802267,10.364196071350575,194.00771445776456
32305.599615214196,-0.04644295069486762,2.1623455469451396,-9.823689298533283,-0.00859613513878454,-0.008003354061653038,0.23494775969357085,18.110094657102568,-4.469091677005134,42.24600202705148,52.412608973321944,-1.5090594192511984,10.287054716779776,195.29045245262432
32397.113765966988,0.1124785470510852,2.55517599452252,-9.8042448871838,-0.008905688105910144,-0.004989872559791119,0.2268385684342498,18.5161946990632,-4.292985432219006,41.434465685032514,52.41257724653557,-1.509088207035687,10.574529610596992,196.5663763137468
32497.459775670337,0.09633029364729861,2.275104456662199,-9.847019529884244,-0.021098382406256416,0.017448614066234935,0.21181786764672586,18.96175674380173,-4.8908306247789195,41.518929385904805,52.41257825537562,-1.5090508110927576,10.541647091251606,197.83520184225756
32601.863531598494,0.608352186774807,2.0980950426099807,-9.567574159153303,0.013393265894799998,0.02404837542253973,0.2008555939354977,17.523479768317575,-4.516034025617505,42.000111973997896,52.41260590779266,-1.5090949074229905,10.323264873022378,199.0967188039948
32700.415460080632,0.2112366441906699,2.374147734309013,-10.057917602505006,-0.0068653875315376894,0.002172079375284009,0.2014258351860758,18.539062697897386,-5.358926607177017,41.95243756122326,52.41257859194322,-1.5090782332590944,10.086591139048759,200.35146498973518
32800.91986437469,0.03489633867618322,2.2976497740126534,-9.688431932252998,0.011633760551635501,-0.0046476722391172775,0.2051458995917648,17.956891450996274,-4.602068093829387,41.29396219684219,52.41256168435897,-1.5091007671417438,10.011535628151481,201.5995717587897
32902.36441211451,0.10990598247380819,2.2896374579541248,-9.58973396702209,0.010687923213942923,-0.011772264174512104,0.20781323932039564,17.9351634739857,-4.672805932969618,42.08274578206657,52.41255847525651,-1.5091008102040322,10.215239662115362,202.84118182206657
33000.5421086027,0.14923498860789705,2.159427286781489,-9.666731983891918,-0.012859997065164937,0.004685401615460691,0.2140144737716548,17.23173465480898,-4.855044412981169,42.48306983043052,52.41256211838502,-1.5091521522021354,10.462179397879789,204.0765473469679
33098.84980175714,0.482820479427192,2.2839832522541497,-9.345060217135316,-0.010884112356728457,0.01782905600065144,0.20441576972426423,17.8576052952423,-4.3419962901407505,41.435829214867105,52.41255274118234,-1.5091178176304416,10.695473100962824,205.30587076351162
33200.29808472804,0.05799708023292731,2.170269738496688,-9.915789352544941,0.02560502959355684,-0.0024734038702515677,0.21688528682198122,17.50136752101579,-5.269392418923695,42.63624166542438,52.41253409919059,-1.509146756573123,10.432809151026559,206.5291100327861
33299.1690003597,-0.15067620999193876,2.2865502294066977,-9.618539035481295,0.017509259419271436,-0.023789960407532243,0.21017928340608302,17.76807278524703,-5.093528758236832,41.21991458743503,52.41254920296699,-1.5091561047080968,10.601453194721083,207.74665691221458
33401.14964912449,0.3152162256365524,1.911025341848785,-9.831218127068285,-0.00031518513328104153,0.006700496718155238,0.21160063182202202,17.450906808110926,-4.952268979320852,43.05866207218548,52.412538575721186,-1.5091117126416715,10.337780722773047,208.9584350020101
33499.39637535107,0.012138776574126542,2.125924020033011,-9.563318784729466,0.002573731064173494,0.009853997114500494,0.22197895617804494,17.775545806343498,-5.5148054855447,41.79436978475826,52.41251933971776,-1.509158581999181,10.529349958245133,210.1649491907267
33598.541009843386,0.1093745655040405,2.4438059220449544,-9.811537799144274,-0.006308464029471887,-0.015858456403858474,0.19788143805918576,17.7969448214883,-4.886534028099876,42.072808498413444,52.412504156937,-1.5091823748227737,10.58742754551567,211.3663486124209
33699.63474417558,0.12017475760272012,2.0650809512314936,-9.887575156372494,0.004323527142003399,0.0017648418366295283,0.21299329252602334,18.0483774592194,-5.859465206476924,41.053983213757164,52.41250829339521,-1.5091777804115782,10.045057425696363,212.56272027985563
33801.14605076348,0.15885296473059918,2.0845278312895643,-9.548785559225674,-0.007171819007224715,0.0045122601613609885,0.207823088999823,17.192625068854333,-4.476522732785895,41.968931966765346,52.41249360789437,-1.5092051787470828,10.376410469092631,213.75425947537963
33898.73421561237,0.25849133200600793,2.1033630987324607,-9.908312387803786,-0.020323537642983846,-0.0007310730200893852,0.203849970492067,17.277240926127337,-4.976681316717017,42.114241088859096,52.41250081134438,-1.509159342550918,10.666369576589025,214.94134112811082
33997.97813580774,0.0053304245398730216,1.9840545997101626,-10.092545151780111,-0.01321555786511051,-0.007907709190853537,0.21528587296391397,18.180957135365265,-5.260446451951882,41.95691894795025,52.41248995981199,-1.509211059074879,10.548721057008226,216.12411686810015
34103.64514570603,0.09690924116357096,1.830992949702301,-9.913369376634765,0.00021092747850587245,0.010159372235635563,0.21449229008218182,17.60128094146495,-5.41718680614756,41.71845946147381,52.41244408021841,-1.5091959557007055,10.272182074599232,217.30270336289232
34201.396720415156,0.19243197468449943,2.1240476571117806,-9.686193410682295,-0.011310672355025878,-0.004033797459686826,0.195561609681492,18.537264895114966,-5.117289514809594,41.52671774073609,52.412435309801445,-1.5091890823517022,10.042543447303062,218.4774187778038
34299.39926112521,0.20495806827044763,2.1758216992656383,-9.531592249682582,-0.0006727746491353453,-0.014851861626999321,0.20257902057359228,18.112634861007525,-4.655870144613793,42.56526330976865,52.412435698350826,-1.509236132434258,10.472030641644261,219.64854810012855
34398.82471489056,0.18972050037950502,2.1446883154275707,-9.787774124940698,-0.01074661039432863,-0.02049474485669681,0.20661761444262128,18.303381075103204,-4.7261305106312195,42.01540356749898,52.41246205393986,-1.5092256719055157,10.54753767338452,220.81626758562913
34500.01288104777,0.1772278550862948,2.1282975748050417,-9.546360586553195,-0.007823539225019936,0.012608495199993098,0.20051483618081903,18.705346160210446,-5.352768973639231,42.77037618825839,52.41240392939279,-1.509267350999036,10.401730887513988,221.98077510436121
34596.97303072328,0.2756805297061896,2.15443416312634,-10.081634984295519,0.008531653064131919,0.006166639764711183,0.20860113094348945,17.845144594096713,-5.423019836313817,41.73675882260254,52.412436395377206,-1.5092085196155105,10.622788681948009,223.1424522915678
34697.477901294835,0.10962825710336864,2.299660413682768,-9.898652692963582,0.0024748054764010467,0.0008797354712916896,0.20509312296492546,17.71275664729186,-4.671550646840176,41.782602653313894,52.41242891872612,-1.5092496380362468,10.71142877919958,224.30143821101353
34796.68267601343,0.23476794951970162,2.116301230844219,-9.86771502343082,-9.664421313347188e-05,-0.004402746368508036,0.2201748689072476,18.435851292799406,-5.361173702307514,42.407797122298085,52.41243821437261,-1.509283388993613,10.76022640710323,225.457949260565
34898.0037161012,-0.010933698391932395,2.05780079127527,-9.832911885494504,0.008789639730706513,-0.00528998414203127,0.1861603791691042,18.254756781964844,-4.970045112960248,41.188512518998216,52.412411990714844,-1.509306400720777,10.170528902326344,226.61224820042526
34999.984932742256,0.08711008983979479,2.101199470332181,-9.793181122349962,0.004806085933473474,-0.010757366484416114,0.19989716892944087,17.90633484508935,-4.938122678737861,41.393268319923536,52.41237507425872,-1.5093048624814307,10.394223331642232,227.76458967752524
35103.15785187068,0.1915205169941575,2.2301414104658845,-9.671817808521562,0.014465632912513675,-0.004314556445598848,0.19173630679501447,18.69572898347797,-4.8439689341366305,42.548742485676584,52.41237644067692,-1.5093212475589843,10.611444665955272,228.91521115298997
35201.47604609925,0.2687792986416359,2.3553264277308577,-9.898961367634099,-0.004598592623151402,-0.021200872151201745,0.20661661272282308,17.893877845080034,-4.570864784909064,41.4140330353884,52.41236581526136,-1.5092874758147339,10.801293131103309,230.06442433405164
35301.158244166174,0.10013655959182927,2.0499801215776063,-9.782194262609375,-0.004296349785275087,-0.007360636534685142,0.18420287645849792,18.016386818777892,-5.631481468433662,41.090474492348726,52.41237266470289,-1.5093633487585647,10.798812554440339,231.21248619762252
35398.4795707972,0.01737647063251406,2.1601511230921457,-9.81902457806481,-0.013011092663913454,-0.0031093751635109385,0.20367642108406944,18.01061132541713,-5.955579662630244,42.934263594036544,52.41237387764082,-1.5093486574221613,10.809501903272256,232.35962387237964
35497.24359580112,0.016174371278919908,2.1975563921105095,-9.99517798077823,-0.004289807173724197,0.006098800471904189,0.19379867796294872,17.532703052550765,-5.283723640614176,41.3030911760629,52.41234848560537,-1.5093644423071058,10.652010881872709,233.50610762063388
35601.483065469,0.11696803649591477,1.9998968645533401,-9.832733337816288,0.009647698943024457,-0.00039926463373363776,0.19268462318601165,18.038792694743197,-4.0992357960839065,42.09205969916408,52.412395615618436,-1.5093793481687696,10.676981624041881,234.6521735656048
35699.55380204683,0.29165254960389275,2.1542013186874414,-9.838731905979424,0.01299987372262134,0.00794923113875559,0.18553518208309439,18.698380088699246,-3.988912949956311,42.03454259636214,52.4123342568172,-1.509392293534626,10.610019038308751,235.79809009619612
35801.53027970348,0.1682421611867778,1.934114643061077,-9.84301611300061,0.00960305168086668,0.013491351051134295,0.19536856675793765,18.222484157688086,-4.084411432217056,40.59468584169096,52.412382399322155,-1.5094057557926943,10.922426834105014,236.94411641754152
35900.39678505617,0.27509335160607784,1.8917487139290585,-9.80364810868371,-0.017941918665494362,0.010581700938241017,0.21092653530591543,18.015531713199465,-5.0964906838803445,41.8663414884161,52.41237405298625,-1.5093994723691517,10.59703860949985,238.09049914031073
36000.344888610576,0.1419180419726548,2.215855468232581,-9.794865291877324,0.010831452126607344,0.004705098473785568,0.1999412484098294,17.919116359417167,-5.891057540992414,42.22420662473955,52.41236334829217,-1.5094184349190096,10.963801503814516,239.23752131401443
36102.966163488214,0.11516769317330393,2.107417512120001,-9.896459035821467,-0.01838518623272071,0.00011862679180784204,0.2066276310958476,18.165433514203176,-6.17151955082592,42.17715469075943,52.412326702168016,-1.509436093389913,10.847609018586724,240.38544699444503
36199.51005280215,0.08158986705505711,2.199685759126804,-9.555457053205748,0.008981173241223476,-0.009807880084135592,0.21718967540647457,18.37488331424459,-5.3070190807747055,42.45176034190175,52.412342787403325,-1.5095191782342166,10.808326617927435,241.53447521910618
36298.84883043971,0.18414117686905684,2.171618209401055,-10.043896125840604,-0.003677845265710552,0.007399440513793163,0.20342625734402833,18.304619415444876,-5.09903681507468,41.806254342547284,52.412305919839056,-1.509466694273165,10.697466711348937,242.68490973606833
36401.06989117967,0.19771761402529422,2.033204134641811,-9.95419402169398,0.007025333139338556,0.016797473822215293,0.19548996960941178,17.83406756908901,-4.349687299472021,42.35625222104608,52.412345384846226,-1.5095201538630834,10.568787179543987,243.83700161271724
36500.07862124361,0.457349163950883,2.178494644512588,-9.254007275155288,-0.013324483478945659,0.003421060396504182,0.2060745368942497,18.162390797055057,-4.566097270228777,41.655335465959965,52.41232155964671,-1.5094886186241132,10.720821629173292,244.99095015573448
36600.98877450544,-0.02473229563188746,2.006550088617441,-10.017598270997846,0.011711676327061467,0.01917259148426123,0.1963385485791153,18.23996987057414,-4.886297460504189,41.294766291793614,52.41231090111582,-1.5094867067359146,10.794831632781465,246.1470730466542
36700.64426797095,0.12713458918115803,2.4067004674579167,-10.080750934941952,-0.01464974746104889,-0.015255717080610838,0.19715389623160387,17.49640250623651,-5.444922385470571,41.351135812159384,52.41229083885452,-1.509549514666275,10.396991465776857,247.30558295436094
36799.819843216465,0.07989773004737587,2.001643372569802,-9.663104650999758,-0.006684549108531777,-0.011541633847795415,0.1874613262178739,18.084115270591848,-5.480389779122445,41.26894477240229,52.41226217030757,-1.5095511543010722,10.840999502487625,248.46674067851245
36897.79788319629,-0.005948601969419848,2.1829134169045155,-10.225423970754775,-0.009980946277690353,0.008552015077482626,0.2124176760577607,16.91934805684882,-4.872936156464283,42.5047929839456,52.41228753916228,-1.5095729638329225,11.07448829868278,249.63073366673962
37001.318276020414,0.05955208554049943,2.0638309920424804,-9.857054781994488,-0.01754284852822499,0.0026429021015325106,0.19984951806113482,18.24126685491059,-4.651474510580137,41.242713245470725,52.41232734061322,-1.5095514495438676,11.012155976403777,250.79790337746817
37100.49867943613,0.15593103859213972,2.313974551018788,-9.380835014984703,0.0009452756758846837,0.013137821765718077,0.2061240205365072,18.33017152728134,-4.8040593688772075,42.13701942032465,52.41229399009667,-1.5095895560894534,10.8081412895221,251.9684735598271
37203.19636925439,0.49361110129221464,2.1874121512541924,-10.118987184430681,0.018060891178369613,-0.00015471640726739578,0.19458505721931582,18.37377306289323,-5.517298979803328,41.86703790296378,52.412295812000636,-1.5095722991973235,10.925147039799445,253.14272005957037
37302.08187633285,0.010451241835957612,2.1681712054037816,-10.206392897147744,0.02666905222320009,-0.00867975422528332,0.20996793317195805,17.802476573915218,-4.674666185603957,41.94867571327468,52.41230965344053,-1.5096141036178439,10.812302272776494,254.32076974068275
37405.76808193128,-0.1357202151779576,2.3834794146688663,-10.109836240391541,0.0009715578708624777,-0.0021359324220504247,0.19871661024901155,18.154523417512017,-4.787044516449294,42.68180364759985,52.4123301935884,-1.509633140091899,10.960946584546337,255.5029880665063
37499.436717231896,0.020720745142042925,2.269012379958847,-9.630328086330604,0.011166812750675223,-0.01532683970923734,0.2056244042376179,18.71197692277058,-5.535333203095089,41.780786316392366,52.41231831444143,-1.5096523251848972,11.245915101433452,256.6892484309508
37600.449382652776,-0.22141637114455356,2.3524369090242034,-9.585044656002838,0.002320946379285372,-0.011285906730970345,0.21663294828385216,18.70688482414563,-5.392160485150128,42.30580078077484,52.41227030001252,-1.5096531135591278,11.13855871143863,257.88016806822816
37699.1791308447,-0.042889665323924915,2.137963146962291,-9.912517759395703,0.004988831947682127,0.009724439979180101,0.2165765792875468,17.985413650386718,-4.6557520127192165,42.018781675690555,52.41224902794578,-1.5097200875813421,11.055292900916495,259.0757532904822
37804.958515684506,-0.0016200833607082758,2.0855764355298687,-9.673357519199786,-0.0034214865112723886,0.008727874144696099,0.2093466777780725,18.06965981536478,-5.1172537675729455,41.92399054718365,52.4123334064932,-1.5096995571385339,10.858774187633639,260.27648362983666
37898.31906578191,0.06783091684080278,2.322751580317837,-9.531948934497603,0.0019507692542260213,0.0036300428480607687,0.19273113769991962,18.555455572367215,-4.205426349181772,43.14998456219324,52.41233013301166,-1.5097186566897498,11.112601381538573,261.48205815273286
37997.86538453168,0.19214803885771642,2.27017886341752,-9.452530717114035,0.005374787046064286,-0.017210775209604696,0.24127389726346735,17.249598992368913,-4.749435361967712,41.27932912714232,52.412287267105526,-1.5097187938111911,10.63045983180636,262.6929803401732
38099.81684259311,-0.03716560133953118,2.4236794911476207,-9.85926705623597,-0.0057845972887633134,-0.0035840357551288854,0.22977782559288384,17.838462128661487,-5.243315594094635,42.64456591771872,52.412257040753374,-1.5097531498417207,10.922224643768043,263.90947995276804
38195.93966793347,0.003616011320210128,2.329311126789935,-10.270294343533998,-0.0007749429989298793,-0.012249998886600506,0.22051769759311393,18.667785227768377,-5.005102800195466,42.32820328274499,52.4123008768188,-1.5097863034282848,11.093754678947805,265.13154707334434
38299.00094734353,-0.1278553605875496,2.384685086843245,-9.974175784481938,-0.0005843011899748825,0.011765332537877654,0.20682731677169125,18.487600270842382,-4.968308303681141,41.760237502684106,52.41227882527649,-1.5097815465733928,11.129288167810577,266.3597357050461
38399.26156331765,-0.19295340250169868,2.122873414496021,-9.895360838987052,0.008264033173305246,-0.005837221335626013,0.2142862860475508,18.184631888824953,-5.364195156620855,42.81465925872081,52.412278310401895,-1.5098195390210347,11.11882762277368,267.5940140363032
38499.92567857801,0.10072974225925016,2.6626604291226816,-9.861787759315678,-0.010660321716276806,-0.010857477107815495,0.21110715546168426,17.24708379733469,-5.456294099088813,41.07594494380573,52.412298258133376,-1.5098525919169445,11.047143596521222,268.8347046367271
38602.25203093702,-0.19147173207300672,2.367845007393273,-9.847571880201745,-0.0005154220860765156,0.0002979616512142444,0.23031384706091942,17.97504488347942,-4.64930505309525,41.739116671350466,52.412287070586345,-1.5098157562668646,10.95191113534872,270.0818921655057
38702.9642940552,-0.02354387336386867,2.510806977746903,-9.586221080413866,0.019120054690526977,-0.006401544568346118,0.22149507733044252,17.705042301875032,-4.577363351478952,41.39575889786546,52.41225689741131,-1.5098349288844002,11.101191392004962,271.33592516914564
38802.55777674271,-0.1752818995047395,2.29401305602775,-9.555114314662484,0.011640601525859376,0.014837439102037069,0.212193815424854,18.165519451408606,-4.698109265223521,42.20604173243573,52.41227456709267,-1.5098533704400101,10.805050372177258,272.5966354549387
38900.28002552733,0.1060121694124799,2.4789254692732565,-9.844334730784958,0.013491790488887052,-0.007348108975341909,0.2165045276381079,17.59532665760256,-4.242340952838099,41.44346794940641,52.41229495181598,-1.5098528380078555,10.828312071138287,273.86408730321637
38996.82587516803,0.3462875262060863,2.251120457631491,-9.590303024789637,0.0002443184017803416,-0.013992282592246313,0.23365511075090592,17.487138302512697,-5.270886618005801,42.21653197337066,52.41229282015575,-1.509908355088427,11.010870826452654,275.1385931253759
39100.64050316716,-0.15907568443247838,2.528850561989801,-9.738467726673782,0.0032099756368602315,-0.021529135157575156,0.23974352991391706,16.967567361158178,-4.162864616964435,41.90678179208922,52.41228896217747,-1.5099397993831958,11.034068874228748,276.4205435149087
39198.50174097884,-0.29583412964667694,2.421399857804487,-9.797098805427487,0.010022361667029253,-0.000307865024134152,0.24026692047048304,18.61090234248835,-5.450460559277077,41.760323028671955,52.4123037180669,-1.5099286561302705,10.634771700041341,277.7096046165807
39304.820162079435,-0.007100979538348607,2.4945172325626777,-9.628691168578008,0.015602555295309309,-0.005619301138579264,0.2339470311549229,17.80011474427847,-5.506342781684246,42.19432362301666,52.412279364711615,-1.5099502307059216,11.091006488616658,279.0066476257763
39402.18738464106,-0.014814864070525088,2.609224458233282,-9.795549590352417,-0.01951602912882887,-0.014289046065117269,0.2251654092943036,18.078572891851266,-5.879979441074625,41.86568918803097,52.41229194399583,-1.5099760893199001,11.154194832287423,280.3112247290487
39498.32697760211,0.02427987801407915,2.3338677669276207,-9.398437764580448,-0.013154413070498456,0.011892264612557853,0.19658388650342468,17.99888094176291,-5.222897656913409,41.45568257847048,52.41222285294115,-1.509976731399958,10.98349290998596,281.6232924921658
39597.52966676415,-0.09669827171525787,2.4305223193336603,-10.097682233358912,0.01309444101402648,0.006672451474292419,0.23330682635847177,17.46628303351975,-5.2518611684147265,43.40068649481749,52.412283587953475,-1.510003176475673,11.472759807913492,282.9430161251548
39703.89129385092,-0.0556946002956724,2.6176260121224195,-9.913034179818403,-0.0027688935576880356,-0.00028217878937229773,0.23179037194170898,17.370467544275904,-4.737031359872675,41.75641640848543,52.412310298037475,-1.5100433836653062,10.859669007851645,284.271181909721
39798.60625696098,0.0444902668003357,2.878320971380552,-9.83530377939079,-0.006717207892580773,0.013643262441708666,0.23457216725737332,17.497342437001382,-4.878054529189774,40.89119545992399,52.412289873561555,-1.5100311061345546,10.922172729543803,285.6071610439028
39901.271718974975,0.0817000933953164,2.558351291236064,-9.722109461908403,-0.012541609869956038,0.00662536033398613,0.23516977793912788,17.638415780585305,-5.596486685509569,41.57895065513931,52.412291240546324,-1.5100605191243202,10.912994455402348,286.95149652788496
39997.03640136439,4.448906435078575,2.6819973344324923,-9.556407902579382,-0.0055501670154410945,-0.008228559015184324,0.22272068220867103,18.183303123506903,-5.196363119212909,41.366361655813634,52.412282841386805,-1.510048548236456,10.97421331885851,288.3035812623757
40099.43061058752,4.427951532371572,0.04001954884768258,-9.814879713447231,-0.014023692834238249,-0.010392201639907662,0.010265504598391845,17.602141168239694,-5.185731010543843,42.41307280802026,52.4123271195016,-1.5100830348590109,11.884854412429695,288.3304611134097
40199.711418314204,-0.5511740142176142,0.26063219141442917,-10.094445929901243,0.02091094272732477,0.008179815444538614,0.003741939499231633,18.873245315797313,-5.887991123480946,42.160826329795796,52.41232138624455,-1.5100643450686537,11.61863264737931,288.31567752092633
40300.77325500751,-0.6962840044466533,-0.2563881165900909,-9.641497220708999,-0.0002243605198057349,0.00396366956467351,0.007303991705301508,18.513575517946574,-5.490473363506685,42.19935640089517,52.41233027640324,-1.5100710935737514,11.740643360158941,288.3184311783474
40398.3897324502,-0.2352307765876202,-0.013082125603922634,-9.659008246771608,-0.0005795054176271757,0.0016974776797066171,0.007154393592208653,18.404179774832855,-5.385406815307045,41.81498876708138,52.41228257863508,-1.5101061084108627,11.780925926316666,288.3051879668394
40499.13100626562,-0.6368630830194021,-0.26935690526622835,-10.198371731875882,0.0058807667516783185,-0.008464978028689073,0.003868035312054654,17.940170548763426,-4.283187490089527,41.86032487647154,52.41231721210273,-1.5101671713657037,11.99509156648005,288.2927405668163
40597.440858068905,-0.47668703275270413,-0.3940739551957989,-9.81076082673416,0.009623451692665696,0.006079475670057539,-0.005646154732732305,18.75714036786024,-4.904274642021324,41.81453444819616,52.41231812188411,-1.5101224349063815,12.141516275103964,288.28388343790743
40699.77847317648,-0.4208005783414761,0.057558758301796305,-10.12802836613606,0.009458881565546393,-0.007554988831339492,0.0004023003790076619,17.89099718443944,-4.66891562302625,41.959403407932264,52.412321402400984,-1.5101373404791887,11.91723715905515,288.29024710170825
40799.96475130352,-0.690402020587573,-0.006842462677523493,-9.942930219500413,0.010736219439075717,-0.0010198665459367799,-0.001482494435783618,17.984369292922878,-5.749317748574606,42.417666717682415,52.41231796644979,-1.5101847260316656,11.44480389843377,288.27653196397387
40899.87027440446,-0.7471937741914785,0.02979114554195511,-9.990561785392561,-0.0063084555079085634,0.0144694414638698,0.007355775118933788,18.084987269874635,-4.402892758493004,42.168037706252676,52.41232663005601,-1.5101748163320285,11.410323639040708,288.31250672702026
40999.6075807803,-0.5155628421283942,-0.06736585030425292,-9.648147060351603,-0.0029786680495686125,-0.006608342358101458,0.0055091400486197775,18.350911520271673,-4.349448968487954,42.25005641481043,52.41235379159261,-1.5102284134613,11.46742266962004,288.286878115651
41097.23662701195,-0.3840484051085591,0.4540454626638668,-9.786633965165564,0.007690316554422755,-0.01572989257072861,0.005502329309418113,18.318454039501493,-5.999172483572313,42.2497794541246,52.412301773713395,-1.5102707430208797,11.808036419862558,288.28152463739036
41197.82942743018,-0.5415362864417188,-0.06379431401458219,-10.067118200151207,-0.0052738906163961995,-0.010525471918701105,0.018574779104328656,17.7624373607777,-5.352658361957924,42.44222121869087,52.41237879254076,-1.5102645936389099,11.368449303734359,288.2689272705104
41303.81155108321,-0.6791221980028921,0.15862540527406238,-9.633986807408531,-5.1066320272250224e-05,0.009942988266876233,0.029299579220615386,17.733503140287024,-4.7521172134922445,42.144075020770124,52.41235613149134,-1.510230694007931,11.083220825070615,288.31038013342163
41401.8523414081,-0.346134832944909,-0.08629970465870995,-10.096761164785683,0.003987637644248142,0.0025473113738020948,0.0017792697086971231,18.31995147857604,-4.677805773230909,42.17942403633946,52.41234880313635,-1.5103109244909625,11.199432258597412,288.3160110129902
41497.68711739174,-0.6189353445689224,0.10233000320992923,-9.743977241905812,0.007851850823103763,-0.0012887737868875358,-0.03320733278725052,18.357618291945617,-5.339247365243611,42.59440312059658,52.41237097268788,-1.5102968641400787,11.402159686900438,288.34557118160274
41601.948597627415,-0.6705002505284962,-0.11891491049887608,-9.97280213385831,-0.01777680962370201,-0.005090938053115695,0.004940522796087805,17.803324437588564,-5.152749731526827,41.66747704099844,52.412326963624615,-1.5103118539960578,11.336436903403694,288.3030130118093
41700.72798388357,-0.4948631720738405,-0.04668987454195753,-9.883135416506104,0.0071474564988894505,0.004853599075531901,-0.0040685120605242495,17.206405965160773,-5.298690530522571,41.572128710024245,52.41234585816502,-1.5103384099674755,11.109840992067376,288.3106634383854
41802.99369437972,-0.3903331351065197,0.32220404329168884,-9.709145850392323,-0.0023372405785172545,-0.008491048509902234,-0.003566685240192884,17.89634195199588,-4.94479097652694,41.40703920040657,52.41235987232023,-1.510352560727582,11.235503637527945,288.3361494833424
41900.53520656802,-0.16703420862495716,0.18112390710666804,-9.705710120188094,0.00707457710864381,0.003056655686425959,-0.0035730328035165474,18.31176289941293,-4.401410734269044,42.09145728181013,52.41239273323196,-1.510357716464963,10.595298041009222,288.3385067459959
42002.107432575525,-0.44355522356767796,0.07910243930611932,-9.542606185288808,0.007769316923548287,-0.007312545688129569,0.0008609714071806922,18.90270842320989,-5.385521078570602,41.07313387939044,52.412367610573156,-1.5103858003288697,11.018705099081657,288.36903051031845
42102.643797100005,-0.33447039778150034,-0.3739487929468715,-9.826450739934291,0.016079150611191577,-0.00897659385275054,0.003536255850552065,17.40102101882967,-4.499589751115793,42.23107704802984,52.412380643569286,-1.5104183256363728,11.120381743431283,288.35421128782775
42199.472382912754,-0.5585113427616927,0.022659806387155423,-9.748709827407332,0.013534536476212031,-0.006374874348250117,-0.008547620590334357,17.78671437358471,-5.390836036173444,41.94540345274972,52.4123629458273,-1.5104008404472442,10.733676309117572,288.3945861179229
42302.43036009654,-0.6605965678918582,0.5301581901539263,-9.897547464480866,0.013465716626102962,-0.003754074464839619,0.0007172831601802345,17.80529821923731,-5.4238136062484426,42.567319849910525,52.41238756528201,-1.510398852868429,10.681760721749788,288.4604446979298
42402.05805926177,-0.48351054906006335,-0.054191361423295364,-9.77360202347544,0.014436703191662384,-0.0004882983593370317,0.0016173927397758708,18.67790266971575,-4.590702690828393,41.664041344767504,52.412414448440984,-1.5104180392787996,10.426064993497722,288.4500501388509
42502.881516637346,-0.509378775682961,0.14153992392680598,-9.722102790398298,0.0029137898481594593,0.0023545579511111436,0.004001927697129223,17.982529249770682,-4.539031810996192,41.898340857291245,52.412403872903916,-1.5104666661125992,11.066610487404606,288.43728743173153
42598.40093688538,-0.5997781149812105,0.29405444184258317,-9.829661969490875,0.000321850870368397,-0.03688365291428444,0.013682338834948625,17.546336720313867,-4.574295031618673,42.561101666646685,52.41238538504389,-1.5104904663038707,10.556934128056264,288.4789238300059
42701.456968378356,-0.595219586050473,0.11695138579967293,-10.1707500968185,0.008728170831783344,-0.00807650557746765,2.7497939320572304e-05,18.27934764146091,-5.657898704109071,42.69156782338908,52.41240356822046,-1.5104860196505068,10.697522604112423,288.5241752386994
42802.802468347916,-0.4035003901556836,-0.15398205918006638,-9.74370582073382,0.007320809514330224,-0.003915699773560393,-0.012396956628428744,17.797680739979526,-5.232975489036026,41.65992381712409,52.4124046362188,-1.5104638050570764,10.719724983809826,288.50919640228335
42896.79538667864,-0.37563802110172484,-0.38746539936497426,-9.737087704528909,-0.003090662367382602,0.0150506203860833,-0.00716728242335848,17.387806363321022,-4.588505703998339,42.09089061629358,52.412406229740505,-1.5104970089620648,10.854172329314714,288.4971589366701
42997.69922063472,-0.3989089538982292,0.08782912220598069,-9.94603469526959,0.00404823408808268,-0.010800026083821322,0.0009898044785447149,17.553613346361924,-4.979229079718053,42.14720948884202,52.41242133346186,-1.5105105316125862,10.470403703715538,288.4890864022602
43095.65316684534,-0.471050760223715,-0.1924746478587907,-10.066877407214504,-0.0003509646678459442,0.0016279661809991252,0.00813252113755411,18.86702097721131,-5.536846423098732,42.18682670281058,52.41242416033724,-1.5105214382858334,10.344153273422076,288.4505707322371
43199.54247775615,-0.6162500233914319,-0.0213485708895888,-9.514824169899207,-0.00853932908460056,0.014950303097358375,-0.025067631590128495,18.19210461082473,-4.770841030437279,41.86871217034219,52.41240248517975,-1.5105453744044397,10.434882936548558,288.42425329254957
43301.91967589043,-0.5341395308777274,-0.23943373305066956,-9.71171089782112,0.012904607413763498,-0.013129685299472728,-0.0072279914033440045,18.053880027726272,-5.357403629495735,42.64069169906182,52.41242080456606,-1.5105658629440581,10.606098513052663,288.3954867785635
43403.272189493095,-0.747774218585292,-0.07932143814296036,-9.855816206184343,0.0005519924253008922,0.003939752258644024,-0.01716577223577268,17.875053132093978,-4.102737575803894,41.05514825818923,52.41240322592366,-1.5105694451146496,10.264463136667747,288.37349099856306
43500.529015979184,-0.281421249608593,0.0032802706064310244,-10.037406576629499,0.020487082576988506,-0.008022718339345205,-0.016695851210468807,18.1460744210594,-4.227579268790871,41.78943488259946,52.412395333283804,-1.5106079628027484,10.058952088902766,288.37249734973307
43604.59995295249,-0.5105893523885332,0.05223208128723518,-9.97436296568427,-0.016254922701998326,-0.005046337422892345,0.01084064011613077,18.140117973001246,-4.697951286822216,42.22396536638647,52.41241129816506,-1.5106396042456829,9.890219822791357,288.3792071075701
43697.50496100632,-0.455185280569005,-0.08852472885259229,-9.549481920642755,-0.0055677877284336635,-0.008031108339533145,0.013198748209063771,18.14608441410366,-4.3194966476151135,42.22861240597467,52.41241804917304,-1.5106110611095687,9.907120624537168,288.4236256747556
43795.944236600815,-0.6269531992124024,0.12911126036318762,-9.782467611826391,0.00032638836690871423,-0.00731857308415886,-0.0004974350442213333,18.057422545138877,-4.96760432493831,42.67637951530738,52.41238921138093,-1.5106149051791686,10.274581681920687,288.39502493825853
43900.772511388204,-0.11849084201781801,-0.04007174380212632,-9.920117413400142,0.011373810976289141,0.02721912147906493,0.014131870389692852,18.434399169152776,-4.617281252812492,42.59911269660064,52.41244250747447,-1.5106760888799537,9.985930652437535,288.42322369781505
43999.40193256021,-0.6766288548567009,-0.26186945035065456,-9.708062153755069,0.003994693726021851,0.008444558720716658,-0.005867133188788906,18.011552173000364,-4.261139852348963,41.85722918734639,52.4123727968811,-1.5106512800236034,9.878111752566918,288.4170933689966
44098.85319712308,-0.5827858083008176,-0.018814340635745743,-9.972879637489266,0.0031047275418075145,0.011017378617862091,-0.004573693711597447,17.51103058222368,-4.8772506591028435,42.6499356217653,52.412485267989624,-1.510648028075239,9.806839250111304,288.4156763380954
44196.20096306464,-0.472831797711663,0.038566836967356063,-9.509831393943925,-0.011272637925541472,0.0049199348683649615,0.025231403628058764,17.693788554549567,-5.1275935857571415,41.64297912811127,52.41246382671293,-1.5106955445654457,9.919076614140078,288.4350084925127
44300.33815658876,-0.3648384402082018,-0.031206144871333857,-9.539439893020656,-0.011569413972294714,-0.01606256788401958,-0.008079320650407236,17.010490653255143,-5.852310979088558,42.46544369139592,52.41243136692517,-1.5107256457792402,9.802198101286397,288.40284487581164
44396.14600977549,-0.4286913111225259,0.22306043232503334,-9.903314814240556,0.003225046602899047,0.0039495797032330715,0.009263369861461165,19.013408558021197,-5.041566762860747,42.905261239210496,52.41243956133869,-1.510720542304739,9.746678040756654,288.4138001080621
44500.95652761667,-0.15677501978089609,-0.02735333770236508,-9.935734049406173,-0.013641059938183583,0.010729296145073466,0.0008960764506984302,18.431377295976343,-4.588288407718844,42.607472053427486,52.41244820388144,-1.5107476571842358,10.01919511301332,288.4185686125727
44600.12711265997,-0.3746171054958823,0.0059400399902311656,-10.333626639738457,-0.005318777502893286,-0.008533994740391114,-0.016020328980743404,17.584964752435383,-4.527183286216185,42.05288519176206,52.41243312077914,-1.5107625542712648,10.00723665812623,288.4326763020945
44697.633564104464,-0.5994592106476546,-0.15152391119759556,-10.106316154310274,0.0050091732908585755,0.009653266671611265,-0.01900044681847359,17.85907757530145,-4.747817467140795,41.83411061411394,52.41245150325058,-1.5107550603617967,9.32893554520453,288.4409603735262
44799.9158639416,-0.5610920756917291,0.2409437406364776,-10.077893954991552,-0.009823242722767758,0.0070433620985407884,0.0064866585001554225,17.681561762896784,-5.27064954748112,41.23570435187035,52.412447513454566,-1.5108092269371867,9.666032413145928,288.5112995412537
44898.588078419765,-0.46357811917717057,-0.0028091021503586604,-9.782961931802523,0.016053559623618065,0.0185204004481367,0.007372312595443312,18.771273605687057,-5.988410784473795,42.1552698189571,52.41245123385987,-1.51081939148369,9.39568679379761,288.4930296364914
44999.8555196256,-0.2714954637123067,-0.08822668086875969,-9.875246740888272,0.0122393634423789,-0.004177830125136188,0.005227931791350949,17.290061417864536,-5.2476075490023675,41.44239138601454,52.41245945768886,-1.5108034174879694,9.450412456325058,288.47781769426354
45101.36432271389,-0.7312887073716829,-0.3151416179539476,-10.07906709748305,-0.015714199983383005,-0.010976109822757268,0.0060250690101165145,18.05723802940939,-5.152172435526976,41.60343266819303,52.4124322500036,-1.510817469879434,9.510900534704838,288.4599660331596
45196.67889823711,-0.292675302809148,0.19055166691640862,-9.866232808492912,-0.009323712431819871,-0.0036162810937254565,-0.012647847385164427,17.945736078717577,-5.156464483595007,41.40462709963166,52.41246198812514,-1.5108233069983983,9.358441742660153,288.4440527858877
45302.42827796982,-0.4104870336188018,-0.2139482365061855,-9.70893257047053,-0.0228577724449495,0.014355709931636235,0.012971789264690548,18.413419315354556,-4.690721821511038,41.76980383367167,52.41246712465571,-1.5108057573059275,9.395587929610008,288.4257929897324
45399.53159866354,-0.4231986638167894,-0.03339928028358475,-9.704432130016883,-0.007825913625481332,-0.01828405880841963,-0.003703850346326083,17.947995386137652,-4.00716179449258,41.986015292756505,52.41246908245718,-1.5108541841537928,9.435124298824753,288.45985580423417
45497.7075852314,-0.5356906406367232,0.11945562952706301,-10.189934056171777,0.007663884765723994,-0.020683757154310322,0.009230765226648962,17.12089556167228,-4.938235399079454,42.13680729058285,52.41246483005021,-1.5108572509514417,9.309708232940327,288.5005502533294
45600.50553877772,-0.6327180080798027,-0.2057383242408852,-9.835652696096767,-0.004138949422748569,0.0008939527893161327,-0.0029572543678247484,17.87444108267878,-5.108365894578231,41.69974668229302,52.412494528309715,-1.5109015953423184,9.070739769526432,288.48419957642705
45697.85929173459,-0.4549254484724672,-0.2621110426560729,-10.086668155394323,0.0046079724361596745,-0.004425892927741561,-0.005900516068667008,17.513918891028336,-5.129610906502046,42.53464185319759,52.412467305343206,-1.5108795293514867,9.025195320928354,288.4603543457306
45798.60559188444,-0.3714547059953926,-0.2971414245950417,-9.629654260571945,-0.015223343182817442,7.727893175684643e-05,0.01574299916488809,18.03978977327828,-4.937807616546143,41.89589737100502,52.41248151960042,-1.5109181477110285,8.81261258998174,288.47385940661934
45898.039455743114,-0.4029828439174803,0.08315814270324881,-9.653170716729301,0.007979752545819053,0.009453117712358652,-0.009812220423064462,18.717088518260162,-5.4141468801742,41.60613878336724,52.41250549751608,-1.5109188553842983,8.880413818388444,288.4580393817258
46003.18795201592,-0.5179309200884276,-0.05330222259519912,-9.989605445264893,-0.005551092279283499,-0.005525693461188525,-0.010331393468341728,17.13028737788386,-4.939900720626972,42.11314613362172,52.41248052981112,-1.5109350489682003,9.39044894724679,288.47617154266425
46099.72677058443,-0.5992485188890432,0.44817128327516265,-9.96320904048008,0.00012169682282905197,-0.018730058309306206,0.0012145699663206912,17.599888632300047,-4.7745938318341,42.98177641677191,52.41248895943553,-1.510924733030824,8.791564021628982,288.4819848589947
46198.722010048215,-0.7741785563333886,-0.2166091759861121,-9.902253410099663,-0.0009287450139305273,0.020444815571999442,-0.011576987917851424,17.72365352310825,-4.895156968212756,42.16758028326756,52.41248527550445,-1.5109840467979367,8.662023963019227,288.4385619886891
46299.92850862859,-0.38038324634462584,-0.06974220403060716,-10.260558678946268,-0.01271548520892284,-0.00997228287438776,0.041511355197476764,17.809184452293394,-4.771229032997609,41.8185721863132,52.412514474974834,-1.5110158923490062,8.91377159245822,288.4828947470945
46400.44442911089,-0.4450223090104703,-0.005789319289424763,-9.742806365311885,-0.011530843317397824,-0.010590371220120976,0.01574446312987736,18.37006283205262,-4.783126195325733,41.23626932194065,52.41248709004244,-1.5109868033492315,8.778039376191318,288.5343428526895
46501.42712730461,-0.6670927627921902,0.009660016023723798,-9.864568909268026,0.00967794469003426,0.011037200137225964,-0.0071573492046081745,17.913227791219306,-5.885948341123222,41.890293839513966,52.41252041202299,-1.5109854026716198,8.711102322229687,288.51678774984043
46600.474035267485,-0.622101518626419,-0.08739432810807367,-9.615964983486428,0.003989921575016956,-0.0038448912104151797,-0.012499623491550786,18.207901362860223,-4.681564920802298,42.11746406254406,52.412495157606195,-1.5110038961992798,8.981195026582375,288.505680918293
46699.84989012379,-0.5483142490152849,0.10421242752304138,-10.029681843592511,0.010500490415534268,-0.0006338985203481077,-0.01737355715206332,17.687113478134112,-5.335507422831227,41.80620955437222,52.41248251133678,-1.5109943950750448,8.759067827401623,288.51387035849166
46796.9372575373,-0.6331001716192732,-0.1324057293803015,-9.933824589649987,0.0032465823550251833,0.00482790124060318,-0.008579906907439205,18.114962172708967,-5.547919581501979,41.1673076808795,52.41251574647146,-1.5110223204727316,8.494531914806918,288.52345183973966
46898.69789537721,-0.6169352451011212,-0.17908409410375126,-10.111305051607824,0.0014299063480921648,0.010835831031099957,0.00444213908095547,18.388898815438857,-5.552225913927498,41.574717305248285,52.41249851225045,-1.5110543024722927,8.46568063472229,288.54231774346295
46998.78673201557,-0.6116381281549436,-0.1842957534629462,-10.010858112698852,-0.017260106186667665,-0.0033346069318177197,0.024324309209779443,17.633850225131457,-4.783229194763735,42.72726923044388,52.41251945511855,-1.5111014171313888,8.399757748916015,288.5999058614776
47095.604018171594,-0.6251822512156282,-0.34101418214504314,-10.046396399213645,-0.0027036669676116978,0.015199520059142992,0.010332155286408943,18.390679059903256,-5.111287463612427,42.71700050186523,52.41245488210079,-1.5110714714818914,8.627249845480787,288.5948366968116
47197.10221554763,-0.6212605299456526,-0.11124488505612308,-9.610805264230711,-0.00027384320403744017,-0.021357998487348057,-0.0017005379062284749,18.026186384363783,-5.840984391992706,41.5566804153977,52.412511981950175,-1.5110579131414172,8.339885665171572,288.57196716535714
47301.13053168828,-0.8147199479570704,-0.10272419784879297,-9.949652369750279,0.01953107198272574,0.007597872369530772,-0.010128272797097482,18.522730120241125,-4.760981092403858,42.33637839359971,52.41250507332934,-1.511097989123258,7.990002425241724,288.53245258017387
47401.475051597525,-0.26237816025616817,-0.12504313899848446,-9.785164863051078,0.006869566320986773,-0.008395275580176574,-0.0009665266355880532,17.899290049961515,-5.719804065399414,41.410713607614916,52.41249537088571,-1.5111011887139119,8.28869109653963,288.5115129769699
47499.797861161234,-0.343745406966348,0.18514434069797953,-9.886152680772362,0.015360611817095285,0.013722713166079915,-0.005352014839214745,18.19062232758105,-4.930089320740895,42.702158140997476,52.41250792800429,-1.5111048676435717,7.94284383581397,288.51056395910314
47601.288542760834,-0.5600593774778156,0.25777623052129045,-10.063893053202563,0.005975377058947282,0.0014204447883054525,0.026156429275227697,17.979696884160735,-4.880750537163473,42.12261792394712,52.41250986728387,-1.5111450658853025,8.636269563387922,288.56197425493883
47700.19668231072,-0.424147618295457,-0.07131230301941517,-9.84366008463433,-0.007113032269494794,-0.006729053320094016,-0.004479958307931657,17.95189386897971,-4.5572114591524775,42.474820749308265,52.412522714108874,-1.5111236919553896,7.95655516707601,288.5471457835073
47804.50061803178,-0.42927162420853826,-0.2600282000195664,-9.690179333627281,0.0011712421614985134,0.006628410930216325,0.00025556117572722364,18.129465214112845,-4.1091576067665745,41.14245332640873,52.41249864544406,-1.5111147366569067,8.06454816612,288.5535568360747
47902.71054108563,-0.3819381577787977,-0.08566669584187411,-10.05155187850867,0.0023622364626423305,0.008931883472072516,-0.022240338730570443,18.268403734612452,-5.682338162950271,42.33881855096244,52.412534621786975,-1.5111621906319115,8.100520972028793,288.55308635475853
48001.01606436246,-0.6222292098082225,-0.0424367180676095,-9.648177441853726,-0.009391555697706817,0.0064189412285863825,0.003987617902012782,17.375217544037998,-5.026236928031524,41.99616296815775,52.41255791504217,-1.511192500518687,7.942396285455635,288.5871313142436
48098.36690155901,-0.3137063383136633,0.0018873925173857192,-9.97994418429554,-0.003843873765929212,-0.010296962396330605,0.02099950350901752,18.71681680440894,-5.138167647522109,42.42596453539542,52.4125384982145,-1.511182362636994,7.892949460147364,288.6595225958024
48195.93963346892,-0.5792040045344506,-0.12563141617602339,-9.90659678521457,-0.00205766993677172,-0.0048401712362208475,-0.013331569634987056,17.0701684797251,-4.783125157019519,42.45743389904892,52.41255133232034,-1.5112365617093355,7.985971903552434,288.64431432572053
48300.4514794373,-0.7968195176742128,-0.11722943456191875,-9.70386337539799,0.01605619832565118,-4.0728371214350254e-05,-0.00995440055751924,17.657593945130554,-4.892165614533191,42.03289234473738,52.41255930015985,-1.511196307867766,8.155039728123391,288.63029291852877
48397.1211844285,-0.42776682177649883,-0.017255019419682327,-9.942687231443898,-0.020807405253909783,-0.000412596526500604,0.013147914562682007,17.95286546461755,-5.17627312136831,41.69958518045204,52.4125643844395,-1.511204901885823,7.954258167108741,288.6602059242232
48498.21345329464,-0.31013901389426834,-0.0689030204858106,-9.802485028132827,0.012058184207160432,0.007497454754383477,-0.011357114787048976,18.206177984542975,-5.220451094305428,42.389848091089746,52.412579291211756,-1.5111912658962847,8.047125029424308,288.6797406764439
48598.788698566044,-0.08670263702446435,0.10235257848908587,-9.872938165757619,-0.009367952349593828,-0.020149012325066083,0.01981154670409935,18.78808626387069,-5.558225427592024,41.969922750297435,52.412534129613974,-1.5112394154530449,7.491322751265542,288.7326449443242
48696.068747081015,-0.8014337534151024,0.07639371820626274,-9.784126398659236,-0.01372079187269614,0.0033432705455350344,-0.0024017979751012005,17.070854255887447,-4.506069208796745,41.56360752323618,52.4125319567711,-1.5112380524900686,7.714554074654686,288.74937325460314
48803.073608909704,-0.4130841848146946,-0.15024683164405414,-10.2861478211047,0.01179942130038464,-0.0028998135443663994,-0.005682142658847327,17.746152935805146,-4.770397909200235,41.539923884271154,52.41256419213615,-1.511274061540908,7.629362068776583,288.7390802943959
48902.22658102414,-0.5458421766931354,0.21295441503578283,-10.175936363041616,0.007318980692343811,-0.008385006163839522,-0.008285509897794396,16.936583256100366,-4.541115901102431,41.26141779184381,52.41256487219936,-1.5112745081298278,7.619336618578396,288.7560013088697
48999.65100709639,-0.3430071159052839,-0.10543291680775319,-9.686806598790632,0.0125451870238119,-0.007424867777695996,0.00932398050719337,18.015810986955124,-5.155198068237757,41.744854420218466,52.412568393766456,-1.5113083565390386,7.775254366768431,288.787763326819
49102.68399255634,-0.6863572582176409,-0.2121132021616744,-9.60256371887019,0.008007019475455767,-0.002145376645179636,0.02870113075628062,18.135841792250016,-5.328417734347215,42.55134602303719,52.4125928269774,-1.511292148513818,7.404362225902699,288.81126840989305
49198.93033440825,-0.648580758713247,0.07588565362106127,-9.992097340706305,0.02059845001737402,-0.03601085104459518,0.01035134255014281,18.795397871085626,-5.539157533314614,42.08891489985272,52.412557417293094,-1.511304690049053,7.318821958381534,288.82580074041266
49298.84397258442,-0.6636070276581749,-0.08340633176945905,-9.858805670434228,0.005587238369444854,-0.0070128957079154996,-0.0033094791714595884,18.060317380446726,-4.82054120812967,41.73511614703848,52.412567850686294,-1.5113028606524317,7.457657443685062,288.85635871932607
49402.397778954524,-0.5905564712310172,0.090864104753539,-9.75105614941954,-0.001564773761231585,-0.008758148246462934,0.017202683807143123,18.52201256472119,-5.519896612264118,42.40242796909004,52.41254184584962,-1.511331502209835,6.942836330409561,288.889856570494
49498.921374710364,-0.603012976675853,-0.3104507510367804,-9.67135647966826,0.0034292637732134257,0.005327832093226243,0.0037439994958451414,18.29191854076953,-4.075668465516725,41.583761689138306,52.412606276082826,-1.5113274781892632,7.202090680131881,288.9294525088951
49597.554250320674,-0.3474140135437248,0.23222531153486814,-10.21553545433417,0.012434691283459635,-0.008055266825105205,0.016988399252223806,17.782375901497417,-5.65382129054672,42.04767513716639,52.41255894266101,-1.511345858839827,7.174197708297235,288.94803667823885
49700.6004723594,-0.27710122038980056,0.09486938078956032,-9.987208049395676,-0.0077937532526011705,-0.002151138001704899,0.007231173620059357,17.29551962660398,-4.863169940393749,41.910184813637244,52.412561597775756,-1.5113557967186897,6.966118615416698,288.9432490978976
49797.861834046635,-0.3685736084339103,-0.21986250418015796,-9.876515875969975,-0.006518885825313808,0.01542276627661302,-0.028697847222550716,18.137501149145905,-4.216572646393107,42.389565312794176,52.41256290167011,-1.5113574659263895,7.312287420524698,288.9474521354123
49898.97238552319,-0.24472379191534904,-0.1792787857061518,-9.669371960552791,-0.003089600145979074,0.009943515198154234,-0.004008251497008491,17.25394899142732,-4.700455120368096,41.21138581454025,52.41255900248434,-1.5113680980694442,6.838934736262305,288.9820160712752
50002.281323043615,-0.43510510501956273,0.22225092026745707,-9.310313903255702,-0.021045827987653323,0.009022713999434526,0.005359173873417717,18.64760353633482,-4.9121631437541105,41.57490112709267,52.41255935765217,-1.5113634488125214,6.971899212779711,288.9586125882345
50104.15759144322,-0.6987167182823248,-0.09779910779611475,-9.855601145361945,0.0013807840841754684,-0.004998724304108518,0.0033599392658146816,17.91896894898159,-5.484241823480948,41.18087717045273,52.412565504485414,-1.5113907771830284,7.006722028424123,288.9691743005433
50197.07446658645,-0.2952643006280211,-0.1387006668897297,-10.091395492420798,-0.01886128703951026,0.005430322792896524,-0.01220425353871531,18.597588705755708,-5.690884594283852,41.87020163909536,52.412550680018974,-1.5114049895773507,7.172088879869041,288.9579059736109
50301.05765226561,-0.511059584073068,-0.33892338484913004,-9.729546384559741,0.0005305931293261904,-0.0023389780045359396,-0.006192171040264039,17.7598927829338,-4.614974945541207,42.60571375181622,52.41256429184034,-1.5114111630330433,6.847325743787141,288.9587294521293
50398.43529122663,-0.4053146522344825,-0.009145208435563046,-9.54580084209186,0.008652897561352499,-0.001960932106769379,-0.012670106887857312,18.134425393200495,-4.2469263796125265,41.74727639517324,52.412620969159576,-1.5114313250377285,6.987881361394763,288.99535440014824
50498.72347984039,-0.18349217120564812,-0.027707883233656954,-9.7883971758041,-0.004768764606438357,0.004096853437465497,7.17624648355565e-05,18.104674428667344,-5.219424995239086,41.74465803090217,52.412598680556236,-1.5114336445757124,6.890606204839193,289.00082898518156
50599.34607931359,-0.44571387918546584,0.10887972642229872,-9.99132970903086,0.01677115870186871,-0.005969935884209325,0.022339080000938386,17.97747794099454,-5.569530753808175,42.43586221209207,52.41260444860861,-1.511395168117392,6.725283905158068,289.00215929429385
50697.336187230845,-0.661356794280862,-0.25508285543102316,-9.618401211703997,-0.014605008994184878,0.014930031044432036,0.0012500532024236604,17.783670243301703,-6.229084715274509,42.53427477922765,52.412611419356004,-1.5114633226209873,6.432961309114991,288.96320228548234
50799.021149427164,-0.7082377787177084,-0.20341683220438256,-9.677290876300313,0.011912606816318325,-0.0016013013959793715,0.025635437842020336,18.19622800923526,-5.490382421831269,41.955714466365606,52.41262648973576,-1.5114598477241206,6.3130353061911855,288.98458087537233
50897.214904716304,-0.27340279589818145,0.08878668397461906,-10.015216168839125,0.006751370564069208,0.006183605662596649,0.012051391803605179,17.536918368258394,-5.05682842124952,42.34235742702494,52.412556297878396,-1.5114711603945385,6.5721320304002475,289.0030726350333
51002.586568199236,-0.5661104696786143,0.22131236385645806,-9.733714876493131,-0.01716033248310689,0.01455600479257298,0.021091067050054216,17.39528233552047,-4.200438379581633,41.461522729561025,52.41256903896002,-1.5114774154275783,6.391190168393696,289.06504531786186
51100.429866682774,-0.5562803049916497,-0.2455987780559,-9.610546886468226,0.027107942990405327,0.010316537745751751,0.018201895702685232,18.621413446663414,-4.663433153883516,42.688987166962704,52.41257945699695,-1.5114880893750071,6.633902456445706,289.05622812091747
51199.826596107945,-0.3709630076919457,0.16924018525792103,-9.573621991488222,-0.0006374528550396617,-0.014089191026905246,0.004868384231741959,18.36358399444605,-4.847457297646623,43.07435314696853,52.41258801768531,-1.5114848025961192,6.549410251666581,289.0625063153444
51297.12735800563,-0.3433888648396384,0.013550339838685905,-9.823289795061891,-0.008774840221556317,0.004448958950098843,-0.0006253547965150261,18.03294580430112,-5.200059830650566,42.26060789559436,52.41259326788114,-1.511533444553219,6.313985364774631,289.0696506316224
51399.46979963954,-0.5087418745111936,0.21346512832288167,-9.881615889235864,-0.01407087194784017,0.008507193944606469,0.018213841565037494,18.832571191271892,-5.2915828586279785,40.9578341893286,52.41259219613519,-1.5114872787122182,6.069034186542315,289.1148413392773
51501.3942111052,-0.6116394962969492,-0.01351067968768961,-9.564545235583749,-0.0022001802765967407,0.008918630221607488,0.014061924709284088,17.86611724063758,-4.297176201246018,41.72088486880111,52.412607362904026,-1.5115040801785227,6.351391718695628,289.1121113233711
51601.216003316375,-0.5428277727234831,-0.3696927191577019,-10.052032100596177,-0.0012740687238995973,-0.011132948341146311,-0.0034045387982703937,18.66135160999449,-4.899630729620805,42.30641266083466,52.41260550975326,-1.5115502292099992,5.995909193585347,289.1201047012811
51697.06826919454,-0.3736790182341753,-0.004099318411515413,-9.7222841418158,0.0010264552853966442,-0.006570352370173239,-0.0041762082748175965,18.08778704246291,-6.051300345960511,41.78925850141682,52.41259216155826,-1.5115793247417098,5.999284770658624,289.1375196534748
51800.35893346828,-0.39819330080295046,0.16471305837538733,-10.084005325472887,-0.0029779615622396016,0.009945582357416216,0.002321605940090592,17.487624624961803,-5.336769823948622,42.63609927712505,52.41256490710452,-1.5115619846059898,5.904017520051543,289.1428656110626
51901.07894070854,-0.48227158359170863,-0.14756484248036356,-9.59692474554808,0.006332253101150935,-0.007617603706826457,0.006082820596563981,18.924020095885425,-5.429108015885813,42.29407863221793,52.412590344438726,-1.5115557265304285,6.021548408488638,289.13007623008934
51995.895578280724,-0.3396137774596858,-0.05237042547487281,-9.861609103122232,-0.0038762983266324635,-0.0029969605666431425,0.008951360451107155,18.49535542331204,-5.273132004588732,41.646762249617105,52.41260098723804,-1.5115076308149284,6.235707872095233,289.1356364988087
52101.82082672057,-0.43161385914063777,0.005517602181910743,-9.556283352870507,-0.01934964117240471,0.015758758095019695,-0.008873517252577132,17.93948948449522,-4.718544669857457,42.016132405385626,52.41260878793506,-1.5115566606602806,5.948448465762916,289.16639378281786
52197.13704467358,-0.616673781304472,-0.46521268428003004,-9.711717448728894,-0.0014936149564964121,-0.00047799250384789814,0.013983484173577915,18.363585629766973,-5.053722440897125,41.55308338968045,52.412592876698994,-1.5116119002219897,5.812018885273405,289.13698628568693
52301.7059736015,-0.630663753147849,0.2545911199228224,-10.054644046012386,-0.023674776533732782,-0.00726774137833843,-0.005746800923234124,17.798148283001048,-5.038432703501831,41.90870756079378,52.41260737966151,-1.5115976925864765,5.544306415322358,289.1407955862528
52399.15796782047,-0.7155120895553146,-0.15551252748592564,-9.525074453584551,0.003537706308913895,-0.008776173568629052,-0.00615125404358166,18.414574517529772,-4.343263419337382,41.722703379783724,52.412596285701675,-1.5115930479389148,5.911188176102512,289.1207386023302
52495.51059212312,-0.5496730620996613,0.11022869004385909,-9.499750946714455,-0.009793002302826355,0.00332719329585188,-0.0030513104552539845,16.80446071735802,-5.348230544893344,42.58738090011652,52.412618087213,-1.5115949243402726,5.595723960914939,289.1549741664096
52595.9245866631,-0.3410255407567525,-0.05642839246521071,-9.633542701480158,0.0016336035491580048,-0.01333148008477209,0.019367353835452003,17.490099333152703,-4.0679002370563255,43.0580060284155,52.4126008214185,-1.5116342394940963,5.725131066269503,289.1113380758827
52699.873144212055,-0.5821853620385143,0.1728534506471177,-9.962317573007244,0.013140749815246043,-0.0024733596389641815,-0.00037390253347826825,18.48962987214348,-5.335653795685543,41.284405833382124,52.412606968231394,-1.5116185195675342,5.579108191870011,289.0953261444196
52800.8014812139,-0.44384244678511947,0.07146986101395937,-9.871202790871482,-0.00948748695268,0.0033323053499002176,-0.0066236914314930445,17.87517223089054,-4.955400901693714,41.038391856895124,52.41259942183939,-1.5116379772940116,5.767375721418168,289.10613246863136
52898.03851175798,-0.6593662077110352,0.008211729730139936,-9.780914556518848,0.01061256258512118,0.012991498205476674,0.016466855645796162,18.10377114744437,-5.140601797701383,41.87741378907431,52.412624164016435,-1.5116534342645465,5.519457038219394,289.15098142843203
53001.71074737775,-0.5266476196843325,-0.13583518611929477,-9.950742079866288,-0.004333895666861532,0.006675480803699957,0.007362606487735393,17.32660716894228,-4.938290433249519,41.24079215058566,52.41261152821525,-1.511633830030432,5.487576136636612,289.1490978222014
53098.439939528,-0.6894062619242234,0.10454380572917034,-9.471530685507359,0.017531948020655854,-0.007140651179821787,-0.004653267869264831,18.923933497851053,-4.777704002463436,42.023105801835456,52.412648600631215,-1.5116311415165529,5.548810949553362,289.1331925273678
53199.36012363356,-0.45893168571662724,-0.23022433318589475,-9.781134705654793,-0.0036515261319821335,0.011784193175637201,0.017811852475036784,18.595264821858837,-4.7830823799555615,42.37446805690296,52.412640178827154,-1.5116373209918317,5.821454116251282,289.18708370770787
53295.86278762977,-0.481751827054265,0.05814042336379492,-10.350669609421471,-0.008404929855066913,-0.0029951503754747756,-0.015492989110389864,17.899657390812337,-5.37655866531029,42.747070948633414,52.41263224392048,-1.5116501106645888,5.528900402271473,289.1456011651228
53399.52225136743,-0.3872065500344685,-0.22313223688924594,-9.742128837448757,0.006872384503952884,-0.01235703022049409,-0.015923212532592934,17.797652071568336,-5.561457338723786,42.10069727935764,52.412619250509564,-1.5116789347201842,5.282930614838079,289.0826100144815
53501.77811191856,-0.46246067699351767,0.1993928243268945,-9.879631479363463,-0.0043578972962363596,-0.001720413592654725,-0.017902094295393967,18.514802180709847,-3.7484141045471446,41.90342238757521,52.412644355955514,-1.511662014041935,5.250592199451741,289.0952154999379
53598.671941632485,-0.6581834473938915,0.011139361695412724,-9.82498531122369,-0.008414495141290085,0.014381692011457019,-0.015749781963958685,18.991235225084463,-5.241992169800277,41.01080754171346,52.412652089336625,-1.5116773738580782,5.095888521300397,289.0808327058669
53698.143140236185,-0.28422854923064955,0.07031985653269154,-9.883723873157141,-0.004778398507037911,0.0016524005006492521,0.01297014397105329,18.476880127905677,-4.6503937806640065,42.013092574592896,52.412642641773175,-1.5116880569235376,4.960385414840292,289.0515765407059
53801.8886932552,-0.5341317322142157,0.030357847409845026,-9.648590716678664,-0.00044606532183001413,0.00012521864329786338,0.01995606851371991,19.085901333698303,-5.803820655261599,42.035643630274734,52.41267336117031,-1.511710077917419,4.9884435497775215,289.07186945811645
53897.72769277674,-0.486859935298484,-0.2566998930151789,-9.586062444289324,0.01342180131244854,0.016372116447028535,0.0018768900553456193,17.53882433546904,-5.139806359952338,42.319478407106374,52.412651965296604,-1.511714822078679,4.896147099127137,289.0788538340871
54002.31423971809,-0.5372417155199182,-0.14320898329740753,-9.75338936754827,-0.01934087745459577,-0.01431354847054427,0.013808921318214736,17.590306584750603,-5.063599691991222,41.64575594923546,52.41266251379175,-1.5117103763289659,5.129837984647112,289.0626941716598
54096.38929588798,-0.5571765214762828,0.06916363493132657,-9.877862237427632,0.00023080658950420675,-0.012855991140527724,-0.00800226685943752,17.405529440973325,-4.7635924650360835,41.78247369988207,52.412648365241274,-1.51166996064864,4.736890735280861,289.0260161523919
54200.75947956901,-0.4186749176317343,0.046371265989152255,-9.818267440961835,0.00624903594654043,-0.01615846470966832,0.0019281836157216438,18.22088032482474,-6.3612270704959695,41.260998872347905,52.412660646172505,-1.51171956429403,5.166112308098092,289.0510102137498
54301.878799415026,-0.4435032055565298,0.19291117781327202,-9.806080076684475,0.001934485749917961,0.003726481864800551,0.0038161123744488686,18.087801774902186,-4.916929693460835,40.85435359655797,52.41263262259726,-1.5117445721771687,4.998967708103108,289.0696371054155
54395.183535684875,-0.8703572526946681,0.05810973808747929,-9.970486007972967,0.013098651694335342,0.0016649312711512453,-0.0017450952721325688,17.924024438264006,-5.574870727683947,41.445751454601606,52.41264080184239,-1.5117556913257453,4.806571990373664,289.06679592620344
54498.03986781192,-0.6166687459896866,-0.10114029706796328,-9.694214270285753,-0.0007434532975852426,0.015427363672797761,0.007081221744636526,18.404629314061648,-4.837827144402538,41.214837092873495,52.41265835720947,-1.5117554998425704,4.750860617548483,289.1196981792865
54601.33090635761,-0.49553760830679966,-0.14455352508629785,-9.717991535227908,-0.0018455144218594516,0.002434750771367702,0.006083557239864764,18.61616430260733,-5.518164598419082,42.168356147710305,52.41265959477834,-1.5117086692310813,4.58796666594991,289.08904250887065
54699.61625978288,-0.4336632827293264,-0.02003240039975084,-9.501911752044666,0.005923295470133433,-0.004041571594793027,-0.0061262693150616635,17.237168795356578,-5.42774134796279,41.740932971666574,52.41266427037565,-1.511766683923543,4.704219927655595,289.04533943195315
54799.75563271902,-0.29758933771702323,-0.36301921151315997,-9.558930043942306,0.0009931381495134962,1.7948728781070853e-05,0.0036652772949318227,17.70151398604944,-5.136813805196634,41.730881434962605,52.41267747514491,-1.5117469753214088,4.817247346768346,289.0255177258456
54899.418906690094,-0.628338006853741,0.24997906330496716,-9.947134983518026,-0.0039040873828047103,0.001177074184609581,0.010085875170995821,18.41007179706153,-5.526164734801598,41.5077934769124,52.41262830254346,-1.5117789769257477,4.409972692735556,289.02421178267457
55000.1244139231,-0.6408873535903082,0.07173704271283815,-9.645940325098207,0.005161440395863796,-0.01671761273328167,0.005098555203160793,17.766130658070708,-5.237767223367677,40.383717283743785,52.41263863319408,-1.511772509349552,4.193234992428782,289.0311829443922
55098.70011652135,-0.5565213618867096,0.17868749949521467,-10.000190676618894,-0.006525282932166452,0.02710331644334893,-0.01090889354836404,17.600896961820922,-5.596687884271658,42.754155374373774,52.412664018920445,-1.5117681036903807,4.590799328206739,289.02427204040146
55204.57649067953,-0.6639937194108811,-0.2293474280179446,-9.670813579811831,-0.0061117715201932715,0.005198710181019115,-0.011768381907068904,18.509268713825197,-5.916585225849364,41.499864738611606,52.41264623102314,-1.5118015102675333,4.463705412787098,289.03435768458894
55300.98527185332,-0.4387222405998783,0.15946538366572482,-9.913322839752022,-0.0052799402176561365,0.0021000830802258906,-0.004769890772879168,17.35524996513801,-4.49102147378532,41.79378996507505,52.41272954776891,-1.5118089609214118,4.12570581886846,288.99850372113883
55400.52194477075,-0.35252281753694753,0.36576333854786863,-10.014650644675118,0.013530691601664074,0.006151639842785803,0.005506259972116952,17.849210096104446,-5.648024346411964,41.272553917355346,52.41267356887494,-1.5117689564305299,4.152984123155102,289.03986453035066
55500.59145059446,-0.6829816950016153,-0.1998776350283303,-9.75399093146052,-0.03221016355985713,0.0070941098058660505,0.00046315839723837303,18.164322012902403,-5.089340443803992,42.485965171720316,52.412662935339064,-1.511788368515278,4.078591022156094,289.03751107244864
55600.86660316124,-0.4662936969880093,0.13917620570092373,-10.344913425630828,0.003955988347629423,-0.001405534855024317,0.005425938765454776,17.71309004304494,-4.623554459253108,42.071714468518664,52.412655427387286,-1.5117981027338663,4.055581152417223,289.0695192402575
55698.989534202046,-0.7643428366656877,0.007278783883705078,-10.160195114881047,0.00034271814200222226,-0.006312411362407006,0.02754936333355419,18.391577828006586,-5.307472051258022,41.58681735736707,52.41265735423392,-1.5118039563379695,4.085696007379583,289.0793375981973
55801.13630177119,-0.5962336641024205,-0.22230253708101322,-9.845498376754858,-0.016808704592381204,0.00599450686321704,-0.011018496460644461,17.715561512401315,-5.412582949872769,41.80388519432799,52.41266876684674,-1.5118162247334774,4.046296087001472,289.0924226140655
55898.17002822035,-0.49305831982880055,0.08547158251839589,-9.793511646673032,0.003097267791360022,0.0038571084053145243,-0.01705062629705023,18.70430974672296,-4.886880955666289,42.839089961062434,52.4126715967317,-1.5117907059918076,3.9202622534671274,289.10874524429653
56000.43235696303,-0.2519321669730159,0.133994003252529,-9.883863754031639,0.0047575199183153205,-0.008098900990894081,0.005562311135282672,17.937126851252113,-4.4410330886364235,41.96351528405936,52.412661401993915,-1.5118357574963832,3.8480774612431152,289.12157114976685
56103.951739043536,-0.5807086818910085,-0.07748187792958873,-10.12588725974352,0.005896392313574,0.01419035611367264,-0.0005506117465442334,18.335635068352676,-5.584657632543235,41.909133231192044,52.41266623763074,-1.5118305917856318,3.9021677304174776,289.1399838005357
56201.92707644049,-0.7236573651057727,0.20080016308784768,-9.973578368427702,-0.02651828063044949,0.0029335203632298336,0.009806441347961669,18.37301197649141,-5.075073916008719,41.52930925693037,52.412699738872945,-1.5118765874116264,3.9326671822684776,289.17806121568856
56299.6807134143,-0.7990183655468075,-0.24623115814899688,-9.731758134552521,0.013663894118544384,0.007298193622676307,0.006821436071347362,17.686229998627965,-5.866247297483664,41.05270942476385,52.41270168168283,-1.511869432313214,3.7870667162592,289.18369113249287
56402.962256293154,-0.4560433190452803,-0.21074660889918728,-9.693643645874328,-0.007377367046848409,0.01391920887679919,0.016386065739731538,16.973256725672055,-5.196600501841095,41.919980663210325,52.41268015657492,-1.5118822409894912,4.030532190746099,289.2040025939773
56499.42149191025,-0.42214900471705363,0.018806881975792753,-9.81324462351919,0.006865677467531761,0.00021888821164834778,-0.015520936675275519,18.180377877331917,-4.9828976577309625,42.16274255616231,52.412649400547586,-1.5118379675239748,3.852025618257181,289.2014318557001
56594.71300830301,-0.4225257852792204,0.03046463587280771,-9.578633243792602,0.00741073780682286,0.0031695200698411536,0.0016334070986757342,18.036144173562434,-5.427312320877533,42.54979223216383,52.41268809360289,-1.5119196551126854,3.3838689531634394,289.24268817492487
56697.04536027242,-0.46014564764347005,-0.11983359208530002,-9.730520595308153,-0.00876697085619293,0.008100272385061166,0.0009056510785112899,18.277913013787565,-5.228495916912616,40.875751732750174,52.41270949080484,-1.5118817355588543,3.7557536393936872,289.22331096282323
56795.71200853849,-0.4234263891133311,0.1538729391122382,-9.959491130791642,0.006604599523515504,-0.007248610838000522,0.016709338121426345,17.88673626380858,-5.704113384153725,41.437451836488485,52.412706870592466,-1.5119385785246087,3.7229795884381396,289.27490410580344
56899.014732439995,-0.4896209790886101,0.0789212729281496,-9.866100410682323,-0.003854932409123582,0.0005405166284600094,0.02173370574966214,17.784786150599643,-4.961460694309253,41.70962945472178,52.41269521793928,-1.5119002734869016,3.463404519859204,289.27375366526053
57001.08761104885,-0.3113709475314288,0.10368242811582838,-10.09057323144157,-0.02071377179338157,0.001255485866511483,0.0024031642005484313,19.00423650549085,-4.472152875558425,41.9982595757134,52.41271001524641,-1.511898341129605,3.200942064160177,289.23276497786856
57102.189935637696,-0.7662045435341259,-0.01626173794073414,-9.831627798078284,0.01167741925527779,-0.009560585516833945,7.263611569117523e-05,17.26382296924461,-5.548571934885231,41.92748315423579,52.41268365671448,-1.5118656270989421,3.449936914569953,289.2364348990243
57200.296439699356,-0.6813779727580949,0.07881027529182703,-9.587579876155733,-0.007750449630162398,0.023176367886738786,-0.012309615816801022,18.366975239182118,-5.311335883276191,41.93915565715636,52.41269615792435,-1.5118901271405791,3.398131342329787,289.21692420622253
57300.514808440596,-0.7561905195866814,-0.052765845081707445,-9.672941983057807,-0.008544934627380542,-0.014072934434924024,-0.0014396807822465718,17.712699070908304,-4.748726876772909,42.20404802928497,52.41267097373978,-1.5119193881431519,3.1258898532221684,289.2410068699385
57401.358933687865,-0.5269317362287492,0.2973072143043541,-9.529598134816176,-0.004030658680367221,-0.012981039036871578,-0.00919014812608302,17.832110691129788,-4.393954640338632,41.54835344461045,52.412691411895196,-1.5118860010830186,3.008926751166831,289.22231057012687
57496.03814503183,-0.4861867800464226,-0.12913727916775541,-9.870577048759799,0.002722367253273881,0.013142265757035792,0.0043214191190637085,17.841448583713017,-5.746594906104466,42.46707072111685,52.41271312007835,-1.511911493704717,3.2347004260183194,289.209528356321
57600.33168707329,-0.48821590887079014,0.2855641887401401,-9.540780041097149,-0.0005727041082210227,0.007132662507965424,-0.006877729198869351,17.59828286291437,-5.084392368707975,42.21672622084974,52.41267568563691,-1.511915557417297,3.1531489470317275,289.1553970017703
57701.7985136451,-0.4568344435821963,-0.0018888891287692517,-9.848660845289594,0.005480669247071705,-0.010259648174807779,-0.015498027304667173,18.28561210511812,-4.858434588840238,41.84008386793596,52.41267117442261,-1.5119447505203922,3.065776061741634,289.14243938020036
57796.814354964634,-0.568632158898758,-0.24391468257122914,-9.515682983486021,-0.01339489366528659,0.006072890151016929,-0.016478411324049112,18.69532179797498,-5.051028195314424,42.80045399594446,52.412691264971414,-1.5119448209765427,3.084796439296467,289.07300035246794
57902.95457355914,-0.5092163796719158,0.18106644249142492,-9.814371349488425,-0.007423863704307346,0.014678504449973097,0.0008559614170855906,18.23500683062333,-6.238396033438543,42.778208017785886,52.41268567632434,-1.5119457740646602,2.828300971192731,289.02762487899554
57999.13193640758,-0.7693045654508426,0.03029014111326176,-9.668553725239144,-0.0011599707232153357,-0.00030263057596985755,0.007318696830462077,18.051690998106046,-4.749454995345614,42.4664476775969,52.41270407343748,-1.5119325251622164,2.9126973810192833,289.0494091542341
58098.80611216381,-0.22885893838758745,0.1392607987636786,-9.51497752713803,0.018978872926587058,0.02598822900074582,0.009615446953381866,17.506779750450377,-4.240331824454678,40.4907216147161,52.412682892730835,-1.5119360097223782,3.057080294036768,289.07192067054984
58201.5621364089,-0.47694308661880125,0.18974617631812152,-9.848685525716242,-0.0011381253841375807,-0.017240618108680356,0.005956504909497454,18.258412632912226,-4.941669124415248,42.78947254635899,52.412727179668025,-1.5119107271715686,2.8293732020636386,289.08410913187595
58305.075080963616,-0.41347550307572023,0.036924901611271856,-9.766322202491166,0.010852222636616315,0.006938234538591021,0.01142942663044253,19.07817481586465,-5.515553026647131,42.39737926123597,52.41266785394609,-1.5119378781920108,2.513334812783685,289.0564073059304
58401.85668513287,-0.30772129103784635,-0.08950404232248158,-9.55222731495874,0.0003855516878431771,0.011665283362210033,0.0021218738575338016,17.809652688102453,-5.256563623182141,43.00320431885647,52.41271954462419,-1.5120036341147476,2.705279678200228,289.05504047625936
58500.105416505736,-0.6709867436018648,0.14630747620901402,-9.836600632786013,-0.004836586374375685,0.008913439016052467,-0.003878240674159822,17.812008210324066,-4.115043466172203,42.61873229586677,52.41267998069286,-1.511948063666512,2.5357200867123275,289.0549372711167
58600.56075996278,-0.7674526774854045,-0.01552725772313813,-10.074178456501233,-0.0024672442411444056,-0.0020435572664564833,-0.014949373857298318,17.719455434509502,-4.545018729569721,42.789171338748645,52.41266014996155,-1.5119860825678242,2.7538866201918895,289.02175256720284
58697.64128743441,-0.6432240744917593,0.12280508856258672,-9.381398589083018,-0.0016841971202888116,-0.002904414820111494,0.010013086090932872,17.75529288275279,-4.679986690807835,42.43932742509019,52.41270160620447,-1.5119800972551791,2.7146173250455528,289.06482175601195
58802.98931804463,-0.5375595248810704,-0.3116575188179052,-9.903952892867428,0.006036457389607386,0.004441451710872574,-0.020020228694872483,16.62735022316381,-4.821793708232812,42.67434659932275,52.41269252140751,-1.5119806442241688,2.2674147391662505,289.08995633418897
58899.10529947488,-0.3352891179164994,0.06422901851587297,-9.778248789812492,0.013746112675765546,0.008157544866520695,-0.002947710887475439,18.202517692927856,-5.3305685560954865,42.99706187036722,52.41267617178871,-1.5119812233905978,2.7026586779423436,289.08362617689704
58999.229673894806,-0.4296715601789588,-0.09545181040491454,-9.578798666109774,0.0035968084768632108,0.006024734362823633,-0.0019239694042407858,17.577223911822692,-5.100285590327884,42.1082773691891,52.4126654718938,-1.5119989443940864,2.2774911735070673,289.08439639944845
59099.35172434372,-0.20069692221675556,0.2505496326521371,-9.93169878074624,0.011870776787417554,0.010400578907933894,-0.012602794496435046,17.1948684406041,-5.038961367839258,41.21388472796094,52.4126996533406,-1.511970787493097,2.7623141155432354,289.0903661271577
59200.90672381596,-0.8650346529254945,0.0689671735113303,-10.011573582644427,-0.009647897376296856,-0.010188699570667353,-0.019491332728681414,18.376594974866276,-4.725212841967778,41.84626954999243,52.41272004134017,-1.5120064190571927,2.3897657672741284,289.0318747317351
59301.29290880425,-0.5102568507847318,0.03307474000140663,-9.759252540645035,-0.004146305088140306,-0.0022777097912363466,0.006860688388879429,17.458991107479033,-4.245540552866548,42.19497279969172,52.412712912843276,-1.5119743461602406,2.1003876381868816,289.0247936213302
59401.85180830008,-0.5417962206397778,0.0651072180800518,-10.168615279582479,-0.0072430253420766675,-0.009400159321237542,-0.001102803749239367,17.830665473058122,-4.440830931603436,42.037443792185776,52.41270302153885,-1.5119399462642746,2.0705652459172077,289.00525621177803
59498.67272097663,-0.6846793502483803,-0.16103690725597786,-9.867581215373585,0.0031444459087485257,-0.0038611277608614166,-0.0039902167124013024,18.73322119559429,-5.70969217789802,41.37671901692028,52.41271212283354,-1.5120144120087924,2.3201290747563212,288.9765619121565
59600.829344712176,-0.5891992035942818,0.2403960210478458,-9.760992267136919,-0.0035895838517941378,0.010152208918143054,0.0016579738748904518,17.295392100987744,-4.888002515549475,41.18446618740251,52.412702645112745,-1.511996584245938,2.122009896955619,288.96850898195544
59697.94375167398,-0.7393339499901016,0.3180394904778922,-9.863990379365033,0.007297729370341954,0.0010798392072522884,0.00991470851373685,17.233700882701118,-4.631618327416051,41.629418665682586,52.41267522565256,-1.5120443627137334,2.1316479817921525,289.0200089073935
59799.93783580404,-0.2701164860804434,0.0656673002363562,-10.11869018863715,-0.009310017116324416,0.026068591631497696,0.015632839934918194,18.134653094781168,-4.6905698349276825,42.40386977799208,52.41267601875376,-1.5120028410052873,2.4230003397994833,289.0383677030343
59900.52924950104,-0.29970243068889246,0.23270702817134442,-9.491164408759198,0.0004303097332128144,0.0019340636718971696,-0.0016216031318774967,18.574743682005185,-5.31461688169371,42.79016988541149,52.41270097434451,-1.5119868261082796,1.9097738866611398,289.02200463030385
