Time,Acc_X,Acc_Y,Acc_Z,Gyro_X,Gyro_Y,Gyro_Z,Mag_X,Mag_Y,Mag_Z,GPS_Lat,GPS_Long,GPS_Speed,GPS_Bearing
4.348328326713885,0.8150799611143786,0.17347673416915424,-9.796791127568259,0.001966113563063998,0.0077463703492565055,0.0007570073548559611,18.361543703545458,-4.622704290983606,42.07607843909382,52.410032745841484,-1.5100094692640795,15.077150532452379,0.015381960352726765
100.98791092041735,0.8578825564360865,0.0350040018961493,-9.93752259979527,0.0046497465140538895,0.0008550131094277018,0.010841392624968579,17.721209004371183,-5.295906887536168,41.47962502019559,52.410011222073656,-1.5100168971989545,15.04485121119737,359.97326919108775
202.9348431337577,0.5569108330865706,0.15087033252280527,-10.023353313722732,-0.0035046521647265783,0.0002575023648427772,-0.008787744350672963,18.19779384669546,-4.642602458489816,41.560062089210206,52.41002375506107,-1.5099913351374352,15.192604415421497,359.9933774187265
302.28497469284497,0.5934065320824128,0.10812039492342473,-9.99020416930673,-0.001595295001681874,-0.010577936138968753,0.021599760108029765,18.6304683379233,-6.036184623231204,41.44313135101539,52.41006786196308,-1.5099980657192662,15.40500035860777,0.03778812075120186
402.22516490387727,0.9712099498946835,0.3065526403069906,-9.958343441896389,-0.012358043644167885,-0.006277452476126991,-0.005043127682939717,18.335151652626415,-4.574533646136624,42.40246711941169,52.410048059372876,-1.5100219828163428,15.20186159210217,0.0995516342025553
497.7089461945606,0.601482920369359,-0.06705815621186513,-9.721215092829823,0.007981192746622371,-0.012166552244416904,0.012682594584068885,17.78231665632277,-5.987820720936848,41.28603433396909,52.410081353778786,-1.5100241718729612,15.164797115944136,0.10463469879937293
597.8707359528981,0.7013536771540829,0.26076623794793446,-9.942905456509001,-0.004181402830604232,-0.0109729801811786,0.008588870398950621,18.96844496470107,-4.519585099949195,41.72304084193288,52.410099909523275,-1.5099975498428346,15.377202634729782,0.11313133140259879
701.7065127026362,0.8936845206186713,0.10917952436162973,-9.706409483480106,-0.004801438486460767,0.0024244794617480016,0.005584877426549062,17.94909856933081,-5.61965517405668,42.034332069497715,52.41011451566377,-1.5099973323962295,15.120815089729822,0.1102610703234177
795.9960274025367,0.6146574697618811,0.029486953999223478,-9.99245464665423,0.021317190042905332,0.0025150992335491594,0.01898214542359803,18.8465578089306,-5.274905250825156,41.81322804537288,52.41013351103167,-1.510018269310464,15.777918380762141,0.1590595084061306
902.4120633380287,0.8434453916722214,0.05294275812291473,-10.206097472958863,0.012482781977979704,0.0009461315712764282,0.0013188049709510678,17.785697624458116,-4.622093600035495,41.2946054201299,52.41014837076265,-1.509974028723861,15.56942597083335,0.17424312956029553
1000.7264153374831,0.5051680512972856,0.04804774142335924,-9.877829842311643,-0.019712379584705696,-0.002358615942201702,-0.006363979101312188,17.849825062475933,-4.241790974343341,42.12941795303724,52.410169530026415,-1.509995827662469,15.824320993344003,0.1473039549653663
1099.3679270918856,0.5801683381337474,-0.10753054553804789,-9.93975501882867,0.021846879500317537,0.0038874411785835214,-0.004989791309307248,17.9723850588791,-5.2606597869311456,41.29522091935627,52.41018394015468,-1.510029925618614,15.242551906997212,0.17157250361378829
1201.9753057554049,0.6244870454228338,-0.24777494659127078,-9.68122177985121,-0.012283957026841649,0.005671451675359214,-0.0070117664395360785,17.54464995299402,-4.405737464690215,41.59091231047984,52.4101656687687,-1.510036880753823,15.703427213454905,0.15399261840116196
1298.8481081578873,0.5415046736195703,-0.007593289583924877,-9.932842707864744,0.013192533987325237,0.014415562314646219,0.006807243423490492,18.359683494655616,-5.319780423170064,42.59300974469769,52.410182845866615,-1.5100152367764879,15.79570103951003,0.1711093002427333
1398.4514626725154,0.558376699857166,-0.1702524278510501,-9.837810029456373,-0.0026361588019734694,-0.008028798776102875,0.005339052163768243,17.986179321977705,-5.789187412892274,41.413093596492736,52.410199380279956,-1.5099990740510272,16.185998490198543,0.13453916024377577
1500.0998468280907,0.6786820330447769,-0.08355286397966057,-10.112302288028241,0.016557229986732952,-0.0045761124481634155,-0.0029223725037679487,17.644148414697703,-4.241895585790266,41.64323631944556,52.410227938372095,-1.5100047880669782,16.09433549868554,0.13127897264485
1600.7994658625446,0.29294663852680847,0.18274322537106025,-10.018832405479204,0.002077894376866735,0.0004918650113816418,0.0037447317027616313,18.30660307482271,-4.162041206507517,41.68889568968562,52.410230978479184,-1.5099659570256696,16.580172172402804,0.20135990941440696
1704.6265910483846,0.5028495186457634,-0.06121738614139725,-9.616744715814836,0.015086581658567928,-0.009370947862840156,-0.006651906735449419,17.970072670724274,-5.00195121672023,42.17353170895881,52.41022141359188,-1.5100127435453947,16.450446591127072,0.16707018520691008
1805.0182343474994,0.43962363196900184,-0.15656674456272665,-9.48827210973756,-0.004412941516365287,-0.00036826553786902037,0.025462662919461372,18.4832756564054,-5.8053010692286175,41.474473883018945,52.41025019164989,-1.5099658793750639,16.270522867382144,0.17389065874448306
1900.7219818507097,0.4073495321841981,-0.12341473584734912,-9.990991597646195,-0.006988723945578225,-0.005271856775830498,0.006242296970702177,18.226062432670304,-5.044687173769488,42.21323873027184,52.41029637803124,-1.510011828361985,15.925336429789194,0.20741224481344034
2001.3660218965204,0.6256249112331755,-0.054111578423540564,-9.979408926257404,-0.0010261219106437718,-0.009038134378067792,0.0006119405773199298,18.656231105011805,-5.025829254672197,41.830530102052954,52.410324942749945,-1.5100367882303976,16.31705058794242,0.20073517127491414
2102.051285108369,0.32382160446907726,0.37387137718235636,-9.573316381066865,0.005056628486173965,0.0018422114637464313,0.017707789548571634,18.214664825835676,-5.692970104658807,42.41538119724996,52.410267592078114,-1.51001808096021,16.662833172174505,0.23175073494212484
2195.1920818629214,0.20313284748921456,0.023439627241344813,-9.901558666067368,0.022946943109263797,0.013093254197817329,-0.0010558311962010425,16.988972811821146,-4.691553841674155,41.53137354014574,52.41032655656553,-1.5099795322698695,16.69983720109396,0.2453550968024274
2298.4731728028337,0.48093116918664347,-0.05783825309805541,-10.101678201370394,-0.00420166586338402,0.009041212297475686,-0.014999399718132815,17.90123480015345,-5.0988549957627445,42.074782670800886,52.41034081518463,-1.50999154614533,15.943080095246573,0.22779844144565686
2398.8904321784576,0.25657263880072645,-0.14865096518974114,-9.76589599236464,-0.009703909748915902,0.005749932602661258,-0.011911610953275836,18.89929681490819,-5.22170006551346,43.13532295150525,52.41032765516105,-1.510014236470956,16.52588969469139,0.20517164346824757
2499.877133066585,0.24587094332773268,-0.25431349190888036,-9.824599832563075,0.005812801760661137,-0.01677873809723918,-0.00927458609005661,17.381537195132182,-4.833605338182517,41.581577151683994,52.410344224909956,-1.5100196260876897,16.404537154156102,0.21101842774817214
2599.8980479879556,0.1663735276992313,-0.09427730792290562,-9.742799483770183,0.002486008815103595,0.004607034391906586,-0.018476404561983656,18.332398787523307,-4.97021950008972,42.44818828603331,52.41035876991672,-1.5099892585775105,16.82806647479241,0.15966300553691326
2699.4121996164636,0.1348745970403724,-0.042551465027521315,-9.604146858576875,0.0016187052796484424,-0.010986115707483597,0.004473959811124592,17.621538402834965,-4.823078761019138,41.72348846710477,52.410405576861564,-1.5100211336488725,16.27114799327936,0.12292453366393374
2800.8639723495626,0.24000858410934206,-0.014348241283175026,-9.657034643502026,0.010580571116355344,0.0008092782891391481,-0.00933705594948078,18.190557812989788,-5.247927684035049,42.26153016983674,52.41040288260273,-1.5099952129897924,16.42818163127261,0.12859378250738018
2900.8555695873592,0.1877337078590452,-0.11556401501536231,-9.49219963335482,-0.00647047884116762,0.0022513480444961184,-0.008598678160844043,17.63830725671362,-4.500256063881833,42.575714652606166,52.410448455731235,-1.5099940873100544,16.41771752419529,0.09361007254727838
3001.676256082044,0.2519362078291261,-0.031633336577313396,-9.592316592837538,0.011780817005007237,0.0017107808637819538,-0.004469026960693859,18.161252695107777,-4.663102856093086,42.32586763027183,52.4104240646964,-1.5100128033390372,16.33925904139477,0.08640949513846863
3100.5765133213868,-0.04527714390509078,-0.03142041173633897,-9.512292985723958,0.009927989207075943,-0.014838614717965753,0.0010591205818630883,18.22968177852425,-5.360527329603013,42.02630067284962,52.410454170197966,-1.5100170657394278,16.676489633522458,0.05151809565751364
3200.826437503034,0.08276676302274029,-0.05535839670505199,-9.565795700056693,-0.01740662559847524,-0.00513016446358099,0.01198576462351695,17.866748523820423,-4.716757217859371,41.697013296496166,52.41047677846693,-1.5100392974591146,16.63106621459354,0.08741145786905236
3297.5957641572136,0.08610809164310475,-0.17768922464554582,-9.664086166665603,-0.018444820648907994,-0.015118770445498725,0.001235573224998795,18.121319605912188,-5.964483989811165,41.63503642840455,52.410501253731475,-1.509996304270362,16.68353993724188,0.11326909482880865
3398.999739413493,-0.09114177691869714,0.10578874059647861,-9.839488388915907,0.004148711341716227,-0.010426796579564449,-0.007602820577572725,16.700230446247748,-4.8129751337448665,41.843173803762916,52.41049381375773,-1.5099632076716418,16.40984878982566,0.12621995182843193
3499.9707075331207,0.027144520010792317,0.07392808611974729,-10.031571572165632,-0.000992481074886609,-0.010255011399864669,0.006759702900324508,17.27243321636686,-5.347151623753873,42.36396621185672,52.410510654704076,-1.5100008925754635,16.661753379662095,0.13168614260212053
3600.5785044389786,-0.06735316006194095,-0.30982541515235773,-9.836719207260666,0.009886703343347068,0.01116721523202887,-0.0011773536565937142,18.2988548041671,-4.792765853142525,42.34662738197196,52.41054887082702,-1.5099863704426517,16.680528658188994,0.11635980304174609
3702.5385230788875,-0.18503342070043383,0.11580024758267199,-9.738998478466366,0.006521523381905567,0.003753030823181466,-0.019508861243700753,18.095871048211574,-3.8327343301902697,42.593425502159015,52.41052270859855,-1.5100200600812501,16.442943629678968,0.08310595987160241
3799.718356096666,0.022795334044867388,0.21520593428801704,-9.567988165304772,-0.004512871029579309,0.0028363650447464795,0.019312663580583058,17.562703094025036,-4.917574370026314,41.88872561384842,52.41055497574748,-1.5100037144197642,16.56859983251077,0.1440978600990661
3903.742020351827,-0.22746461787156952,0.13445701199549187,-10.253345116814755,0.002140527895378257,0.01051907212916465,0.009221139778658877,18.0484855151444,-5.226398022064678,42.249496500540964,52.410590622456546,-1.5100109180155041,16.21641361559278,0.16183264618700832
3998.943370233145,-0.44032762641304324,0.08215196996197299,-9.984054173470456,0.016319192879329657,-0.015428803857746006,0.007886142136419236,18.763671562473853,-5.4079278920322364,42.35946493521066,52.41058191841299,-1.5099878902139037,16.49356908289244,0.15718156504181025
4099.137773817965,-0.20095460741293195,-0.02857026913997357,-10.041566328749413,0.011627251117516559,-0.0005679806113683806,-0.00746996569252584,17.6436799895659,-5.454387419138948,41.290727071525076,52.41057170678396,-1.5100003639429198,16.40216192405557,0.169986772367281
4198.009300928907,-0.32309619197885014,-0.10908460150154005,-10.061521443566994,-0.002982958766521699,-0.00033359230157472164,0.019825023013502918,17.779398027891915,-4.541061487108217,42.025606864108354,52.410625453767054,-1.5100022133041884,16.29341434922254,0.19752671320156878
4300.57224131576,-0.1375759099736597,0.3721616214542538,-9.915514482170712,-0.008149252119134141,0.004103485629632078,0.004065055710972779,18.364873482835183,-4.820874573034292,42.941406884621976,52.41064702050985,-1.509973655099347,16.368763703789043,0.2351749747988947
4400.635002076191,-0.5514538493401309,0.20636465727372894,-9.793767622278482,0.002427700561391933,0.0014750505209913758,0.009209439742481463,18.715674591049535,-3.224825427852713,40.68880491034083,52.41064394788177,-1.5100080240189828,15.975256676512814,0.2836087369001916
4499.643085987799,-0.6810552604395048,0.015638345445334087,-9.905687810660535,-0.01731598964052639,-0.013694852864453265,0.01115331256609376,17.472522719878597,-5.302588105929267,42.1235482310688,52.410671916495644,-1.509998662294637,16.388134342807028,0.3049208142192583
4601.172091637099,-0.3333197051256467,-0.013534292631296428,-9.531969209443016,-0.0017989347507105585,0.0050544113398369875,-0.014360109089723475,17.79195444863879,-5.221170536561095,40.61726895745938,52.41066320186623,-1.5100032499145575,15.971993151389913,0.281320874183109
4701.874728194161,-0.4189500715233268,0.10142622095840148,-9.486737886044654,0.005618236753663194,0.014127465272573659,-0.017353507773763877,17.65868468172718,-4.585096100605283,42.50700467781172,52.41070465946331,-1.5099829466958108,16.047287731926627,0.28366551222916314
4802.846566520182,-0.7282216067687951,-0.08516297348420408,-9.978030248094996,0.005335213502921523,-0.006573223355262813,0.0032205834378415156,17.411667251235325,-4.839458542204095,41.711026877452234,52.41067630457228,-1.5100046038057457,15.997778878077572,0.29826789935526676
4897.7407301246285,-0.19486833118464225,-0.20576432008289264,-10.101634410471611,0.004090459736353799,-0.006099033353566894,-0.006045021133737784,17.752274282544814,-4.40193179145891,41.7616488106467,52.41069607735897,-1.510001490290725,16.074754828866116,0.2959501970672136
4999.105562491018,-0.6500576690778149,-0.03999701051756456,-9.658231582977104,0.005926717036635962,-0.00439362752997016,0.0008560533885427634,17.937512399441687,-4.785723129663099,42.08988143620573,52.41074951330436,-1.5100365536391689,15.86766028968243,0.2984025861613304
5100.695721230525,-0.41020577624636856,-0.29706587723590056,-9.961256339411385,-0.012112408407807917,-0.002242141667996472,-0.005108622576714558,17.485847980981372,-5.0842515335863805,42.38134729369656,52.41074308086651,-1.5099986288312692,15.92014335220576,0.2096761002283074
5199.671315357138,-0.9566812050342093,0.15706053418407573,-10.229792936719637,-0.020230731057515012,-0.0017253890053976126,0.02544973628869994,17.73035904750113,-4.702119890524998,41.993211462454795,52.41079270338208,-1.5099868136482446,15.6902265493136,0.257926299451924
5298.679820559819,-0.5986052123742355,-0.051696175757469466,-10.119748902735296,-0.004920476159855486,-0.005684721178776727,0.0017394435371838315,17.415538602017325,-5.0248379838340425,41.56481809841435,52.41078811120462,-1.5099863639473476,15.222200866613882,0.25334644148887264
5400.746222960344,-0.8129089838107282,0.01481010363634555,-10.20539953960168,-0.00982754434894498,0.004121695813552148,0.009184089881458588,17.517796208752255,-3.6941895937297025,41.52508511517858,52.41078163821659,-1.5099940957207858,15.468754382024994,0.30284630364786835
5500.919518038533,-0.8623554634844866,-0.059850047184852345,-10.09254051944424,-0.0008553944517012199,-0.0014850541429418114,0.0018279537819955185,18.335715510530008,-4.914795168645299,41.464130535426165,52.410834371783515,-1.50998002795715,15.239417534303435,0.33007888363204074
5596.7960018467775,-0.9446279982046819,0.07918107655125284,-10.148828370174826,-0.005627614983608307,0.01448755412194262,-0.013815158580696,18.02159016671292,-4.650489545024302,41.56771980303328,52.41081981101377,-1.5100027851570712,15.459287557210148,0.3419310640320532
5703.478206398735,-0.9069902042076594,0.11092444159676706,-9.858936316303346,0.017642659110119342,-0.0292073831542682,0.022347168457297117,18.24355468912096,-5.008013498099764,42.4769960084432,52.41081030158521,-1.5099906782699113,15.388720962375617,0.40060756735402947
5798.720084073423,-0.8610979224713221,-0.23291017065576908,-9.484993030489724,-0.007844335652721133,-0.008154891957357285,0.0019794225688253607,18.114156598922563,-5.5273580827823166,41.66357180480386,52.41085454154479,-1.5100038557980942,15.614880026632388,0.38072606863227065
5899.1657600046365,-0.8790444864602948,0.13738965283617943,-9.469504606920417,0.0083198760090532,0.008514350296168496,0.017922049243157,17.576250135064555,-4.826868413416371,41.21906355539401,52.410878307084786,-1.5099900063795748,15.376678784878063,0.46030362510134637
6001.255001744923,-0.6209083898581815,0.12606752694308818,-9.55738084300297,-0.003156361374139727,0.010565988595233848,0.0036290673605728447,18.731055902760108,-5.532417364487667,41.89754445864873,52.41088046978763,-1.509985366341629,15.442273025273058,0.4630739792830241
6104.657758267828,-0.713813153764092,-0.0450931162124943,-9.864751362703835,-0.0011666191482835094,-0.007172211854735302,-0.00835522505245282,18.084594938820754,-5.188336196763251,40.537266119988985,52.41089124668849,-1.509994610125764,15.026641321143341,0.4096980380696209
6200.194768448652,-0.8365387079605142,-0.10818088213682332,-10.432115734813607,-0.0017198976347325252,-0.005081840320231821,-0.007942194159951536,18.614155019649722,-5.089018285161258,41.72631052329038,52.4109013759614,-1.5100166919429177,15.32428448690906,0.38935550565361154
6302.006218813495,-0.9392240362450403,0.24886457611393928,-10.289214841309034,0.005360378112249222,0.0018899508839324282,0.012569131467752764,17.26318361622572,-5.103633831635391,42.29523441509666,52.410916991236995,-1.5099714304489527,14.931176334846587,0.39286115847028213
6400.926565120563,-0.6280638321114194,-0.25449196642526495,-9.89984353839058,-0.010877583727344221,-0.004679436800827071,-0.019044014746119546,17.953903859598014,-5.7321546145637905,42.14481058745323,52.41092564001414,-1.510009417845696,14.959155621188616,0.3403869323324784
6501.224318821167,-0.8439676565785901,0.07652766887438102,-9.487753483041239,-0.0040752049875795475,0.0082089637254395,0.000982124397739361,18.267266591129637,-5.848145320113267,42.943117356822654,52.41093353646378,-1.5100153540756165,14.835445873496507,0.3363963563279526
6597.66106976696,-0.7841864549441154,0.03228326198017089,-9.701109970631164,0.00080164268948533,-0.013883846667743097,-0.008142085103320696,18.33009886749609,-5.452690983122672,42.511882964979684,52.41094771348886,-1.5099538241529886,14.721743646167765,0.3230914606388069
6704.436778832903,-0.6639951847869874,-0.1567104904602929,-9.94145977548436,0.0023172835701384693,0.005474598114638311,0.0061072743669082115,18.347491188090014,-4.98334147140125,41.59995944727589,52.41098280077598,-1.51000772412434,14.987733813058588,0.30249429524360494
6797.956737032903,-0.7972664402392706,0.19413806122965166,-9.648456693861922,-0.0005958542288033058,-0.009027486951451863,-0.009344104983162661,17.530292143187086,-5.201295118909501,42.087689268437884,52.4109893439946,-1.5100075248697205,14.288519451731165,0.2864319799086843
6897.295689790942,-0.6456834792325318,0.006768934067471859,-9.574790245551757,0.010024423474127346,0.00379814037298467,-0.009349558660978759,18.444643353900886,-4.648547497493543,42.23796027169967,52.41099146913342,-1.509961582824512,14.39889776187328,0.2636164711546485
6998.316235906289,-0.6314189896071567,-0.06819973069874688,-9.893436679118867,0.015869995003242425,-0.010078305856683538,-0.008642510291574366,17.837901384908058,-5.6359004209456,42.54286401506187,52.41100153558669,-1.5099688556222781,14.523316695823205,0.2694101890691627
7098.563047777952,-0.7968590852559981,-0.1975291459164209,-9.633387867033484,-0.010411607038712998,0.000709610949551012,0.00804561129841936,18.43756523752338,-4.864201214916641,41.49594766206061,52.411016787286755,-1.510013391123838,14.21069165303015,0.27752264790689196
7196.92923943789,-0.5858777976707656,-0.14410348961027017,-9.619584470865465,0.0016839248648559111,0.010982834267561133,-0.0027913867060707343,17.586232915989676,-4.8752570400757556,42.33183253619562,52.41104161667785,-1.5100304629410877,14.05938426129784,0.27359985364205386
7303.257672274627,-0.6401535753865291,0.00193666754379582,-9.93573560724964,0.025279185306477096,-0.004265123108686578,0.000342106173598637,18.58561321137711,-5.407150687466607,42.269287777484834,52.41103482313256,-1.509969583208547,14.254922483402648,0.27545686783730616
7401.980924887323,-0.8564756939808345,-0.011450249514475121,-9.724618551150337,-0.013288936582464486,-0.005415274025863128,0.012913306656052496,17.55611750392424,-4.57856582272608,41.42198971109735,52.41109513871933,-1.5100004654088846,14.440288894600336,0.2843100752045302
7494.6096776857685,-1.0582057698791076,0.17517936674275178,-10.196843531631693,-0.0018997653610521553,-0.012068788438532974,0.011217658398120238,17.034584449427726,-4.992802901714209,41.91779979373372,52.41107554183932,-1.5100047273471568,14.074979057242466,0.30063466416515894
7601.979243563175,-0.6554149297523045,0.009168469376180575,-9.56705060045118,-0.0036839153694227843,-0.00113825014625996,-0.0014260354197130776,18.101671969736444,-5.672978158413185,41.49037161031699,52.411098273468696,-1.510011517570311,14.167639390788448,0.30716442270403377
7702.676995914512,-0.6566869091540308,0.0717256927575585,-9.567880720683766,-0.0015381595245779933,0.0009159330689321588,0.0037349873595998798,18.484863698293093,-4.369725585394148,42.2538937618743,52.41111009689168,-1.5100054265353224,14.077443609089132,0.36089722665121826
7797.786925411292,-0.6537008995140264,0.06363016204114133,-9.805630901092583,0.0037497071650560354,0.011612967624173787,0.002374678555200283,18.143469857686274,-4.7348305823554755,42.100176051712324,52.411118097920344,-1.5099839548790024,13.81800700977478,0.41018941979035617
7902.486641200055,-0.6062194496197317,-0.06275810661028824,-9.945757709250811,-0.010087926143463584,0.005457118581305999,0.011080011153012409,17.800719051778703,-4.6784742706632105,42.20932848343581,52.41115074986063,-1.5099845520027002,14.137144093058483,0.38012407908018986
7996.446779738275,-0.5014418403762306,0.05032986836126012,-9.72017807739755,-0.002157318636273673,-0.013918698400654156,0.0047254032863549775,16.84754622972623,-5.2635820489197656,41.93828924937064,52.41116106126601,-1.5099967396819038,13.7000156367553,0.34960595957551277
8099.616663200358,-0.37552556515976543,0.12076321173424708,-10.068550418076573,-0.010388361521114012,-0.004810464841549191,-0.009604957921335061,17.612039786124917,-5.378801810396113,41.49056905425117,52.411128445653816,-1.5099828803699922,14.083956362464825,0.31995560035795734
8197.770342259992,-0.28642497872259187,0.2857517839106267,-9.84016000565885,-0.006606170337338062,0.005279275390004838,0.0002513606992651388,17.13850091001822,-4.471364707490547,42.00152439521249,52.411148942210744,-1.5099670712563016,13.441463841741555,0.3422072190791141
8299.552424367379,-0.3890860974752708,-0.18792605355182407,-9.499594133854671,-0.00615924203833383,-0.017983817065343785,-0.0014692474274737332,18.435123269187116,-4.549133740560705,41.83703256329008,52.411198849613676,-1.5099808739624603,14.054205484947955,0.3250049439437248
8400.95476947177,-0.5023744353511276,0.046419512760458734,-9.781262893485403,0.0068963832577462825,-0.015516860327924374,0.0004926773283482743,18.14855390668575,-4.454057020555651,41.24922957522058,52.41118514907493,-1.5100299838958036,13.668581815207673,0.3591038788073888
8499.55119822757,-0.237527093601504,-0.22852200687030794,-9.664248678976515,-0.0008166518318554759,0.013885385211991879,0.002332360690630861,18.18878268520433,-5.2160911810929775,41.56048612963233,52.41119717887921,-1.5099899798604213,13.423405837447183,0.3325202049445011
8601.612454021842,-0.3422158314390283,-0.18879932080268413,-9.59304209723478,-0.007903622842720323,-0.0010438428577868644,-0.015560316261662882,17.920937129754567,-5.235294121995715,42.40280010169911,52.41119988374446,-1.510007849757879,13.679916909936546,0.2912523921311845
8702.303960360183,0.018395310585490404,0.09473248002984778,-9.85208285554569,-0.003780711725943825,0.023630814370236723,-0.00712389927166667,18.795830244633294,-5.04653896752425,42.184153426360126,52.411208178917754,-1.5099954379996507,13.324657785671665,0.2415188219095512
8800.728776356937,-0.4731165325639814,-0.04859930333373311,-9.8744139223628,0.008359264152226304,-0.013924019963623144,-0.018464349794699585,17.753322800362174,-5.065026121113798,42.7142129961659,52.41122545092418,-1.509973313611791,13.618138054257829,0.19369285118403923
8898.735790774783,-0.1866420654386734,0.07716288187832564,-9.720622511791163,0.0008022909120218003,0.005440282112395352,0.006680986141550947,17.517929410939466,-5.921163189176976,42.08207113268352,52.411249888047,-1.5100018110930613,13.592272152648638,0.18171219763019053
8999.559766071196,0.02509354704541983,0.2691453518101659,-10.023177397494745,0.00175771722073747,0.015738033697705565,0.015600883429208984,17.685471194282258,-4.483304270919108,42.17559334408525,52.41125771492481,-1.5099834614733523,13.104903380514367,0.24064091497649542
9102.542495652451,-0.26464698310871027,0.1334101877574204,-9.650414962035812,0.003275318846512566,0.0031669962540081197,-0.017240057494325074,17.24927135378076,-5.355057236368863,42.474358163607114,52.41128860894414,-1.5100081665545901,13.490967714701075,0.26134373264318356
9202.070669209812,0.024375858289715738,0.025259839154176622,-9.779743622914943,-0.004043336409712127,-0.00116035428634019,0.005586587503026764,17.905406993027068,-5.054081445844116,41.363869963154066,52.41124195253758,-1.5099921409750048,13.658909364343739,0.2650035520928782
9296.991467670307,-0.14077435198662305,-0.07353014427438673,-9.75015572120469,-0.0002501353206863452,-0.0010643969822175465,-0.0007379001458316138,17.356254475234895,-5.634876137063454,41.63248262251736,52.41130568420175,-1.5099800530868726,13.40845486283143,0.24449342337180724
9396.631568256838,-0.07864253912487985,0.08693188949849275,-9.956340414461213,0.020200633452518463,0.002200467313792128,-0.0018753693388267431,17.715698363875447,-5.000011433200607,42.88934281406949,52.41131012540332,-1.5099898528235172,13.052117130117182,0.23482191748945525
9503.175906463428,-0.026378385498237563,-0.06273855278134093,-10.236114750400336,-0.0002593001641608147,0.012972668685666091,0.00350012471156188,17.684484198114856,-4.7913952457773314,42.07291060525754,52.41130739346855,-1.5100169112959745,13.744882113483017,0.212278746954496
9594.99197619402,-0.042602667035432244,-0.0928640138787742,-9.804122105871174,0.009363526302692868,-0.0033402039816833097,0.0009674899254026028,17.625412707353913,-4.734993024789481,42.65259637132372,52.41131762163728,-1.50998821285037,13.470080976445113,0.20070517203890859
9699.21914482467,0.0054522764989277245,0.0632091021447462,-9.972227391449161,-0.010567660932814684,-0.013176222414605795,0.01566905840470868,18.307683101972955,-5.57113038879146,42.18482472394897,52.41134143051163,-1.509969774525334,13.497154363840432,0.2063912616230823
9802.066471950493,0.18455787371297078,-0.0473159044578498,-9.546239231877625,-0.006818214152172917,0.010053615724943052,0.004378377460589869,18.031390034927792,-5.490810196784837,42.490570836033555,52.41128666799034,-1.510013913725585,13.346537217711338,0.224899055212461
9898.205632607896,0.2885362421537163,0.11956983296430948,-9.914119803828527,-0.006839391562029394,-0.0026544307387494533,0.0024414169326172777,17.863577327356506,-5.099756303544317,42.0290215244154,52.41139020724492,-1.5099883130957312,13.558408076053334,0.21455411429212745
10003.998732298773,0.3223687850575603,0.03818661185560921,-10.08696896429654,0.0028883010133235972,-0.006054474169236755,0.009729973905048468,17.645096053121364,-4.330945440777832,42.286814771110066,52.411382333251304,-1.5099792046912717,13.492222164754395,0.23322185646162552
10098.117959870164,0.1856725884258343,-0.06630674215184389,-10.019959770741675,0.0012861510682065894,-0.0028168007248173792,-0.010220286312964046,17.6896555779704,-6.082010338227367,42.377461442593265,52.41138813506835,-1.5100068850825716,14.154933774857787,0.23107952821533218
10195.886194538278,0.21788369461273188,-0.04280973653121578,-10.157105232927513,0.006317363382272056,0.00731515922630436,0.012435246016473566,18.43534154536104,-4.850062138800357,41.151813258908966,52.41140355286083,-1.5100081279817086,13.77523856554398,0.22006268902083548
10295.37488595093,0.1463000304044477,-0.05919349811676276,-9.676898156136202,-0.007773987835673265,-0.009861082986713596,0.0030448702867137308,18.682127078422624,-4.533545617755399,42.40473293518965,52.41141217136261,-1.5100054253631743,13.741395353715614,0.2325986710043253
10398.74284776889,0.0843985812652362,0.1657234546644203,-9.932692556323941,0.00677383304256012,-0.008467899546564324,-0.0037979547461454363,17.94913405550697,-5.136505379381934,41.714806676469934,52.41138629073248,-1.5100004873744133,13.950243580335592,0.21801527317575164
10498.177772269531,0.49305857179035284,-0.07703900190837454,-9.392660454846096,0.0036900576869573487,0.010929534795847094,0.014566252128331628,18.1390024158057,-5.194960056073776,41.92755015860045,52.41148731640229,-1.5099871044859725,13.59151977093866,0.22040409043006548
10597.39934575483,0.3831798876853057,0.0718283566246096,-9.85551578236643,-0.001261032558514009,-0.007687194123851397,-0.008182156763942182,18.54565312445474,-4.587592560326539,42.47706414302624,52.411444502537165,-1.5100152768000856,13.30003009042668,0.21982661404604187
10700.475934254831,0.30101553932512276,0.07487152510884722,-10.052269422013136,-0.013359912331743945,-0.00430818394449578,-0.0025243521571103548,18.19701648612496,-5.158699996483492,42.04235592788239,52.41148292647119,-1.5099649018128194,13.5646109041813,0.2498836402612028
10799.591693090133,0.6601504736453383,-0.007039242881320459,-9.952762910005912,-0.02220681977151249,-0.001636243268036547,0.0010940855735949513,18.981787622577077,-5.019393339261866,42.87205335660047,52.41148041014996,-1.5100323890555045,13.707426172878437,0.24760167282198609
10899.07036990022,0.4885167939732211,-0.03817128899918989,-9.620497916577802,0.003976774596124423,-0.0038725770581252324,-0.007632573591956578,18.34577663615871,-4.719357080441061,42.249352657287716,52.41150918407473,-1.5099885251116556,14.280217565258923,0.257801026998834
11000.091488249254,0.606325432130145,-0.32492755067428836,-9.552170671836477,0.005214848571856521,-0.0022502472704699194,0.00953207732649385,17.83757422960204,-4.932704624693297,41.134665023896225,52.4115030285508,-1.5100255722761227,13.929384895918497,0.22843742307890125
11101.147885311693,0.5508018174749478,-0.1156753535219172,-9.703285435478186,0.025808818569673923,-0.0033990685436505437,-0.0014605998213269825,17.12488271785542,-5.275243599909218,41.673615665216275,52.41151012716202,-1.5100297621826413,14.190445831227326,0.22193696006058872
11196.734913904782,0.6047299441759393,0.25095219678316605,-9.73760448595268,0.01428970075518142,-0.0192799773375774,0.013436795722396155,18.567756885445604,-5.459549578306312,41.89049264261764,52.41154848644859,-1.510026307909762,14.267305972753583,0.2593132962373943
11302.296221959527,0.44317044135425776,0.03830233011842663,-9.828935410374505,-0.00355760370700768,-0.018280705198982942,0.012115509764511694,18.225516518433405,-4.823509837963548,41.9136675951474,52.41152773663046,-1.5099812959194436,14.02442831367163,0.2982413272908957
11399.293100178775,0.7214161181369132,0.23728935519176286,-9.924427242402796,0.006671334695426269,0.006577313155000163,0.0023093474546863834,18.956807235579692,-5.081490884742624,41.30087265513492,52.411563612686805,-1.5100133737136636,14.229001805854256,0.3178275635439718
11501.263051039454,0.5856590631922391,0.05923039956652072,-9.932532211809557,-0.013198001066527194,0.004909726501000062,0.0019922969433099932,18.916733652542977,-4.533743984062974,41.99143436533345,52.411607732535394,-1.5099631191296783,14.13634629894502,0.3023800696572607
11600.24993595058,0.594461662398671,-0.08006558284962516,-9.819834896004089,0.00464894050233577,0.0030317554246833277,-0.0046742560244013515,18.317454446012125,-4.749143175940762,42.25414222343758,52.41160965565643,-1.5099882947918921,14.53936456755118,0.2793287191250897
11701.153222300243,0.4455107684917171,-0.21144387355466776,-10.192816859601972,0.005422167514766628,-0.010440485958285289,-0.014015903339009369,18.194639676684385,-4.576357506542115,42.226317405941785,52.411582164613385,-1.5099759600530984,14.189644823147503,0.25571763714378903
11801.500900017956,0.8043256302236396,-0.0985375490150471,-9.753914479323088,0.001768787359261201,5.871905645267973e-05,0.000948190828451107,18.358705636312592,-5.171502529024939,41.482183628985815,52.41158644734709,-1.5100258589960076,14.072093927358313,0.2398617709640689
11897.111228001015,0.8310658473327833,0.010408651940059861,-9.906686422161748,0.0070115292487345935,0.003497652764607547,0.0012253731456528774,17.795837012483553,-4.697832482671013,43.25715124527338,52.41159711938203,-1.5099850348274881,14.27731294316786,0.2504251034345657
12001.967949724174,0.6282605542080424,-0.08120960776060583,-9.856276637647502,0.004773342210481813,-0.006614135823199127,-0.007209133113232761,17.324158105618565,-4.607768258303954,42.508763912248185,52.41165251948768,-1.5099814111341643,14.504258385281702,0.22985571862733423
12098.643857221674,0.771099801392986,-0.049408629120000075,-9.836765572191029,-0.009588671876715445,-0.00036990623646296025,-0.013497432966027293,17.700115156091254,-6.004220731829113,42.3962816315572,52.41162604597156,-1.5100257111959916,14.986749776924599,0.2004008319023569
12201.816755902835,0.6076342297827739,-0.09397149889438937,-9.870097368370182,0.003817408688329711,0.012534641755825587,0.013138942098740579,17.597646879155807,-5.120377673001441,41.84193778910845,52.411643842252225,-1.5099959968890013,14.56712668181267,0.16645379954479722
12299.511234429885,0.8820485449644032,-0.043262067215746526,-9.77133431092016,-0.011957008077806298,0.009494347626882019,-0.000581760287716269,17.489572629546213,-4.808904324230554,42.138265772851476,52.41167082512453,-1.509979455675038,14.424564687959474,0.1456085555718687
12396.679418741747,0.8627124421757366,-0.20211259541549742,-9.882382627146598,-0.0003274774892636749,-0.02287965895877291,-0.006559885426564155,18.43682765488784,-4.98105919323545,42.13430892040031,52.411733783830776,-1.5099896425020118,14.766811534854495,0.08607773218227521
12501.623856280079,1.1554198166966811,-0.15287131584044406,-9.601699034290611,0.003405959647382604,-0.002286792291364097,-0.008632822110924657,17.54958528479505,-4.191995515519549,42.14698513908502,52.411701182010425,-1.509976791268874,14.733558641527368,0.04280825714522507
12600.100172742135,0.40554525984995465,-0.17822171664844863,-9.513605496305654,0.004081107885056557,-0.0025873173192401374,-0.009546945936453126,18.03539281721915,-5.073816973204757,41.70285954491792,52.411706307367965,-1.5099923697656195,15.051346509187171,0.01472401915299315
12704.97721974995,0.5764740461886927,-0.2114085924128672,-9.831269478785375,0.004487103078966119,0.004728753609744386,0.006032320382311752,18.514519779766232,-5.092792125211744,42.52069892023533,52.41172402252744,-1.5099703965156714,15.197725901236772,0.004899920810942149
12800.079832037081,0.728871507624886,0.04019618153661632,-9.756086690414714,-0.009522386565319252,0.005728303504215838,-0.014302177235811706,17.7859434272117,-5.3821432522240045,41.86506584295816,52.41171961864558,-1.5099976762819385,15.320485222795332,0.05145653585850596
12903.134164951318,0.8886707257255166,0.1185709757832741,-9.902872738607739,-0.01654487231624568,-0.00513270904600598,0.014443136871339326,17.284824598263036,-5.268682404371546,41.80466696427316,52.411771812537374,-1.5099775986026038,15.309331075676242,0.07385685090781635
13003.07720590637,0.8949063735272634,0.11397876821945499,-9.594155013292342,-0.020300013302084675,-0.004787052306988338,9.866406981366292e-05,17.168440345274227,-4.942917376910083,41.17734193849481,52.41177655090769,-1.5099851850798691,15.302415774316586,0.0800198182045051
13098.519708014905,0.831331757604415,-0.21133068084682907,-9.823787335299901,-0.005627524437287563,0.02023524628570536,-0.005953402247484153,18.238531471623347,-5.243577419277743,42.230405410893844,52.411806625341455,-1.5099835353321291,15.191109639180416,0.034268671379777516
13199.7033384006,0.715978237239898,-0.40205931261425404,-10.181387795068988,0.007297599644255005,0.01112129884622583,0.005437817272728096,17.510243982913085,-4.418057888660174,42.229096598843,52.41181712245807,-1.5100050046416185,15.627877777326091,0.019426244951546323
13300.462481724842,0.6204528113207485,0.23625934937992213,-9.943434064232003,-0.0013282746692455964,0.004456743359747667,-0.008729445045666626,17.73720305779973,-5.027542208570636,41.55485551259236,52.41180878651441,-1.5099917163626546,15.69910623500495,0.03769857455546344
13402.94426315843,0.7516952969978113,-0.01696917578622495,-9.604755356582638,0.009315898414565277,0.00037036216288325696,-0.00988709279920688,17.880373521950087,-4.498680643289871,42.30942162832869,52.41179950734648,-1.5100020848141351,15.704499084280327,0.07431071003298939
13493.841013606445,0.6615220355307382,-0.03260950287003317,-9.87445327468164,-0.018044675209998355,-0.00965941397649682,-0.01094076789592386,18.237761640849786,-4.811592201950721,41.47486281110993,52.41184958641016,-1.5100121399150077,15.710817277475043,0.007472168747028718
13600.357994710037,0.6047779561981763,-0.09329555845791335,-9.8651423146139,0.005194291561698296,0.005177168320585533,0.010157317907465506,17.60253104287462,-4.804043690895692,42.17582140948366,52.41183682716532,-1.510009900504217,15.926552250728328,0.04660761172755201
13698.830569384545,0.7585511023487437,0.16920484409441686,-9.812135479135325,0.007510723387531036,0.014683307196023144,0.013129661940771656,17.470251756949544,-3.784849354468757,42.08303779058637,52.41189388774155,-1.5099915777080655,15.847250287181346,0.041568421827321345
13801.727650699824,0.6621842817517365,0.050112350031883315,-10.099958371377017,0.0030959963527418277,0.003231747161776383,0.00720550999601279,18.32215394584239,-4.782326771587813,42.0104416437337,52.4118686456872,-1.5099961922247205,16.07782991607158,0.06782149636603663
13902.479265229536,0.4868551385866333,-0.21755010047129653,-9.461482365585445,-0.011848689438343192,-0.02110913496811076,-0.002958742705802383,18.08233629802819,-4.836816695769046,41.78986586793468,52.411875870771254,-1.5099821197824248,15.917719198886745,0.051396499894224235
14000.447678429266,0.18838165440874327,0.07846486744097451,-9.96390064837078,0.0019224150475391619,0.010158390494858486,-0.013344609118492442,18.324234183907226,-4.980019619447893,42.51555433902883,52.41191396996051,-1.5099827659036733,15.949524147868388,0.04970643508835337
14101.092844850356,0.9727094344419818,0.055324076486833115,-9.456169966324602,-0.004881467193194952,0.003421997363525111,0.0042693780554472005,18.702887222348835,-4.925331939789176,42.68466818901726,52.41187708682458,-1.5099995163471773,16.51659347323561,0.015075531725130986
14200.074245490929,0.6479133228168803,-0.23670568669943112,-9.939439102641144,-0.0025677314285115927,-0.006645651833270066,0.014631682742397225,18.278979796314843,-5.0798916928952895,41.2076877281189,52.41196655227717,-1.5099671562094619,15.980926813030312,0.017634988626753056
14300.600598604251,0.5480317983135365,-0.03533576729376581,-9.71662095877759,0.00016385127200586598,0.0022933896955702852,-0.02193015022482068,17.488925761716775,-4.272680012794763,42.473889917023584,52.41195903399081,-1.5100048886352135,16.238661167820467,0.06199504428724367
14398.639091774367,0.5494057873739089,0.03580790512847404,-9.777210243572895,0.00660482717124079,0.009164157278510037,0.002428515863953688,18.564921792785178,-4.897915853617403,41.30898162478822,52.41195986080167,-1.509995318557321,16.137949563794365,0.09965807524588399
14499.528242350852,0.46782104358463245,-0.10614243567938851,-10.289659683781911,0.009355078319417176,0.006207027501316334,-0.006327581437817195,18.030512963221888,-4.885198227942792,41.93611044371027,52.41198155098274,-1.5099664269046889,16.446013540361307,0.12344436071538212
14601.826504442743,0.39067928634949456,0.009205627415338799,-9.492576507909796,-0.0005235569795670245,0.0066163435848982915,-0.0018035745262801953,18.109441652387687,-4.687460501810776,42.679189878628165,52.41200100043027,-1.5099814766048243,16.36155041722895,0.10030360259315785
14699.192252884464,0.34868182411515014,-0.10510268826390483,-9.864593703687529,-0.0027626316764199524,-0.004285732141427319,0.009388512628121955,17.532734863063855,-4.914739657308496,41.94975334023845,52.41201940356409,-1.509966857319595,16.332351186171078,0.09333272806770765
14797.135177142072,0.3085401157753958,0.40893570450446726,-9.81274540802523,-0.009854444847669196,-0.005029089849491697,-0.006120856197621923,18.182118319228586,-4.9723570205757195,42.83296804126395,52.412049239586885,-1.5099328011291409,16.515859786561773,0.07646265554444653
14904.946516729575,0.10707091077068992,0.15056708159319962,-9.847079154148412,-0.004816840579758065,0.007329144256110497,0.007614833218060303,18.543991730356193,-4.647966010366952,42.22452638100527,52.412009461717204,-1.5099830243354968,16.177557745267478,0.08634667428714238
14996.552144035317,0.13853470205751478,-0.10305360974447308,-9.978939265686098,-0.015222491124132166,0.013071707644543351,0.0060281264432103,18.44961507886775,-6.044753053057622,42.76761936322404,52.41205347022893,-1.5099703066593542,16.435718577927272,0.11455290349164216
15096.290731664,0.16811416310147226,-0.16968922001468634,-9.884152886363685,0.007586688550399526,-0.001163112181028592,-0.010860052621536847,17.991873592886293,-5.139170952311125,42.04876666871808,52.412073704366826,-1.5099786250564433,16.35568813917012,0.08063597225242347
15201.716532980767,0.1923228375726231,0.15793368369698815,-9.766937951002898,0.020506933887972957,0.006699153567085595,-0.01805191740517973,18.483745114743215,-4.68935152654783,41.68530935537726,52.41210029433182,-1.5099908762238206,16.275913782709495,0.06525030014239519
15302.282905195903,-0.3063783175213196,0.10386277419582117,-9.726796857875263,0.019462354335109823,0.005103341582549845,-0.004290069521859321,17.196173949594147,-4.643529287425782,42.051856477060085,52.41210171696569,-1.5100196897732312,16.25345977318691,0.09191648633537852
15400.276252077867,0.1356635594377518,0.24106472880277555,-9.725871561820481,0.00440374950384647,0.014421665686045942,0.011226074030790843,18.0408800392335,-4.668690869539176,41.6607102678132,52.41211697824984,-1.5099810450951692,16.754911544063305,0.12356938050504596
15498.765765189266,0.014895128290009427,-0.029098392784015326,-9.985592923938126,0.0030461775198807805,-0.005557216386566638,-0.02516327827491702,17.421368887170253,-4.034302430809894,41.06753528592725,52.412130517003206,-1.510023709349836,16.56316314025552,0.08882716736798102
15596.070124675802,-0.012169189036182707,-0.08166791964608439,-9.549129190973982,0.008030117683911922,0.0019605037962468577,0.004002756050975567,18.608698769063302,-5.331702864230493,42.189133503552256,52.41216828878371,-1.510007568698538,16.593798957599397,0.08656170043485645
15697.207893162644,0.20434644861678747,-0.0041612212360175455,-9.431662651833197,-0.005233437367572511,0.013452670847406126,-0.0050314781695526755,18.40854443085832,-5.339137334877536,41.378811553486834,52.41211722898215,-1.5099955620322583,16.34334293299094,0.12207828849551561
15801.37046423339,-0.178763779721977,0.2753218411597413,-9.707479635477998,-0.013544942845514104,-0.005265964527108891,0.011395356041973004,18.00617160363282,-5.3061569049322435,41.976871497836356,52.412205559351996,-1.510002088809874,16.23112048403421,0.1573984792388501
15901.937499698146,-0.1347425938896105,-0.00706203341443128,-9.77958081566184,-0.00216196986052085,0.00253274083245503,-0.014657005764391072,18.15159465050006,-5.680857635043753,42.157555118559266,52.412193497112646,-1.5099857888558395,16.765581316275004,0.14686594169546652
15999.372614906684,0.1595704797763361,0.01560356524710775,-9.754374604476718,-0.003432499561364024,-0.0019097750452600718,-0.0007292184949375885,18.508248201597898,-4.573827845976825,41.62524800389705,52.41223991103409,-1.5100126776487584,16.422956427396738,0.17782862059209492
16100.451515990442,-0.303855810722142,0.3840218133165742,-9.671257532192671,0.005313794109910004,0.009630878427502768,-0.00018017225177236612,18.24132667873126,-5.479194865028183,42.05660252383648,52.41224414056202,-1.510012229541132,16.632557607624815,0.18843785749766084
16198.705247463999,-0.1688437747772007,-0.23832931167610394,-9.675434789505962,-0.01343630113380577,-0.018570393648810996,-0.006463434934511681,17.000256932589394,-4.476710919293514,41.203951986907924,52.41226694098977,-1.5100187104504972,16.121764179877786,0.16093519506841858
16296.50042997017,-0.40232232507591426,0.02119857469948018,-9.941479224323617,-0.005399458955313272,0.015940707565092832,0.013063206475151426,17.67998502927068,-5.256755576828761,41.51247504705253,52.41227225851048,-1.510027509456448,16.579406653493265,0.20939225907630998
16399.129700153015,0.0068694785353135834,0.08106848953807112,-9.819708460560795,-0.008842369301789662,0.004573970897535334,-0.0017664885842888114,18.486134061969967,-4.936028582865659,41.76974924487825,52.412272408301206,-1.509996943450073,16.469527509922834,0.19761716538533847
16496.58708883203,-0.2397481112852181,0.22496871063562454,-9.674006383583343,0.010951776217191171,-0.0004860930531365911,0.00759937158157095,18.151015798114663,-5.340274240337801,41.76624231868028,52.41226979114173,-1.5100022057630824,16.189547408993693,0.19420898691379307
16593.86801614494,-0.3387636557111957,0.07000060345179188,-9.556991979652395,0.023566495847717434,0.0031203252665844994,-0.01340969509385826,18.365999396782602,-4.8154033756214885,42.606016822138656,52.412286424138806,-1.5100075921142402,16.18633637100852,0.14885830536906042
16704.074681592905,-0.4347338840474686,-0.2212236459604324,-9.85404776441178,0.012160948705004096,-0.00339957663460922,0.008724597807572183,18.695489914049045,-4.765486420134187,42.19785388111693,52.41227587818824,-1.5099857665612335,16.212046311197266,0.13459455978340884
16800.786593216864,-0.40126551395787646,-0.23603663813375894,-9.979963578516687,-0.005554977482489649,0.009570011976477779,0.001056623645324997,17.904619024530238,-4.554839643551226,41.59606673180412,52.41232324658003,-1.5100033160274224,16.248123779740016,0.11408438851771052
16901.669210513384,-0.34116298300095954,-0.1382740912949466,-9.759244489115702,0.015785732717900357,0.013513256749552479,-0.007034498009372349,17.340736147535452,-4.802776411277828,42.226848738310814,52.412341755881755,-1.5099628397312377,16.23654362101273,0.063071459290029
16999.971302072227,-0.5007669215984611,0.010501862510314097,-9.485195356284272,0.010886938767886876,-0.022140000008584862,0.000262670463266299,18.10601031554699,-5.005572748846129,40.921678225287486,52.41238321401854,-1.5099797632109089,16.447370662662408,0.07553401963770057
17105.423568329876,-0.39609648817812276,-0.09304597075253461,-9.831657661756669,-0.001020901475701817,0.006504279900330181,-0.008900308952848704,17.603661228803453,-5.884892437566317,41.55465188764799,52.41234415897574,-1.5099721375703117,16.35980273293546,0.055023697610693034
17201.28898310144,-0.8827387842087729,0.08930893951709364,-10.158858473283445,-0.023627539203258687,0.008870998140920723,0.01720999680173675,18.065527488641678,-4.977010953786322,42.226779931399946,52.41240246172444,-1.5099961625260412,16.092308023284957,0.08156662260171288
17300.276450022106,-0.39858490640985744,-0.27806995665502277,-9.759609166519887,0.009429024480106402,-0.0123423123217554,-0.013572005947058192,17.834269472795153,-5.181981362658106,42.085963348068226,52.41240041832361,-1.5100343351482814,15.950963988804517,0.07297602849860141
17400.520444047444,-0.3218083573949734,0.2427679566862211,-9.559936102022025,0.0008859874057909512,-0.014719877728887568,0.009132208468863175,18.27522993148216,-4.726389657986275,41.7202168709996,52.41235143415745,-1.5100111885499585,15.904034081621328,0.10535984634259421
17498.93179991768,-0.6078492577928996,0.03571900473107678,-9.92040213687323,-0.00043128788355103483,-0.01067854359248546,0.01609180636245689,18.099529122314976,-5.140074355849563,42.49317653795319,52.41241404769721,-1.509984623136407,16.050499196977,0.10692789518191148
17600.689414158536,-0.5531639270934338,0.12781701553362587,-9.853604333575529,0.007157126043648376,-0.01878138385071977,-0.0074055544789256396,17.9259176081064,-5.676854389692241,41.45712733499843,52.412435737722625,-1.509948401535267,15.99821108989983,0.10151323923929567
17698.55768433156,-0.8237049551091996,0.05424871526391281,-9.833379717315424,0.018241581009953312,-0.009674875027758562,-0.004955803913659858,18.31333991659309,-3.9199683748467247,41.279081830574704,52.41244780566518,-1.5099923825813142,16.01525315648023,0.09576787684062538
17804.219073879798,-0.5630402233165538,-0.14959634155061635,-9.868475955770547,-0.0041531053863810155,0.0023537089593370602,-0.004165400654214487,17.929339673878502,-4.858424823145064,41.09328004307865,52.41249006684622,-1.5099607608514176,15.820120146362065,0.0714773051361135
17898.19282525628,-0.8818354505647827,-0.17743619244367548,-9.900418427493996,-0.011547178351796925,0.005325578560969999,-0.01066242270910878,18.44742705952392,-5.078338382419357,42.579039098866104,52.41250807718192,-1.5100120525333902,15.486339241720406,0.05721784688967091
17997.586922407503,-0.6817150622636626,0.06909920051894389,-9.516617036976859,0.012225381965000025,0.025668947726560944,0.005215143577642316,17.968198947590512,-4.878152741937345,42.3907538686625,52.41245711324453,-1.5099807770264035,15.590796488496721,0.08081683678011586
18097.825706105345,-0.4546764632561907,-0.054749349903578354,-9.94712767156058,-0.01902689398034129,-0.004580582896096778,0.018761971083356296,17.924528845251398,-5.083430416572022,42.287825966524274,52.41253355580569,-1.5099755365086702,15.539169519207983,0.1041422175766229
18201.394229483027,-0.8624123171180711,-0.08984808534244271,-9.442287265890593,-0.008873300898356676,0.005099473230657641,-0.010415940214382267,18.63681480291681,-5.088045704200359,42.453704205568954,52.41255649648585,-1.5099781062296027,15.361468230407516,0.10036086544153022
18295.18882742344,-0.7073622119493789,0.16701100801716903,-9.744152590666035,-0.0002166783597400795,0.0033452483348271112,0.002788492471351516,18.64317053489219,-4.991976761533112,41.8510141329434,52.41253995481613,-1.5099938405991085,15.483998640174905,0.09780896527018967
18403.707661831155,-0.577037268923092,-0.10297039180908714,-10.07216391731777,-0.0023199761577631676,-0.006356025020099377,-0.007448935826573995,18.2508784835777,-4.498058934176358,42.04688558674423,52.41253915428867,-1.5099913736555282,15.46021899936943,0.05858405970752756
18501.004178558574,-0.5958897983801834,-0.07485847563566372,-9.75951331470654,-0.00967130230639814,-0.005355440129105668,-0.006731871271321665,18.28648928803821,-5.477434359328778,43.079455307079364,52.41258725487843,-1.5099688102754807,15.108476756738625,0.04434150356013333
18599.39585505457,-0.9580339912249816,0.21553477164535506,-9.906975483416444,-0.001931731799534361,0.002693061310941503,-0.0030945528854130974,18.3322246226321,-4.916461676731555,42.19879662323895,52.41258253827388,-1.5099497867233367,15.032276236300445,0.029063894518003508
18705.293881179587,-0.8612712981888283,0.08872986904809306,-9.468544916150568,-0.005454515293798059,-0.02646566631726799,-0.0019776831664555248,18.185175447382107,-4.497774552580388,41.56238470050367,52.41260730258584,-1.510010189561536,15.195665581356623,359.9910451562878
18799.37450736405,-0.43247452628569805,0.0804812266085889,-9.553616908141915,-0.013539269647796068,-0.023528711017002102,0.011011038516502078,17.993998432479913,-5.301727362474878,42.68183186377367,52.41258771716946,-1.5099857726698644,14.808776793742258,0.02524890792756196
18900.3009146446,-0.8279302824774624,-0.09495027898933656,-9.670875079797296,-0.006748325050630781,0.004223312466643719,0.005824624656108771,17.831795060194434,-5.38011804755546,42.01124992306262,52.412650696234394,-1.5099824763960341,14.9271181154244,0.01942830590127187
18995.863422052684,-0.7187156858123236,0.12609300126601503,-9.755947080737577,-0.004770661653049097,-0.0038280947114683675,-4.725234712054695e-05,18.46929478368183,-5.316847601911869,42.03323777755745,52.412600850881816,-1.5099705163405492,15.205279773640097,0.01586976196364276
19098.8056052329,-0.8488527909478351,0.03232459775062041,-9.692349756809929,3.878465943399299e-06,0.018062156817900927,0.0060575988047738075,17.431404947298468,-4.619003643840954,41.82792414278939,52.412631179405224,-1.509975455910854,14.786074538417509,0.038136306443050216
19203.784552332,-0.9599285255611114,-0.33084966635360324,-9.582764783887361,-0.02370583391351923,0.0016549969731743368,-0.014461827343517078,18.11686190057668,-5.589587737411376,42.342677476352016,52.4126607244058,-1.5099966636905937,14.71126027883123,0.011748394114363236
19298.85113170853,-0.838979998809567,0.20050272541718378,-9.715360056399993,0.013876897648170952,-0.004694227181856438,0.0009624233184419404,18.366599422961272,-5.040476855355635,41.76672330508379,52.41265614674293,-1.5100022224971223,14.598380707299329,0.03129671626987829
19401.38503136983,-0.7791409912208892,0.09808556529224638,-9.911105460047972,-0.006486616238006809,0.003523958474571938,-0.006951969462581215,17.68191782238456,-3.999689696457362,41.91091789995001,52.41269298422914,-1.510011664798484,14.608562927242975,359.96640360918997
19500.982315183814,-0.6670321741056857,-0.2693483298320816,-9.667062795467672,0.0009854675746258177,-0.015255840226400186,-0.01764157993711026,17.721333480292603,-3.9996736616460105,41.88726272680134,52.41272084233991,-1.5099703092586052,14.507621732989357,359.9498716701608
19598.6835199567,-0.5949957111032587,-0.3927618998980051,-10.105482227312203,0.006465196395516896,-0.002288295408140799,-0.009057351621173625,17.55306265525288,-5.046521031227308,41.68091373482425,52.41272479736807,-1.509981363372586,14.837192414505232,359.89224056477985
19697.70566347626,-0.7746895385574055,0.1619638076126869,-9.799710645621964,-0.0046911996887744715,0.0051423695761615386,0.011192503222984557,19.40775918949233,-5.33394474678219,41.853914799398595,52.41273559920348,-1.5100080021814695,14.505751011140482,359.92759045532154
19801.403334613395,-0.757058698349243,0.08926596231697959,-9.92807520244021,-0.016558499234646952,-0.006563636586236706,0.00981430665739912,18.33373243127716,-5.216273964314138,42.3947675630405,52.41277390885339,-1.5099855923733236,14.363561021972165,359.94880686557326
19894.565797719115,-0.7899647314176309,-0.10680651512314462,-9.583796753137525,0.00844567217530698,-0.002962266554476303,0.007311356386628536,18.137295215772188,-5.313488065053965,41.7368758932193,52.412757714194505,-1.5100262577720722,13.841356921459425,359.9304274549407
20000.12526228168,-24.989168932277067,-0.3792945973948297,-9.715715167813665,0.007966367006023725,0.008946921260826054,-0.012183949081517337,17.17272928276585,-4.745273243620154,41.344609076108625,52.41275549108547,-1.5100131196337623,14.398858980298794,359.9305816498182
20101.52140361777,-25.192201107244262,2.161799995148431,-9.642077771736195,-0.013387170058491177,-0.0029011413422550952,0.24196661739548586,17.888546668483823,-4.8932885172528096,42.74868780773672,52.41272658904309,-1.5099910178769425,9.356857599490755,1.371751797987315
20203.854254671547,-0.16120866907122572,2.310603617615246,-9.801764498014993,0.008825976003399821,0.012663092244634758,0.2674182303737268,17.825925060164796,-4.852768125655965,40.52934976746269,52.412750582453405,-1.509955498511669,8.925141380121122,2.821625305927853
20300.960815789884,0.15643784560032495,2.2443848320067112,-9.554731346908056,-0.004376634862496133,0.002095513447698229,0.26281749977483704,17.82058415862543,-4.871304791766589,41.982517600195585,52.412834996972194,-1.5099928923036603,9.070378368128917,4.279887170999814
20400.799026152446,-0.09384206153201843,2.3698562795036873,-9.603952320431492,0.012278315395195085,-0.007465643257533626,0.23903712442473707,18.075814749172295,-4.9246815996692455,42.3583598603253,52.41279724183835,-1.509972039330046,9.209031619962374,5.746602902261316
20498.66185197018,-0.37465092476822615,2.006970754700273,-9.857034577379569,0.007615170589321787,0.016569805095890625,0.24633296960796713,17.972914954620475,-5.451052505115052,43.143080324792706,52.4127858846262,-1.5099789486594988,8.936305230253542,7.221836752648471
20597.967939759954,0.12644834257898357,2.366300006514064,-9.87631481236535,-0.0017875673691823855,-0.0013138997097271626,0.26025017071631706,17.665352625067474,-5.1401087926786815,41.11197606406012,52.412829230364856,-1.5099859965179807,9.284547364261917,8.705389903246157
20703.105065321728,-0.30192425344380847,2.249067547276398,-9.540291537240867,-0.001307136303752077,-0.010061485203954803,0.26109480726319656,17.913923050975328,-5.545112446961001,41.51522049570966,52.41284097293535,-1.509946345273939,9.378595280549959,10.197665516606321
20799.357033815122,-0.08306033318531572,2.554346022694076,-10.045329023705573,-0.021774216114412135,-0.0026141787889220254,0.2635009890177483,18.614740412647304,-5.242025202987774,41.54366357662962,52.412830351758856,-1.5099863968775828,9.099883060884274,11.698307517239073
20899.725529207226,0.10972674533604737,2.245356413167316,-9.719702373854293,0.006822964671682233,-0.019772704173018962,0.2670287248448026,17.78703360125313,-3.96334140914408,41.700737928323136,52.41284015639468,-1.5099645274997808,9.345202217596219,13.207025818977911
20997.80486502524,0.007040893692268818,2.7700225247880654,-9.693126429325261,-0.017665791701970853,0.01741942716773246,0.26117456007486695,17.962594960840494,-4.096377266045742,42.59388459138732,52.412856389981044,-1.5100228714389115,9.241548348698995,14.723826101384418
21100.52354135054,-0.027970973273818603,2.168752760856738,-9.633921817556253,0.0017192000157590153,0.002382957558709645,0.27857950148035815,18.61389465153216,-3.888448791082762,41.56027090206354,52.4128585898951,-1.5099923510252162,9.474900045220126,16.249122853236486
21200.780794815288,-0.19187832832614782,2.5627966190095988,-9.84473786747985,-0.0030055680937446467,0.0022192374976380226,0.27551866949071996,18.323555836839727,-5.03396800607222,42.425430578185356,52.41285592347719,-1.5099599041333334,9.284313672786823,17.782639125411038
21300.551917394514,-0.20556575245165937,2.5898326110582226,-9.585279895661728,0.0056930437372151995,0.01586797932125968,0.2661561705256069,17.59416997779982,-5.241289891158823,41.99017713127051,52.41283152537385,-1.5099520876455257,9.103426986032526,19.323878360387425
21396.838550256463,0.018125330174273518,2.5843626189456295,-9.798467203846494,-0.009405280439286552,-0.0007998128176493176,0.2690934387478108,17.575684432523076,-5.172478314120553,41.79091322515064,52.41287823281226,-1.5099444618381885,9.152763419964515,20.87312939252297
21500.486173829937,-0.25461098205224586,2.5244534180017877,-10.018738679069129,0.004558573592089442,0.01923864344961056,0.2716529677342634,17.843670833598463,-4.6015411949498795,41.73067502697431,52.41289434741301,-1.509959518261643,8.878297639938602,22.430196180505106
21600.17151215445,-0.23247966041138157,2.3911494021685678,-9.830181135588473,0.002277840073378149,0.005566653602746202,0.28173167962603557,17.80627805347416,-5.109177079299645,42.83668922662668,52.41291133315677,-1.5099645234700194,9.334237081104373,23.995031385639265
21704.41934028786,-0.09128932528562578,2.554384596931199,-9.829027444511777,0.007999575249835826,0.0005545179269827622,0.27746341523354806,18.26489926609115,-4.408456988454563,41.64262417349722,52.41289916026352,-1.5098864602199409,8.948096541397016,25.567355428286817
21797.318391960718,-0.3090108970008331,2.5849058961410107,-9.659630204665362,0.0075332219948018465,0.014377586168470426,0.2762631713008188,18.345117417891476,-5.456472672611747,41.257256141889094,52.412930189962935,-1.5099167442512444,9.089147593739176,27.146902160812886
21901.141134500587,0.3240454821795173,2.5449852843828604,-9.431974357008155,0.01189133641536673,-0.010063610364860951,0.26909397990849976,17.918950820888757,-5.334675328243078,41.71585770399664,52.412901062457216,-1.5098879060644737,9.200597753498572,28.734012380345064
21998.127291378823,0.201513161516939,2.508098705827813,-9.996647387959305,0.0027420055017273203,0.005790874589704288,0.27435795240048233,17.881459031692067,-5.6268315214740685,42.662006451717,52.412903541711536,-1.5099221246541232,9.035635713114651,30.328122681365983
22098.26748895929,-0.0535215096884602,2.4035011610044736,-9.66436954181504,0.0028016162629106744,0.016859121868459514,0.28135846401741105,17.80707233950009,-5.407657067616692,42.1004198532009,52.412932833351114,-1.5098761771224347,9.189889516002914,31.92929875737974
22201.791484398054,-0.11904964691106591,2.7249674536980986,-10.140635398663202,0.012381884334355251,0.0101491985158449,0.28053487352628814,18.26615719663371,-5.003910083198138,42.47913810271848,52.41294132372106,-1.5098805525192205,8.990041799210568,33.537458981247994
22298.1090216021,-0.3001624779792615,2.580429595884713,-9.710552226435144,0.019876513834171113,-0.012830974432296915,0.28705369240621703,18.786334638237026,-4.9669538342536,41.55051663134493,52.412937071790935,-1.5098983519938305,8.916887399628733,35.15196400223158
22401.900266634686,0.09986597196079791,2.737932863591511,-9.969373914575318,0.005366931827607591,-0.0019673242123230896,0.2856354999074261,18.245857831957935,-4.622552147579025,41.855675497287976,52.41290758483131,-1.5098763345899633,8.901371368239635,36.77336985749969
22500.748484271022,-0.025655579694604514,2.524537584692776,-9.691626035265882,-0.004523708959678981,0.004718304997170599,0.28644917611035015,17.802847675816903,-4.93756341310907,42.80841688841029,52.412935790922305,-1.5098768515333167,9.271617563299099,38.40090402441467
22598.70527638005,-0.027740340224206177,2.4291274253407025,-9.886899379525511,-0.015461172032233399,0.0011051966768404304,0.29446211584266474,17.84552831401341,-5.126942536633763,41.58096708547217,52.41296668551025,-1.5099011489826588,9.11011293177806,40.03470229164003
22703.344825209377,0.008314868122825628,2.6715502580788613,-9.661301813823314,-0.0041571716929646755,0.0036858564406370793,0.3091884856423893,17.898786591497583,-4.624093147924332,41.454255420281854,52.41295900683938,-1.509863363801074,8.736839517933515,41.674733005233236
22802.68643611086,0.4401338056869331,2.5483877928203706,-9.820458133862342,-0.0032560814723665977,-0.005939508715191936,0.2804841100933806,18.562689075734458,-5.0006465317726345,41.813588086200966,52.41297737256533,-1.5098422523478117,9.270888597341038,43.320589851862735
22898.92241068122,0.12259301147101634,2.6051254085685156,-9.801020636403637,-0.005381319643129878,0.005064677249595832,0.2844123375901719,18.607233677189242,-5.868887621986035,41.61260333048147,52.41297050278942,-1.5098299514008242,8.551908682689445,44.971857486316765
22995.409293377565,0.10127804464716049,2.602136992649348,-9.926915016999503,-0.005810443604566178,0.023969763904923027,0.28742612774456316,17.385133719840077,-4.763513432351139,42.00111685843014,52.41299097096816,-1.5098413698423614,9.015727401778571,46.628548553726205
23097.3067351718,0.23301458709647166,2.4017246245286135,-9.928937405519266,-0.005107141813232094,0.0096754063079457,0.2804998593224124,17.8178040191466,-5.134771504023086,42.44049084814988,52.41295202166456,-1.5098275854796692,9.273427536693728,48.29043344809554
23199.47119242583,-0.005303722756268378,2.69853476381374,-9.801912869654704,0.004681249087523285,0.002428383746499166,0.2991637693592769,18.732178612143763,-5.635593581572236,41.97970197819555,52.41298375778434,-1.5098174510748004,9.138309210604483,49.957424729644345
23304.606990777396,-0.22143285028430676,2.5310560101796233,-9.953801657600469,0.0075063628469274534,-0.007585094608613507,0.294537621827733,18.022252576167826,-4.64904073265813,42.0465128842313,52.41295569342534,-1.5098011544728782,9.327853939792066,51.6294740734665
23399.430751412314,-0.08414524207140685,2.4246667924237384,-10.029367104714757,-0.027012776489308554,0.016201598706173433,0.28315361140000955,17.654032900983687,-5.543938900402944,41.490489726677716,52.41297002427432,-1.5097885410681668,8.857591774292695,53.30599621220267
23497.448607616207,-0.09047531805429461,2.6053774931538096,-9.711539044693808,-0.0032035953329855845,0.003098373975306623,0.29888701190401973,17.82966801399748,-4.648962389212438,41.58477516245113,52.41302923280639,-1.5097879980066529,9.057061670355894,54.98680409065872
23599.93905128297,0.06478979307036459,2.4597915983007357,-9.753768358887399,-0.005119724049306814,0.01017339148249042,0.2942801468947682,17.924196637830555,-5.836182899048426,41.89019109614768,52.41300205372527,-1.5097854911761253,8.916059084065521,56.671850191484566
23696.463736046706,-0.0013520791720836138,2.6183939208837654,-9.748694575205624,0.002083812938512725,0.004306590305508582,0.29315284146875703,17.707652914468767,-5.009990581299569,41.48919617995038,52.413025516837315,-1.5097497516934246,9.112988605073589,58.36074132570815
23798.28077262849,0.14061111661685216,2.593039109074505,-9.809409783034758,0.007197144283274793,-0.007183748059419983,0.3131179699404485,18.66351504968346,-5.824312274207284,41.88776571143742,52.41304352945204,-1.5097492516430273,8.849763246267038,60.05343372564846
23902.780338406308,0.015335821576083403,2.481141539609608,-9.955603823856435,-0.0055544245146894365,-0.0008527995125170211,0.2970219683279237,17.988371856704163,-5.063538655172293,41.27093710699832,52.41302990960773,-1.509692364927431,9.069373217189947,61.74965065383071
23995.69145228997,-0.047548990131031296,2.682537571708649,-9.86808214563065,-0.0022682059457606054,-0.020681943015821283,0.2927726128468116,17.972679385520816,-4.439216568723831,43.19388432642721,52.413033682373786,-1.5096877277110634,8.890905823311238,63.448966809086585
24100.54618434477,-0.1580405529146329,2.483582174196012,-9.822365496613495,-0.00837963556743691,0.005027288756556458,0.3034991090082645,17.220278523577136,-5.757032532137399,41.70327233522057,52.41304682070178,-1.5096802608500905,8.925402583415284,65.15141444767625
24202.76346550923,-0.004222633891335427,2.9482217867229825,-10.11452630971522,0.007837570447605427,-0.0055060800067259765,0.298834819795747,17.933674091101064,-4.522533240815439,42.23135283747922,52.41300487325152,-1.50971063472036,8.964177898530782,66.8566459633671
24301.253064132434,-0.07357883089862308,2.403196962910027,-9.812954868949927,-0.012050999718521,0.012915593988083505,0.32714846510199086,17.599689621154795,-4.904577712470182,42.41427140015976,52.413055503890895,-1.5096988561853366,9.023002192573951,68.56434366122795
24398.269914976285,0.24189304948267698,2.7920858662872137,-9.794381072248148,0.009502918799879578,0.015110668875957457,0.3017175955721709,18.136108717899695,-4.9871421145998065,41.281630969639636,52.413031455180565,-1.5096924649846204,9.36056431662046,70.2742310684448
24502.913891687826,-0.020093282558224665,2.7177840334028542,-10.209037989336892,-0.00020917070155592049,-0.005032937756138519,0.31491098471725576,16.836584149974968,-5.369395702767413,41.9570477218775,52.41305313023322,-1.5096244978049507,8.84148046955141,71.98618512628764
24599.62884378438,-0.028201072697357582,2.5952028388660464,-9.62623679483194,-0.0035535004607259073,-0.00601468790924666,0.28856232494242756,18.19301229428619,-4.29519813519368,41.85532631248166,52.41303952457666,-1.5096759706663188,8.99068784398032,73.69982808957917
24698.877080585873,0.06209359382980019,2.634211129804061,-9.71649009470483,-0.0033685229090478956,0.012095938829158525,0.29727183378776717,18.032029336055135,-5.404882469846884,42.29580231622175,52.413041694112415,-1.5096550154046047,9.018603481887313,75.41497684010812
24805.70164738748,0.11809487649165491,2.4922626281029534,-9.533176359411296,-0.0011198481625562153,0.0013110443063136046,0.3020035503042552,18.1258297693327,-5.063409243149679,42.16369915646194,52.413052337841656,-1.5096289044038012,8.822120236163432,77.13145152757181
24896.97670835573,0.16590825799479855,2.8256506666524084,-9.662535153202958,-0.0004410112118099336,0.0039143156066186275,0.30015748778630014,18.88804359701415,-4.935271023356298,41.97414318265843,52.4130292771301,-1.5096071359198024,8.94651215887361,78.84884884534358
24997.260118604398,0.18592966643227676,2.931681041681146,-9.741368204458546,0.00859089767672378,-0.001614000901648428,0.303769354888196,17.66499328760904,-5.397845375727898,41.980090074019145,52.41304807588188,-1.5096157369565595,9.014999340624334,80.56699480247318
25099.463746921152,0.2477234820814111,2.8510748297756976,-9.865306841752991,0.004668980574321738,0.008988421271124846,0.29411842138663935,18.084997097328937,-5.063578173296815,41.545883254876344,52.413054985922145,-1.5095698865211942,9.156510997744947,82.28562804143513
25199.501940645332,0.28828135285649376,2.459786028323789,-9.584271543580677,0.013918672890833464,0.00841034000370451,0.30755053212338895,17.838461187354717,-4.617511462983119,41.70248684324386,52.41303920663839,-1.5095402159826627,9.108844221582466,84.00448489879028
25303.461478327743,0.30303812831569976,2.7764798478825634,-9.717909503453374,0.003849938657121568,0.0024466165382540507,0.3075937747561481,18.139643226531582,-4.330976765927863,41.95940510045453,52.4130327581715,-1.5095556767969727,9.502753807882526,85.72330100920402
25400.405418611466,0.29901523560003485,2.8800487433433237,-10.011834270778179,0.001408628169847673,-0.003831950859838743,0.30964483122925973,18.062784262780056,-4.41664791187476,41.88574421930769,52.41301997307393,-1.5095289651976451,9.339889861248485,87.44182093553707
25502.946805001357,0.23465601240466497,2.7279874841781435,-9.891702403095039,0.003172225166983196,-0.0020369515486103034,0.29712587863480333,18.333518194525087,-5.413849794839484,41.731376955896664,52.413083126738904,-1.5094869070181864,9.034557791342115,89.15977763078325
25603.62398606345,-0.07510451093576856,2.71227418578076,-9.777218938028899,0.008154066212496593,-0.01887023999544074,0.2938733705706924,18.73643413479266,-5.452910460671615,41.30942596969895,52.413059660726304,-1.5095246601673675,8.93376744493567,90.87693002710517
25701.2683185963,0.09120993692533833,2.855732011008834,-9.63366792029741,0.001407465720591707,0.0010196493524096096,0.28438503749101823,17.76190406848093,-5.1651695554752495,41.840229927759715,52.41305656143109,-1.5095170743987694,9.116714349352934,92.59302522448581
25796.612798652306,-0.017035575386643825,2.640980692886636,-9.83942522240478,-0.013262964562999132,0.008318266551174609,0.317826877363736,18.187398951381944,-5.183207770621064,42.361823028479535,52.41304343470247,-1.5094972859791338,8.543166518978133,94.3078476356078
25902.225666453647,-0.17448181178350217,3.0966576673038237,-9.659954328577395,0.010369726316192316,-0.008025282895001299,0.304213634530274,18.042007999658097,-4.371462695360216,41.61339354754692,52.41303213292699,-1.509512750617629,8.818812398173138,96.02105073197572
25997.124960001827,-0.17307081191282941,3.0285353689695365,-9.450453514965321,-0.021925497977202155,-0.0061183613429937455,0.28522181489393283,17.457633232615898,-4.739359084497962,42.149921090447165,52.413025438516215,-1.5094286675748267,9.327032950543671,97.73246047673877
26098.379261136255,0.015523093071823202,2.9538029155821866,-9.502838530492442,0.002585389061988749,-0.0062705017092049295,0.30079811708430565,18.502099815613985,-4.640967334019424,42.49114725411062,52.41303980098444,-1.5094407018757041,8.934738759817538,99.44179556007032
26198.49718659364,0.06124064186125866,2.603320011647554,-10.0920967620709,-0.011327664728443107,-0.005368694342549824,0.2885956483229765,17.96974435409281,-4.557082443744231,42.20624260694448,52.41305061902884,-1.5094740182890665,9.272143165047584,101.1487858237976
26304.47453509261,0.12739106012137152,3.032575639159624,-9.358481816619975,-0.005337795209012114,-0.0020187858490670427,0.3154228730228517,18.369028997297928,-4.667568837486003,42.00660099402515,52.41303557717303,-1.5094072402003162,8.90071330800114,102.85307492606535
26402.003102543582,0.029947417934160142,2.704366288705812,-9.572406265010727,-0.006352067523646461,0.008832904407990252,0.30820520477101426,18.206933379735293,-5.268793251265939,42.351761187874715,52.413031949167284,-1.5094522157010144,9.36968432478363,104.55459891471207
26501.756278029887,-0.02527941340505811,2.587612111513016,-9.599965700311031,0.004728392008306454,0.009383662467308785,0.2812868902990212,18.157843615042445,-5.212495688797853,42.32395252073526,52.41303913837496,-1.5093917145366886,8.893809116486599,106.25305504638601
26596.891607421006,0.11009650234586382,3.0154248551236615,-9.884476449576539,-0.00724517582971214,0.002183170511556969,0.3151257211004357,18.346485352025248,-4.75000726730279,42.54016913125985,52.413021352262184,-1.5093707485258137,9.201821731824111,107.94835003097364
26699.411383237206,0.10716598970552932,2.9103428748985882,-9.922442860263475,0.012657639718089583,0.00041572366236284703,0.3100233211594475,18.583649832809506,-5.483702958013959,42.26307704044673,52.41301123196208,-1.5093569134389375,8.958713733455767,109.64003389152299
26800.24352403078,0.11685636018665782,2.7650115001615703,-9.790345476377992,-0.006410058103216733,0.0004040974533086731,0.2854058825778273,18.761759102032514,-4.5887139157689605,41.46376182819119,52.413002918498606,-1.5093650609143512,9.4889306754395,111.32796420369056
26901.14624974123,-0.20558897458435588,2.4600276282575764,-9.558054077975628,-0.0020253822307017893,-0.006623878278773515,0.2867145538821235,17.837842148844828,-4.703682946574692,41.7608369822213,52.41305151460961,-1.5093529397489085,9.271270199760524,113.01185277126433
27003.152718968748,0.04958600872761697,2.61472662817261,-9.990880954853429,0.004314559460022025,-0.003211548642203162,0.2932109972499786,17.79431972335738,-5.2294680804731035,42.702409569763,52.41303570230716,-1.509334290567062,9.394622402641414,114.6914660933399
27099.37294791545,0.19800110353352313,2.6783921244293607,-9.508254390328366,-0.01026286201860823,-0.007318168044281134,0.28480518171082186,17.358173702782555,-5.2071469878617815,41.38171987282322,52.412987237257866,-1.5093427482095596,9.477788042180611,116.36671519916035
27200.93463720451,0.2051833215560822,2.6926846636360793,-10.033257448000503,0.0029660703577738708,0.005237038843435027,0.31120524105597325,17.175574782771935,-4.647201455429971,42.2786644319919,52.41298531220884,-1.5093198040538744,9.15243372312619,118.03727212323031
27299.122780267047,0.1167908506688113,2.6657335523759507,-9.59133174601402,-0.029059997956888628,0.005216461999857122,0.29103769370371246,18.083217867533822,-4.5379233975958355,41.35804274730751,52.412963522063905,-1.509313237919436,9.044011660638867,119.70289166109887
27400.90563835924,0.27924342181732265,2.8403976195446905,-9.787389294900214,-0.003248071994525225,0.0014732573654317241,0.2878120491359228,17.861088343750424,-4.362434436108231,41.78230750258055,52.41302637689459,-1.5092894521089664,9.110510550268755,121.36344298613
27499.892969751465,0.024704377109097952,2.443094068052653,-9.693702071459583,0.016731713043953496,-0.004782037530840132,0.2933702118402921,17.813262773077525,-5.03425767846319,41.52516434035147,52.41300651993868,-1.5092369870935103,9.050203150736774,123.01865177255127
27595.676030252074,-0.032042754210357904,2.7873531935641105,-9.911194289834768,0.0011415045273430989,-0.020083189191613608,0.2744430863576725,18.070937292192692,-5.203064644316019,42.04687325876132,52.41302797599021,-1.5092318045762085,9.38993364282654,124.66875559059127
27697.22180173494,0.40308376109624133,2.605713834351826,-9.902002613678357,-0.002723247834357131,0.00042789585174537163,0.2825093832022664,17.90592400434175,-5.1947124174964525,42.49302672060957,52.413009282078185,-1.5092620993262098,9.35685841289781,126.3129735399121
27799.213437319282,0.2832554978048314,2.74157914015477,-9.931164265018575,0.006903329274951891,-0.010862736687870425,0.2818347361429203,18.135531711477284,-3.809090892358954,42.21154134481885,52.41298665185069,-1.5092502871724622,9.255508940264075,127.95121159324418
27895.814224292546,-0.19385333294085735,2.756043126280745,-10.003286483669756,0.0020462826173682706,0.003773037825699533,0.2742878405132611,17.807325708814666,-4.426637630236739,41.64774880714019,52.41297986966303,-1.5092327561336039,9.428765706542663,129.58348624074017
27998.946451176856,0.40452826651682844,2.173963325303407,-9.749732324965885,-0.003048973966181008,-0.0023738595819221366,0.2999246260078122,17.704053983803362,-5.565864231665271,42.44702270940346,52.41299934962946,-1.5092398521824464,9.2027945165484,131.20952446570305
28096.243595915108,0.044932762416964936,2.365907233122803,-9.789768980345695,0.0001944805732709052,0.010719050582103769,0.2809391160742832,18.697238383537375,-5.726267312492697,42.07664683890841,52.41293358867772,-1.5092363319255184,9.339644528483042,132.82933538293355
28202.080067249695,0.3388704778804448,2.717030302033414,-9.491020655444716,0.0007858541220900733,-0.0009996143438265085,0.2757664204858629,18.466974964236275,-5.414877449374161,41.50602373568856,52.412981746679804,-1.5091740647504739,9.594233604983966,134.44213210098502
28300.046208479565,0.2585954162585425,2.8096400714193672,-9.615264642536848,0.010992428077550227,-0.017204674180615928,0.2879514910157005,18.158974114495074,-4.656737991230259,42.08690086963332,52.41295270970107,-1.5092066409837679,9.240796774116966,136.04830822272578
28398.59023340528,0.18664027437511763,2.307624056939132,-9.939123682228825,0.006764828504145035,0.004363752849505588,0.29327831015412925,18.169121559359674,-5.017019086029085,42.351525260487215,52.41295525586786,-1.50922514730554,9.486951016636414,137.6476578864644
28503.413111996102,0.08118891217352062,2.576303296105506,-9.690500098961262,-0.01073414035161386,0.011542559309604643,0.2753703376791463,18.31605236581636,-5.142663852027255,42.02554360169238,52.41293741350953,-1.5091867188463428,9.309923207671744,139.23957208182765
28597.826093501637,0.10186404463858233,2.902545238308575,-9.818789412651606,-0.010189106812998125,-0.010632037024893537,0.28246555871235496,17.94218636904811,-4.551302423827746,41.788632671068676,52.41293880478154,-1.5091477942599898,9.438688762864306,140.82459477471537
28702.24557885004,0.23395875560604407,2.571095608586682,-9.743030615004344,0.008633739387378303,-0.007230712136380838,0.27515685636191517,17.23291972708902,-5.09830248047694,41.59893228688087,52.41295831831219,-1.5091694654838315,9.464429789399826,142.40207992138846
28799.05760183377,0.1988654785770299,2.5715808886840428,-10.087413632768918,5.195063891136976e-05,0.003406186454733794,0.2824976066471285,18.342163396553683,-5.273631535348439,42.683758740103194,52.412900977824826,-1.5091290067119965,9.48244799609086,143.9721852632552
28901.054074758347,0.059443563699944434,2.5323970061501146,-9.93773989447638,0.005557076020796708,-0.007824342058655656,0.2708241877297615,17.593999526608997,-4.986144554845758,41.925688871525814,52.412899670157465,-1.5091529925157043,9.29285839466074,145.5346339974862
28996.924336695145,0.31646374996246646,2.587559670235292,-10.049939568248888,0.014807862482376047,0.014643207546307277,0.2691475023256579,18.101521549380475,-4.595578797724407,42.17122921763053,52.412935821193926,-1.5091229836174316,9.420238078130085,147.08978267462646
29098.198574784084,0.11497808622330444,2.417667213872416,-9.530269161459094,0.0012783648634839017,-0.013829989444116213,0.28264587366803606,17.685719786548276,-4.513907741126134,42.26799481892465,52.41290805946145,-1.5091557862954066,9.452782571050678,148.63681487688933
29198.282903950232,0.3278975026100196,2.7559503956237417,-9.582722140514491,-0.012895274803448337,-0.01791114665734334,0.2706025530970718,18.845494581206427,-4.357238987808946,41.91788367812976,52.41287846042857,-1.50912036761798,9.667688461983097,150.17596495455342
29300.873458812886,0.30904838569359777,2.7150889034586765,-9.594147139449356,-0.0051687821376729315,-0.012474847616891157,0.25468121340349037,18.233235695596385,-4.4552688096953155,40.86306081516916,52.4128750456444,-1.5091411543235596,9.437911227341656,151.70691021389985
29406.77504310338,0.20157121008421522,2.5633600072570704,-9.517024075710523,0.000484074439731514,0.00788200145866872,0.2610141050997409,18.858216876397652,-4.615838055540931,42.520406326602426,52.41285113672789,-1.509102606711026,9.459603225085079,153.22940007616626
29502.483889114377,0.25420103446133957,2.572202988222034,-9.850340509487763,0.018087522121363206,0.004402161266977912,0.2655296065840576,17.90381224505516,-3.9245927619723497,41.36954344091892,52.41285144713585,-1.509164367380213,9.054522224991354,154.74390005633734
29602.07497073748,0.32672015677925603,2.529741515224861,-9.867490384489335,-0.002064998985313312,0.008059413663891579,0.24222362518717921,17.36974672084579,-4.8857575003957265,42.62768811784945,52.412874857989415,-1.5091100817493313,9.783392193483378,156.25016927888691
29697.854280298212,0.09140673715648322,2.2886989864531273,-9.79350719323641,0.009267199136463206,-0.01382403440747726,0.2629875992273272,18.05922066022276,-5.720947122266332,42.1233183374077,52.41284150872713,-1.5090400193391207,9.577948451896885,157.74856597435848
29800.37659700744,0.0025823648864178317,2.521200715633609,-9.716908957979848,0.006409602640742163,-0.0003633696101548362,0.2498300880396258,17.56110206256329,-4.093387804807937,42.7531724902066,52.412838810274586,-1.5090733166703867,9.629513438084802,159.2382860485776
29900.088302480144,0.12195625313361785,2.506633791735843,-10.090732264596548,-0.0075046652316405026,-0.007138883572395713,0.2536059943160912,18.06941240987775,-4.735186592676661,41.63621349353436,52.41285087322074,-1.5091105485280625,9.834637269373857,160.71963806509984
29997.494417534483,0.11412835985187474,2.506153194315255,-9.973761305917515,-0.005378794741802503,-0.024153896187427377,0.25486391141640974,18.200602712290568,-4.830600589000455,41.74433637746997,52.41279120315464,-1.5090623249882322,9.515485812703057,162.1927022414967
30101.431562075424,0.2796294896823707,2.583726516666948,-9.746428518684949,0.0031319817633737347,0.027488344589250046,0.2463686914661471,18.26719490900638,-5.690634263186188,42.45299795736115,52.4128283539395,-1.5090770244078595,9.870831863108192,163.65694441398546
30202.764283483633,0.3268265185420163,2.4655004735155837,-9.908997789553332,0.0010668571164916178,0.014788568173370993,0.26159257363546123,17.47411161653253,-5.81696148438337,42.56234192681614,52.41281133281788,-1.509066121526106,9.72471062492579,165.1125149739088
30300.502697922086,0.2957602193028871,2.339230853386788,-9.754081661966675,0.01564810042952043,0.0014978071693426956,0.254027182760279,18.248509293601412,-5.195074933965238,42.77108634338032,52.412806982649336,-1.5090526766705117,9.669660000615066,166.55962650163747
30402.695326392757,0.2609061713753892,2.6282135188903744,-9.993418450080771,0.0007108794103561704,-0.008869641339235054,0.2361420241374445,17.739654864871,-6.3962622395879585,42.03217108442975,52.41281356095938,-1.5090750568106128,9.994665253214098,167.99804815771506
30503.46034902975,0.2859756549548595,2.2993063052804876,-9.94543539521586,-0.008113364707572549,-0.0014126211952352526,0.255993539017443,18.515048015325203,-4.609449667816596,41.21620454833847,52.412804816531974,-1.5090651634998553,9.812043550398473,169.4278022559365
30598.49984008454,0.4226134722331352,2.665375506607256,-9.97766960925626,0.0059772187007137035,-0.0020467058262853785,0.267266081408795,16.87801065464876,-5.112448146233323,42.11246386718797,52.41277747635929,-1.5090343122327705,10.114356850441204,170.84926145640202
30705.389534805625,0.20298919102374471,2.167773237762467,-9.688497398782616,-0.004759669624613755,0.007572046344602915,0.25344221478463186,16.634174841381896,-4.802076440089688,41.78255742708517,52.41281821431905,-1.5090600683459239,9.944912618894778,172.26173865166766
30798.976900021797,0.4135469271391691,2.6415856435187526,-10.042736283443972,0.005372739061496248,-0.008856788446152295,0.255668113954693,18.3822921299312,-5.484242776018088,41.24399247609409,52.41278663861003,-1.5090121978783235,10.131906006508563,173.66613381225136
30899.169255425546,0.15565758424610313,2.3663807499527567,-9.641020306750749,0.0011484970877261192,-0.013791861079400787,0.24548863339253565,18.67064123114146,-5.072973155212975,41.48458640045023,52.41277382152319,-1.509035839871205,10.021730322270377,175.06188119338026
30999.14904042822,0.3194593771930845,2.1810816983691734,-9.946381926111302,-0.0056543572787287845,-0.007161887753210408,0.23862818024272586,18.441748277196744,-5.360163295869697,41.81622628863229,52.412743624998676,-1.5090557691620325,10.028588216612189,176.44909355960658
31098.454932695608,0.21475165663688914,2.6091580468176323,-9.72672882787999,-0.00667306867711239,-0.0018788148802987084,0.23508370915521756,17.823757926294547,-4.990610424341665,41.57746385235722,52.41270644716551,-1.5090607466059311,10.082105644776666,177.82790622539005
31196.856113394268,0.03376091385287949,2.572031241959154,-10.200474817666828,-0.001250231853596141,0.009425581614171117,0.26058690293711134,17.864848322976755,-5.139085014938053,42.37508034149316,52.41271394633545,-1.5090670004298563,9.972471529812651,179.19847978083817
31303.532229810804,0.25083080384268003,2.291025758801358,-9.858355415431115,-0.004452966773678287,0.0004939764350437187,0.24252792438434828,18.05403164113732,-4.694222469307184,41.34197064878999,52.41274398141638,-1.5090656042360235,9.752176524165513,180.56026410243805
31404.107772610936,0.3589596057045261,2.307404230301087,-9.946778939026014,-0.005713171222867545,0.015158114149429134,0.21723109836193735,17.858876647606685,-5.440531342363532,41.942719338043005,52.41269628688312,-1.5090639819708738,10.105887307634127,181.9136206024907
31500.790668711048,0.29657025277209903,2.2795770709140544,-9.751241286996843,0.0014236444113355348,-0.02001231574220124,0.24054292203706648,17.43176976289517,-4.896662419712818,41.92114001955852,52.412702831972226,-1.5090568435110212,9.8198023011815,183.25897459909356
31597.974876768807,0.13290611298758642,2.330187795616952,-9.756951168912101,-0.004339825090634206,-0.004490514030490711,0.2411356176925479,18.36310384610842,-5.025778418966313,41.909119087543054,52.412674279309876,-1.509073023198403,9.90243396012295,184.59624375842395
31698.977242793913,0.5889543539536752,2.254958490705379,-9.901700185108481,0.009066670767412955,0.002131027964991396,0.23982321096945206,18.65833186153347,-5.018300442936799,42.48232265939673,52.412679055407345,-1.5090639389405782,9.9316582041463,185.92552766336053
31799.19305681031,0.14908927393565924,2.340885264904617,-10.062668559876984,-0.023247112563890966,0.0012752354439201081,0.21915170158211167,18.081417372962505,-4.680579002887327,41.95374088951343,52.41270889223719,-1.5090469374892694,10.026664778843756,187.24670963264361
31900.39589521523,0.2729958655600454,2.2240074439126785,-9.868688135082158,-0.008456503567445981,0.009559089680735789,0.22746205370256523,17.320683889328958,-5.266280349731824,41.46528937870553,52.41265174872421,-1.5090482054340348,10.059233936060533,188.56000277037344
32000.32313380306,0.5010863003640947,2.2503119899287363,-9.999982103308573,0.00281060110223091,-0.0001862843341793587,0.23668326312993057,17.375745874283357,-5.4799510184032245,41.96609383489316,52.412665413894075,-1.5090622593695187,10.00488401818262,189.86565252910282
32099.464076256565,0.3695565616550036,2.3367062239134992,-9.844917569208464,0.007807541667838134,-0.01615445285625538,0.22956468157686746,17.70271083730661,-4.709301908527127,42.19168432003299,52.412652619320504,-1.5090903214102012,9.76049283459405,191.16371695099645
32194.807913007375,0.3712856847411177,2.225255255136334,-9.79028899145809,0.001594272111485767,-0.0021087868933139355,0.22870809547175167,17.413323605649957,-4.873843413745714,42.86976206826341,52.412639776245754,-1.509067990962115,10.089785411882396,192.4545431837696
32299.795239428175,-0.037754986730348994,2.3401751751585804,-10.038921021887102,0.0006238940845941531,-0.0031228204874392297,0.21130286550832914,18.23613781207097,-5.263658960135672,42.46082631966822,52.412642414920086,-1.5090705808662686,10.49394504123086,193.73759265757712
32403.483414893286,0.1920725532116008,2.287270398506341,-9.877240231744079,0.0029628282498065494,0.010129770862061169,0.21098418099384292,18.0111170289632,-5.519852061168697,42.33022521905291,52.41259950474413,-1.5090680115668758,10.103753507635293,195.01316922005356
32501.19109946344,0.22599887637064736,2.2177624523458337,-9.396434579844444,0.004824500490565939,-0.017456740983159986,0.2101550783136104,18.490256150079034,-5.140035011236099,41.95094717634343,52.41259830689198,-1.509085525235622,10.232715017162572,196.2818148519534
32595.815257506056,0.15323252341747684,2.2552218662897405,-9.946147554699568,-0.005802549526878209,0.0010352433440504046,0.22344201100375677,18.257960569940263,-5.284393578412857,43.56107617635433,52.41260633447381,-1.5090452432562098,10.249506924893462,197.5437046052748
32698.684976954475,0.01532715802084303,2.2716740514392018,-9.931221126810744,0.004279735189142403,-0.0002764687493780094,0.21149344451712457,17.937117395205405,-4.094198460508819,41.342109010859176,52.41261785250555,-1.509118172929536,10.55911576579267,198.79866835364624
32796.755408812794,0.048057443442277276,2.1867973141820203,-9.746772896474557,0.010346632596158279,0.011269938034079757,0.19349669156198285,17.40522659769468,-4.560883471584864,41.90875201075745,52.41258893625797,-1.5090604541607082,10.032400736732976,200.04706787490682
32896.56855318695,0.30527201575070845,2.1670467228174917,-10.09396870138187,0.0012766690808847386,0.0003397118689662184,0.21027287230067734,17.450343447482133,-5.207830331531272,42.06144802306921,52.412570999067206,-1.5091079538127936,10.145321326310397,201.28902403479879
33001.415160486984,0.34305762577218435,2.3392892112666224,-9.982148122840009,0.007685953030241736,-0.004377330497764339,0.19584030306612252,17.94124926935529,-5.077141485228545,42.111024929888906,52.41256892355438,-1.5090793756011902,10.376758368108995,202.52419972834787
33098.84383737407,0.2245051211341631,2.4077194531729456,-9.557937465790213,0.007793938976913686,-0.0019076279402196008,0.2159788359681917,18.016752675384517,-5.021111447469146,42.211660461770904,52.41255603499599,-1.509137760329729,10.414291404246034,203.75339322302375
33200.434619407664,0.23650785723673012,2.2402180689673754,-9.653011888544478,-0.008210235704506085,-0.005171520084715953,0.21457660619027066,18.192232299259704,-5.893128608422182,41.497202861393866,52.412548445786804,-1.5090796214074806,10.039134317255138,204.97658696796293
33295.7905391943,0.17630312825879466,2.318626289459034,-9.651754219623387,-0.0005378720643220489,-0.018282367735856595,0.22341318725446066,17.682905412132836,-4.196311639153222,42.29126665026,52.412505378531016,-1.509117881208594,10.16824953549466,206.1943078179861
33400.2161372683,0.3130217804699914,2.41701381986185,-10.02233708879365,-0.011932226282789648,-0.03059891883249267,0.20795340642619523,17.77215362151984,-4.305906592823669,42.51458743661068,52.41252387442501,-1.5091070855493876,10.51409286879808,207.406133170683
33502.062344278966,0.16321091887354575,2.198924957759387,-10.09462258771828,-0.010900409691724679,0.0013880726824115179,0.20913114032886984,17.73966525585393,-5.784705017567377,42.62679172260986,52.41253838106532,-1.5091215390729946,10.267652609207486,208.61255801512357
33602.07027759632,0.2409765318677494,2.031090552614876,-10.017285408652292,-0.007896395525633577,-0.0008668826891796976,0.21202775273104552,17.724050907249904,-4.819292443421555,42.818011259734185,52.412534188097894,-1.5091401218741045,10.191887806962244,209.8137463082719
33696.4124645338,0.3056080562283846,1.9603845470201735,-9.92152818773185,-0.005679785431886229,0.0031650219725767596,0.19845574860885767,17.69466858171912,-4.2733680153561675,41.945759073583126,52.4125234027245,-1.5091405936841116,10.538246150932492,211.0101888193526
33795.106361817576,0.06791969544046843,2.417852218614625,-10.105560949070755,-0.005509742072485034,0.007668221471646386,0.2113347720499441,17.467323193229827,-5.036238588656023,41.70044043540102,52.4125022015931,-1.5091675512003404,10.024521691947877,212.2018858157918
33902.58155680324,0.2282530701157254,2.1676219951203004,-9.539494623690938,0.011388122382291097,0.009570761441202143,0.21182020081410002,18.718880760908736,-4.677548235395907,42.369235464999775,52.412494704890555,-1.509190503421166,10.524724196663131,213.38880423125886
34003.11307965419,0.24044004106435943,2.2254739003703645,-10.004250346757384,0.014539749872380332,0.0024963472539159897,0.19783012296618185,17.78445625536711,-5.266636925974591,41.88351657751669,52.412473487563965,-1.5091773905767376,10.343043512454887,214.57145630630134
34099.56266196358,0.15239446315975513,2.356552620589394,-9.901581066826768,-0.0025913608844108744,-0.003463376440792832,0.2113579984303435,17.725673758159786,-4.703560672492788,43.078709355225214,52.41251914079782,-1.5091693230953693,10.486084646865606,215.75008596654345
34202.10574483525,0.27118258321739913,2.186286576393013,-9.900984247413373,0.007291912386562859,0.017935932462540053,0.21741108943429638,18.042662646165272,-5.894406758673667,42.35311068425661,52.41249102072753,-1.5092086856420557,10.364586172280719,216.9247630282356
34304.89670552125,0.04515747376484777,2.0290989213601556,-10.157529218482503,0.015457488330454579,-0.0052652478103462266,0.208035186254124,19.060655378104297,-5.292970869177687,41.818729238634354,52.412477777462044,-1.5092404660654941,10.351478700936244,218.09573287923797
34401.64293140436,0.26070075700393824,1.9397766568333084,-9.776215926082864,0.004256983039189541,-0.02232506504168872,0.20365105790944393,17.549536728162256,-4.875583123369907,41.55478477436102,52.41244715338455,-1.5092240287514036,10.525609626508373,219.2634012158171
34501.95662198408,0.12870236742611713,2.226926775954717,-9.790798137298882,-0.001446851585242488,-0.007339125082025828,0.1908717834875943,17.255785334691545,-4.240509798156569,42.533602208219605,52.41246314320668,-1.5092410643695144,10.638941561212597,220.42789059417464
34601.34141484084,-0.04335868708810059,1.9840698522113893,-9.919974906190154,0.006509254063531496,-0.001633133127295905,0.19889743706949561,18.030114377262915,-5.1420064725237,42.00965238437387,52.412462781235696,-1.5092386369674646,10.319089437797068,221.58943377452147
34702.687655020614,0.21449141143542189,2.195095653703854,-9.856442281490398,0.004704084878883649,-0.022834844365306358,0.19560281294136733,19.02562541210854,-4.929018671354568,43.16884262006114,52.41241130047001,-1.5092392217050998,10.76895547055008,222.74830938033165
34800.61338818171,0.2513795220915458,2.0265001076137374,-9.866950617965275,0.009323765390570445,-0.0036862964321269847,0.2028469617125482,17.57306716459032,-5.623297722392666,41.502700295591325,52.41242372524816,-1.5092435212100814,10.452410813701581,223.90479371457627
34898.81858439072,0.18172060556236141,2.046925115465445,-9.531286691065073,-0.007610558206341476,0.023962612183983618,0.20234303075128476,18.294236141085563,-4.523617219609496,42.74967017056071,52.41240707740352,-1.5092449547363973,10.301722298677296,225.05908031772447
34998.42476952675,0.0399969877949134,2.050841828036766,-9.938033635727779,-0.004497341691028128,0.009864320177331635,0.2075902096059153,18.47812230861254,-5.818242787964844,41.68899208484365,52.41242283536149,-1.5092878382370616,10.440475733129876,226.21150149025857
35097.06089325627,0.13683172176760858,1.8840174288242288,-9.501389077171105,-0.01763046419143478,-0.01870647742171882,0.22167821112454192,17.931972101894058,-4.761708119552551,41.75220301577996,52.41236578391797,-1.5092731645819302,10.657146717463512,227.36220991062464
35204.67262920373,-0.08243549619431803,2.439157908266555,-9.715279955687668,0.018029465445010186,0.008620403402377576,0.21473335483385084,18.476409971299464,-4.788387055127954,41.27589410434098,52.4123944182525,-1.5092928381409592,10.605352415500642,228.51137790477026
35300.38305812652,0.00835082910593865,1.9927921008977278,-9.67430485700261,-0.0013776008154752345,-0.005323213294216026,0.1969917789389711,18.535515254357986,-5.017714688782725,41.21544553136009,52.41242265857277,-1.5092830303380813,10.488931864595424,229.65944928416388
35395.651440661495,-0.2524989525049103,2.254017466166659,-9.72628276302346,-0.010662025224511025,0.012239910827162966,0.21724979784850307,17.229239849633224,-5.09244383685662,41.74707961165492,52.412366110319205,-1.5092867675246375,10.517540478264118,230.80661400408349
35503.44352709561,-0.019290699572720144,2.2326728130337656,-10.033106915066114,-0.005642101069588152,-0.0012315934238046878,0.21412495031274692,17.596417386992027,-4.37717463962762,41.733494756188016,52.412409532892404,-1.5093359181188635,10.786630052960238,231.95307258205594
35605.11965011659,0.10857505815637555,1.8944286510202692,-9.952830590712956,0.015110050525497661,0.02006028616431865,0.20489453688033532,18.39187948859437,-4.747323158990646,41.627619223748205,52.41238907653377,-1.50937079216156,10.699269796486481,233.09912857707582
35696.314629075496,0.22104516136664565,2.1109831508416352,-9.312414072687638,-0.007614960457050505,-0.0019831844596841955,0.2113038624663064,17.88546941283566,-5.761915818160417,42.3201058271462,52.41235624217077,-1.5093587554168075,10.744281322890435,234.24504561281924
35799.43231847631,0.04328203263608037,2.262016881676331,-9.964097102402347,-0.01030057527084745,0.022053280493403476,0.18026237215385407,18.033630589165416,-4.987251783498238,42.42447840908973,52.412338588228096,-1.509375051030448,10.774478933844506,235.39107055683075
35900.58069766411,0.16662942970201916,2.133757276098132,-9.639865486788594,0.021174988257424105,0.013945370432626454,0.19043502877992566,18.06958572097194,-4.5906811753846055,42.32936601620344,52.41238110843491,-1.5093787903489868,10.711858876968751,236.5374592546517
35999.6007822411,-0.048446066046878955,2.276961295761531,-9.438179342846885,-0.007204981289003132,-0.01416777846438387,0.1811126613300962,17.925708780259008,-5.0524526034866755,42.10733911445027,52.41237248365619,-1.5093914845956014,10.702956150581187,237.68446896902924
36097.884767440126,0.3709636093888954,2.371937438541818,-9.849872590539764,-0.009271972214142686,-8.94902232296325e-05,0.2026868211875875,18.359005641904638,-4.641594435076684,42.359906287967156,52.412335978830484,-1.50938005703121,11.019840386030282,238.8323466673736
36198.10130475677,0.2770849045202828,2.3142820144818357,-10.014891033613765,0.011202304194500802,-0.016979566649287365,0.19667888964779828,18.037332730998617,-5.5007631660557825,41.20159663877775,52.41234658039544,-1.5094191733535807,10.928155329838365,239.98135666404835
36299.82704514799,0.0004849863638961144,2.332649182683022,-9.759635038956224,0.00047005477512261114,-0.015219702327809548,0.17134643845326128,16.582841708913612,-5.216036798285395,42.18047908034981,52.41235617248376,-1.5094684531005507,11.064518619223332,241.13176398527014
36401.49611628176,0.3376680651116408,2.472050875844415,-9.827165777251306,-0.006456780410687736,0.008296028123582919,0.21136061633058698,17.86861545914985,-5.227805745090099,41.07193356080371,52.41233446205338,-1.5094740693912556,10.712475663582385,242.28385098701972
36498.28762492422,0.1263841651578882,2.1827854481641666,-9.864225046395175,-0.004844041814123948,0.016024953410296958,0.20427678027519305,18.586310723999368,-4.954308762484263,41.5647232914598,52.41232513095179,-1.5094499040275347,10.78345714080791,243.43780804889548
36599.66356020407,0.1663898104065596,2.15744049286285,-9.799655666878547,-0.00249787538051792,0.00793399309286949,0.2047178132567014,18.20860805744505,-4.83350833116623,41.993822710430386,52.412341252502806,-1.5094735527669396,10.619638998312267,244.593931281633
36699.97512640821,0.0899563483911619,2.283210512499582,-10.019290561641816,-0.010847938437770406,-0.004597881882977337,0.215785102027441,17.37432813449366,-4.678164018446375,42.833414785686045,52.41235067534157,-1.5094923366315116,11.011400233776776,245.75244838915933
36797.92669621166,0.1496478910846691,2.6547881419306827,-9.966706875852818,0.008744205135052599,0.006392397642418632,0.210328514515113,18.17894921287387,-4.389756760489546,41.48223904607142,52.41232818584928,-1.5095084787917024,10.885947086281414,246.91358988785896
36897.19259279337,0.0034112346297884913,2.141466463354239,-9.714060269630751,0.01526442563381992,-0.005333052519570277,0.20364487245688376,18.041630633728914,-4.693625101931934,42.147593610260074,52.41231780715186,-1.509547500940364,10.855863294543473,248.07759014137093
36999.92335254147,-0.09381553679761886,2.095097157504234,-9.751918871048975,0.00936409213693057,-0.005900341356597647,0.19957476172408842,18.667139918178545,-5.525982222288153,42.322519888863795,52.412303068216424,-1.5095672638689452,10.786684741179945,249.24470257060295
37098.527689204646,0.056771250697092615,2.193371597309757,-9.834564836843379,-0.00945682186142015,0.008126598836358771,0.21825370073527542,17.522031933722243,-5.67028740737099,41.672228575538185,52.41228258725408,-1.5095419826519514,10.831190745524822,250.41521199280294
37201.76986124265,0.06462343475955555,2.193760094405492,-9.804180143669063,0.003505006001646816,0.002433221773368666,0.21310198505503242,18.343284404020444,-4.440232350075635,41.646896801957176,52.41235864628858,-1.5096019905772102,10.988499799759126,251.58934924826326
37296.06066484055,-0.04049281301241734,2.2479072658168398,-9.764028937144728,-0.004393521438319637,0.00042376631382861653,0.2035882391826568,18.217405485297327,-4.427129289722847,41.9142080635447,52.41236047432749,-1.5096257994706552,10.86741929027604,252.76720995878543
37398.03436723761,0.26195945663766157,2.2454411767524176,-9.649152488230202,0.010813944954778474,0.006816027071273399,0.19743149613279926,17.949248769274785,-5.065481807818965,42.02101591783616,52.412303532403236,-1.5096134566373394,10.926136874552117,253.9491825275694
37500.508931147735,0.05565594894610711,2.251658256185931,-10.10872988281062,0.0035679295490146797,-0.0044708719018216716,0.20673773926865321,18.30613681555803,-5.723538828431157,40.72560490216356,52.41227687679457,-1.5096457455136079,11.428872824315548,255.13559681479842
37597.49774896016,0.23673873475095214,2.2271705114951335,-9.676381717281213,0.006316809062421399,-0.00884819259157472,0.2006261980046154,17.63405470798365,-4.534922778879861,41.80140854163473,52.41227656945984,-1.509661105048464,10.562512324883151,256.326360346661
37699.60873876645,0.40024230276602346,2.4026817097673265,-9.75060326701855,0.007379282941400678,-0.0012323180581869217,0.19664752529586838,17.475780661422373,-5.236760105619831,41.18204141120245,52.412311699575945,-1.5096729741892407,11.07124274450455,257.52193966310347
37799.15371143731,0.018054141741346865,2.538400751746718,-9.802719718106566,-0.0003185728045511622,0.0062112458130976714,0.2075193162260646,17.702878037659683,-4.767155641974582,42.079247597205224,52.41229641214015,-1.5096589998079388,10.688512987989347,258.7223048517824
37903.526193813195,-0.07517914475714002,2.1497886259638825,-9.898540619741285,0.006196759935240717,0.006818070512479769,0.1894315964065301,17.978115446003354,-5.545140940857862,41.619171848185516,52.412261918079665,-1.5096584082113316,11.058109074185108,259.9280967630175
38001.04361253402,0.002060129442704782,2.1712771063161034,-9.933882613185503,0.002410774322051268,-0.007147016222662342,0.2142142296599669,18.234770030899984,-5.519455308410572,42.35642874273977,52.41229313101202,-1.5097015226451582,10.630309349419967,261.13925808146837
38102.617243266664,-0.02850449462471087,2.132869268549259,-9.80871931804786,0.01782997627384202,-0.0017190025582848115,0.20640796483876686,18.196821254874322,-5.8199592416331,42.91597934670843,52.412288702914715,-1.509723818643239,10.852907373401566,262.355854502121
38199.19990526884,-0.097415769181771,2.166032274041486,-10.132878090347196,-0.0021700075255759814,-0.012929645876767853,0.21067613346707506,17.44019967932461,-5.1033185153045295,42.07828544185208,52.41229183984511,-1.5097595513182216,10.91544348657847,263.5781843951188
38301.53458529724,-0.0604076666414375,2.3702047474622554,-10.08081918866586,-0.007718374970790346,-0.012725653775429415,0.22357911692583352,18.90643184061955,-4.3971787668176665,41.74608636113324,52.41229448000925,-1.5097490458441136,10.91002575048257,264.8064926282399
38399.97013867606,0.22857664565386482,2.291058166850027,-9.805117559015752,-0.004812273459919027,-0.005844549611944877,0.2141112531061307,18.006121589936935,-4.989585018050238,42.77619871130708,52.41228830128462,-1.509755275066812,10.875785832752273,266.0408483636445
38498.623507516095,0.14395923789428763,2.3258965264136604,-9.86878665001222,0.02371010193506555,0.003558870040887384,0.2032227822678791,18.74005711106026,-4.284379170068624,41.95874470367505,52.412312279532905,-1.509764704258442,10.880101602234381,267.2814290057994
38601.79259434024,0.20445612070587307,2.3969767343409516,-9.776139625210714,-0.011982859403732605,-0.0001810364929552645,0.21605621683425558,17.51432389029437,-4.995952219297099,42.009764173485685,52.412273810485225,-1.5098038245846794,11.17748391225643,268.5286849822121
38698.0586402681,0.08437855498757328,2.3362285796418916,-9.763371041408025,-0.005232591100683233,-0.012842048693205899,0.2275741040819132,17.769032066319625,-5.289645453194075,41.37748978221799,52.412261404501145,-1.50980618687125,11.284720921965395,269.78236808876704
38802.420118847025,0.031048560299649485,2.1243557502304875,-9.667568527634902,0.018825915295502604,-0.010550937449106781,0.22168723293587758,16.87043624791878,-4.980728439469697,42.41184455316256,52.412342901219894,-1.5098374630273454,10.949923558545246,271.0430050402499
38903.444231600595,-0.05061603639949755,2.566930858571734,-10.2906036959081,0.018443763063397733,0.0029731035249222436,0.19549261945601654,17.56496496948627,-5.324387011636175,42.47195402883635,52.412302416905305,-1.5098286390016076,10.970305393966429,272.31071701064843
38999.230972546764,-0.36470527960062094,2.1740351354503114,-9.62246371850744,0.0015349102898723139,-0.014252194370977682,0.21893530381567086,18.003571113269498,-5.134822812413634,42.1441402564489,52.41231822031118,-1.5098861698451027,10.930764958863406,273.5851803405235
39096.53045581072,-0.1255949262402966,2.769681319342145,-10.062299513696265,0.0030124129451360414,0.005530629989911302,0.23566449649353952,18.796163121808203,-5.017262041007597,40.25430665835451,52.41228611351051,-1.509858302054938,10.836658620776962,274.86703754002065
39199.46799119258,0.011931353056502988,2.458226189851177,-9.75391677820431,0.0037447054361767506,-0.0017946263784969704,0.2202743049668011,18.441859761606903,-5.625852651855572,42.925822930080436,52.41226441824856,-1.509914695766944,10.911475780111147,276.156297184963
39296.71100516994,0.03448833604641997,2.4069630318363586,-9.728087996199989,-0.007186802355143355,0.0028048465876955183,0.2275553072910012,17.92353420603627,-5.1605263738392875,41.953171404523935,52.41232130740877,-1.5099229764408848,10.912621595852158,277.4527364372889
39399.09518180242,0.13422372368650448,2.589797999679041,-9.637318129721175,0.008202058935859447,0.00941433433495796,0.21883994608820198,18.30630051652214,-4.756799376154341,41.98258687894668,52.412294924807746,-1.5099334097352017,11.044456095451094,278.7570560377724
39501.041957223424,0.04695408527073565,2.696496492052166,-9.822794323143409,0.008291198139323861,-0.016927775013710244,0.23387271093763942,17.496853533336267,-5.354794959454898,42.50620016421173,52.41229343022819,-1.5099261309321894,10.901364224552756,280.0692081895238
39598.613872064336,-0.04747898206390942,2.412068902481937,-9.48737216557213,-0.009210286417092626,-0.0033942643579651438,0.2404145761694328,18.546740581998694,-4.793349165417544,42.03805840082042,52.41229636827138,-1.50999300796299,10.5983230240761,281.38899844990465
39701.2285839979,-0.1755738143562135,2.4647269477391758,-9.356645332323874,0.009127427131211365,-0.007534529880959163,0.23066230731937948,18.012609208458887,-5.754441443282653,42.610006031233475,52.412266732131094,-1.5099538200674258,11.070190598952612,282.7171077397106
39803.62991191937,0.01865990929266895,2.634726747907431,-9.934861868922637,0.010371538874142229,0.0006132865878315663,0.24061972672744394,18.126280970096442,-4.723596848974884,42.456041296822136,52.412314022046054,-1.509969042054449,10.957130203793495,284.0533756149307
39903.200734958526,5.178068005806561,2.6607560187074464,-10.086308011398625,-0.010503931012986856,0.0049065396568137385,0.21612672931417373,17.53000177255675,-4.4735355491106565,41.548443739324505,52.41228055156466,-1.5100240333608537,10.853927261710986,285.39775073690225
40004.81007546539,4.825612673617927,-0.026712460823203076,-9.921408163069206,0.009823963387456088,-0.013352680811897758,0.002629999250353703,17.97192381448268,-5.495390909085209,42.321598800337014,52.412312595453876,-1.5100416349198935,12.013858661081203,285.3733321010278
40098.82193124634,-0.4295739114930255,-0.1929072978994467,-9.664815362293373,0.015468308328441947,-0.0015865477869081838,0.015843803061641123,19.016441404379954,-5.206824723743309,43.2013439710921,52.41230861154896,-1.5100481520523819,12.112952301073891,285.38514396136884
40202.18246601753,-0.4759866391921933,0.14540331339489726,-9.364695991203348,-0.0010328690171784577,0.004856723118667943,0.012099430866733804,18.5169227111765,-4.450839753929893,40.92617982721516,52.41231906092394,-1.5100614454593397,11.770378491629192,285.4072953120467
40300.15617528601,-0.30423420067273715,0.15882650717504093,-9.79889461145393,-0.012834842261623812,-0.002316348127353741,0.011446054787150665,18.987052000700277,-5.154236960127604,42.23050136145207,52.412305737398455,-1.5101395579783272,11.94301081206258,285.38979295805393
40397.197469931234,-0.7004906969200682,0.23390776879148523,-10.040306286616312,-0.0018655236254597704,-0.018681729133800458,0.020482884716271712,17.1513194097176,-4.40241783935747,42.54444125939955,52.412297805108096,-1.5100897541491993,12.13855293374504,285.400847077796
40499.10234248497,-0.39783630188477764,0.11580413148243518,-9.790032026961498,0.0030918544436531106,0.023778077314993082,0.01015834663053004,18.338792867635828,-4.433301873714706,41.772631340442864,52.41235205748086,-1.5101092137257497,11.70633203965397,285.3763431045695
40599.27596453076,-0.05044690006403135,-0.09086792405045616,-9.796869309042835,0.025278108295279537,0.011867728060700891,-0.00041680043766305916,18.170942626826793,-5.300602841469496,42.594318127763096,52.412329456503606,-1.5101070426986685,11.737492634856203,285.36693585397074
40697.58443087075,-0.41865804926758493,-0.3375867034762284,-9.967823986808725,-0.015269450464211328,0.00047982769570409313,0.010520101523832323,18.272966686794444,-5.903210437380839,41.977092292928226,52.41232713143015,-1.5101717935845196,11.56179295933638,285.3732236794531
40800.74075799427,-0.7440729947132876,-0.014263866635459574,-9.9993408278655,-0.010489932908238984,0.001106304566262307,-0.004176764774437395,17.82854506648827,-4.666632570042087,42.77147828676491,52.41237099985245,-1.510175223409278,11.602028906225817,285.395141606547
40900.44935538642,-0.4310803909529559,-0.17648074954948517,-10.073513539227115,-0.007200643931275899,0.00897736600117235,-0.0067916789955166455,17.960405223861624,-4.691364106736248,42.81195526503519,52.41232955423472,-1.5101599103203724,11.540988878544832,285.37625571500234
41005.14741956193,-0.3982691601520311,0.023405025468587456,-9.829299865764165,-0.011052624232023444,0.009767403356233023,-0.019836038180529637,18.3150666525925,-4.3493726815664475,42.37924320345269,52.41235671734922,-1.5101818992016331,11.765377545182835,285.373164342044
41099.38480484026,-0.12125839423584311,0.037830667911043614,-9.654657313906913,0.007518791288976839,-0.021201213006913754,0.0018290052807332594,18.078697516700792,-5.358517546424439,43.25706711455371,52.41232170527411,-1.5101490440229473,10.949786856932402,285.3861143554508
41201.63903034386,-0.5659497472128493,-0.13432083236882797,-9.851231987718064,0.013148773790796216,-0.008337068579883911,-0.00670604376443081,17.845382519311794,-5.024594323125218,41.78333919201061,52.41233105920492,-1.5102306990631003,11.731945009297496,285.4082086618257
41300.618713499505,-0.7111035019719685,0.44004551959309685,-9.871563220525614,-0.005398425461851502,0.016627284703368512,0.015755350177086423,18.333385718766674,-4.946423279339043,42.32825746848811,52.412351201815326,-1.5102201837446334,11.355896091350434,285.4484179229023
41399.449784843055,-0.4177353667561595,0.01088060373949074,-10.113175153588399,0.009086045437317348,0.012036881303276578,0.005735845508312486,18.96508455424917,-5.133800649025499,42.0712984423089,52.41231060899826,-1.5102548567484306,11.10276276106491,285.44373432608563
41498.88342264173,-0.4437767913193994,0.12784856978936895,-9.478726656141749,-0.006198885526996001,-0.004267018585092056,0.006939924108651053,17.679595014862354,-5.2961267710729745,42.23248812229253,52.41236428402348,-1.5102590977042594,11.286150612254977,285.4990746342969
41597.71819677377,-0.4892525473096687,0.10972905135660219,-10.127370015573991,0.006301593056549703,-0.010430699771975227,-0.0035838149357550193,18.38653116009255,-4.973144239142214,42.58205697586829,52.41235729490233,-1.510278010214904,11.270643440387742,285.4763361005653
41697.51320407194,-0.6157450335096146,-0.024677988813300716,-9.742788861511963,0.009457493706875028,0.0008692658370919515,-0.0007133610246469486,17.804417005510572,-5.065063663254039,41.75946887757908,52.412367430915666,-1.5103192800844674,11.399776584340104,285.5007467586952
41801.7436917314,-0.4611712996757399,-0.19691248007607892,-9.938527577924217,0.007524588637919887,0.007958779413329942,0.01029824804890863,17.655662500144764,-5.013154389002255,41.4466261383008,52.412354002974105,-1.5103501669729646,11.178180422961136,285.5468530267956
41902.018325509096,-0.22575737698604859,0.17040261779813037,-9.88619856085539,-0.007532066799391953,0.0033453790066123347,0.02264033771840447,17.42900659860738,-4.1892009222517235,41.841179118886124,52.412340875551166,-1.5103252373258509,10.963529916523258,285.60030469957314
41997.495723877844,-0.858985079516387,-0.2127330951463405,-9.757097869911881,0.011811298242942275,0.009514437699077423,0.010692127569525877,18.288895294248807,-4.4696411447464754,42.069258800511996,52.41237857875417,-1.5103606891125092,11.316284205280281,285.5973756957926
42099.68102918157,-0.7185560975558907,0.02859341887990275,-10.419146847777396,0.0045621322253067325,-0.011444496403950058,-0.0049977870930546404,18.387042554091867,-4.252300320286891,42.42730433081332,52.41237837732046,-1.5103642651967595,11.19746417168125,285.56738101669464
42198.130096457746,-0.7955962074857665,-0.13979435428006415,-9.609647222512814,0.0022982346514493295,0.010474629878366894,-0.020885444855665104,17.485468675123858,-5.992373669811859,42.02845951101039,52.41238324042614,-1.510388079821024,11.176656389365174,285.52389232652195
42301.71477181478,-0.7477610501496575,-0.17253438398496304,-10.235787339123304,0.007344195371416794,-0.012690434145267646,-0.0056880282266724164,18.65121277889623,-5.122591774914211,42.592978090700974,52.4123862624184,-1.5103831677306507,10.71201358709371,285.5117924223331
42401.09386700171,-0.5109363791258856,-0.25815828746004965,-9.940504350127203,0.0013410933881748148,-0.002713474922074805,-0.011475198981838347,17.8583705617402,-5.521037415847415,42.28444670073257,52.41236925594896,-1.5104179673226652,10.837721753202576,285.45935457062706
42498.74847795404,-0.48706122791444356,0.08629127065086947,-9.793335592125162,-0.0015085405029682565,0.005509629023553753,0.007625273555040792,17.993794791910144,-4.551844409756155,41.85293461403336,52.41234121875606,-1.5104295388436975,10.920080694313336,285.43698936824774
42600.18156990512,-0.36405729726116487,-0.4177734284011716,-9.822250015829242,-0.016476125499385805,-0.007570824999700194,-0.02304565612603991,18.68331042403334,-4.785718968483284,41.771731649633494,52.412376862453506,-1.5104572647090364,10.697938121795989,285.38504073420825
42700.20150538323,-0.6922929094632411,0.2676539200171274,-9.756667214514561,0.01205529061792446,8.208761365403374e-06,-0.012992304060083148,18.474686718042438,-5.880839407330346,41.95895377520043,52.412413976532825,-1.5104779220093807,10.71661173647132,285.3948099539225
42803.43289329762,-0.5834201394633001,-0.010115684460708957,-10.164593234898955,0.005112050563160912,-0.006556875735789075,0.0036569372973558143,17.431641751318733,-4.995669831133012,42.181729232450046,52.41236323867669,-1.5104586943765537,10.4091659557052,285.4268190581304
42899.12293218729,-0.5764594365014832,-0.12955620317259336,-9.740640923345948,-0.008824358616820543,0.00677278595434922,-0.011069727707886832,17.811090690301167,-4.090752273796852,42.35449694846688,52.41239890887168,-1.510490557894751,10.614339600887343,285.4224336194336
42997.630857478216,-0.6968840951839497,-0.02413000572256152,-9.79004436445172,0.01378666511394606,-0.002555757962147567,0.01491779861715524,18.04013702826938,-4.800760145807769,41.449877572537176,52.4123945126239,-1.5105002735252093,10.610784929311599,285.46439627683753
43104.481113100665,-0.4830433994281035,-0.06363662857283495,-9.780255900850051,-0.007339666965213456,0.0050649919914360145,-0.014372271873573242,18.763454510080965,-4.865413841230489,41.54651297217406,52.412351987312434,-1.5105109415656106,10.549416685105863,285.45478829810475
43196.356449218045,-0.49467657676785265,-0.32721192321530546,-9.38424410485292,0.005632209230509389,-0.006906182387723612,0.0005786120293611681,17.925849431863362,-4.576683994603588,41.893775030376,52.41240400445101,-1.5105556443220547,10.754762254975544,285.47322392214323
43301.04960337748,-0.7526315325822329,-0.06924029194198085,-9.893617179827157,-0.0006361728534724616,0.007316143605400905,-0.02006912392926802,17.830127778454585,-4.48610278850747,42.02948744748075,52.41238969536402,-1.5105466347101264,10.18191069063003,285.4460214043745
43403.41814175643,-0.3710199279800634,0.2989728184490418,-9.32633961093842,0.006605339829544892,0.006621913743756683,0.014811234039604496,18.048030690750473,-4.950962135656673,41.96806368407582,52.41238026153749,-1.510564664555615,10.207571182042786,285.45289210124497
43503.36551320634,-0.643936367525626,-0.020645304694580792,-9.68263062776091,0.005434850465824255,0.013104538211100254,0.017208589509290585,18.18365849495246,-3.9972546517457888,41.88506986224481,52.41241985026551,-1.510553470092504,10.320042645267543,285.4764188709653
43600.9858984772,-0.469252146497508,0.2649248606371925,-10.05197945715334,0.014154749178023568,0.0029269991720557754,0.003025769130781347,17.559183793083136,-4.128462711628638,42.017632490395,52.41238393013236,-1.510608985168067,10.418823080398699,285.4867457515429
43700.199031739554,-0.5507490623603404,-0.0512789617794964,-9.6780416295876,0.014125726433708049,-0.0019643132722035987,0.017284739862604936,18.375288945956925,-5.35508489350532,41.129411516674566,52.41239517814119,-1.5106156317510213,9.955670697991836,285.51704120805505
43802.34586102205,-0.414549199698003,0.09877430733279143,-9.800322709026968,0.009966642987399023,0.008045528571574593,0.0015952625704906977,17.939857111559483,-6.224732981588229,42.05247075606087,52.41241383816589,-1.5106540297559796,9.898133475538074,285.5219703974849
43902.1654527387,-0.29888415579827493,0.14844154307586674,-9.52312912555518,-0.005936530290965256,-0.015988837288806637,0.0066331241398909484,17.70182404765752,-5.670429515134273,40.98051547392004,52.412404124202105,-1.510602019090501,10.152400354433542,285.52492420409
44001.16954661567,-0.4520357247636913,-0.0617494462823283,-9.740403005549949,-0.0006450141595592702,0.0019476982494489312,-0.00595159979025524,18.57661163378829,-5.561431760269768,41.09577000929824,52.412399666191796,-1.5106283585080156,9.860604663243524,285.5302719630754
44096.822026019065,-0.7343429304424023,-0.12240319717469149,-9.767137922833982,-0.011463033395270697,-0.008162056424325518,0.012666551281181899,18.174268061304115,-4.869439277780388,41.41665279005504,52.41243879748469,-1.5106631232758443,9.685125032428251,285.5654771196588
44201.61985999682,-0.5745377562306906,0.09945021110849545,-9.983636678241062,0.0029844294668743792,0.006403056205773714,-0.006487133075137154,18.285743030471277,-5.472536735486891,42.01393618474398,52.41242979023795,-1.5106908033417612,10.343073378534168,285.5771688372083
44298.15870422885,-0.3823005833012396,0.1102033896399945,-9.754367916289969,0.0008568104079716152,-0.016613944007309058,0.000902050947385133,18.298450879355137,-5.533092188714102,41.49469532720789,52.41243480561493,-1.5107058507161744,9.907559082918436,285.59100776487844
44399.374880657684,-0.8716990263544429,0.09904335172997385,-9.759709680229246,0.008352877187413978,-0.0035431351465582974,0.015905659992312075,17.20194947275746,-4.878914772081383,42.49638013662487,52.41244170568785,-1.5107206219237066,9.847494211521836,285.5973803889633
44498.53038160027,-0.6584307519660706,0.2760432825629404,-9.867158339078951,0.002636910159708018,-0.011985648553312021,0.016608265000514075,18.179725911768223,-4.533251153346305,41.683427451403425,52.41245552015796,-1.510714425931199,9.675568205151222,285.63169347024234
44600.11915253057,-0.5737534651736578,-0.1394708376069625,-9.898533818377734,0.005177546704200571,-0.000697796957349234,-0.029353839906478864,17.505454762907423,-4.52914024226452,42.819569968067654,52.412420289991864,-1.5107093142026533,9.84350548830072,285.5646514747132
44701.77504761741,-0.633729042479245,0.05781973206933714,-9.942481738365748,-0.006959037751784454,0.0113677318148414,-0.011532112469875254,17.894104876950205,-4.978698769605554,42.34430458526007,52.41241276337782,-1.510787361783717,9.52968773993684,285.5469403918603
44801.69357599498,-0.3156404340093432,0.04543205623649214,-9.652642234911598,-0.015850039301586082,0.01337428183387281,0.008875617697143456,17.83700656330556,-4.55860144225825,41.649043416706256,52.412459521271025,-1.510788529249821,9.758637151809872,285.5487550770541
44900.23687347047,-0.4647140671030591,0.09251885171984937,-10.192801261811319,-0.005293473431456852,-0.0074746265724049245,-0.0038340575527140187,17.64661578806934,-4.840223161636977,42.707107036369926,52.41247520429121,-1.5107790559428114,9.466136411000434,285.55300148167237
44998.50204033343,-0.6777391484850317,-0.13704018410107188,-9.912928625448837,-0.0007492193564330431,0.015307345824112662,0.008093823034370175,17.28098092078683,-4.3529527763966875,41.74136607479676,52.412433953215825,-1.5107678812426952,9.712989221298209,285.51073277979276
45097.67862721546,-0.6221047621788602,-0.13967863703915248,-9.992124472889444,0.008506692889873428,0.001856104423447508,0.018332901959015133,18.15932555861503,-5.428733323682279,41.124447271386636,52.41245781527529,-1.5108168765696155,9.636552440283989,285.5557582783374
45199.10981314589,-0.19103418449836346,-0.04271149504344102,-9.721193436516572,-0.01750173416437085,0.0005318676218297596,0.02052796611976522,18.163395187962468,-4.707121444158385,40.63769394885001,52.412446918460645,-1.510760027685977,9.129612409974918,285.5613075772492
45301.448129649776,-0.5567916178346675,-0.26199644635737224,-10.3085438297715,0.004548171333183299,0.015419589635132427,0.0006273651680054394,17.76000924776492,-5.538734406368368,42.37043258240798,52.41247070140856,-1.510830618087775,9.535237332867045,285.5459746365732
45406.11804046667,-0.4426528156043881,0.06072657717057469,-9.516519441468715,-0.015815280052974005,-0.0007761254715373549,0.008458113611681637,17.748582666580894,-4.842333490518073,41.67313259199948,52.412436625303464,-1.51080812704862,9.1865344088359,285.58658463586016
45498.214793130624,-0.26995612358003596,0.14368514137708718,-9.53508395523263,0.00459257641853064,-0.0025882677949076063,0.008036145829880976,16.832584659561654,-5.757050404422382,41.7894996393336,52.41244405715003,-1.5108747037943355,9.148041717796541,285.6143222932535
45605.02878306088,-0.5998539027076785,0.02678716251201793,-9.915124935857822,-0.014388806574271287,0.008885956144374022,-0.01383704106404227,17.360770348529552,-4.374752584186762,41.82899432253391,52.41245937666184,-1.5108704841516638,9.468430753723467,285.57206308750654
45700.42180262745,-0.68977441880265,-0.1333007638592708,-9.616837377826565,-0.002903200658027542,-0.002520285350919502,-0.01581799396035535,17.469357974920758,-4.789048628078323,41.90541702335137,52.412438261772465,-1.5109311252903521,9.31852613357252,285.5092842735396
45802.21305522417,-0.4454946734929608,0.11084910147952473,-10.062409584330851,0.0034557314477148726,0.004706589352553907,0.004480150451112206,18.20511670131477,-4.011100379866483,41.45480768671606,52.41244972505262,-1.510886763364205,9.059200213074849,285.4844356237892
45897.892608620685,-0.5882146923986112,-0.015844659076455,-9.914522139260962,-0.002415543174038696,0.0012603954333782897,-0.015250058310706959,18.422393904029548,-5.827656204542793,41.440920794034284,52.412472515489455,-1.5108969602865339,9.252227555916157,285.5095897632568
45998.78760556014,-0.2366316818055996,0.0642475696322706,-10.177250826693578,0.0023362613076053753,0.006755721608199514,0.0016330125090959755,17.591058493418938,-4.985716542316623,41.698096266294215,52.41245487452254,-1.5109254464415423,9.317524546467371,285.5337143658869
46101.42634521446,-0.5035681592889514,0.10547166539471724,-9.736044796610503,-0.0008943104988991449,0.013945629045796217,0.011811945179614699,18.2068593029448,-5.837585289154569,41.94101281589543,52.412452276707796,-1.510922914694546,8.903264506175981,285.54381664877224
46198.564865801185,-0.624496183922941,-0.3330835941768011,-9.748970490176037,0.009732978583147646,-0.010067225151625036,0.01628734957957858,17.607007532405326,-5.351352623300264,41.711623675321675,52.412477069527235,-1.5108941330478152,9.149152650013583,285.5679150014778
46298.447099058976,-0.4467456346210522,-0.08610716569973934,-9.829713232073889,-0.00941438911428359,-0.010345039504937089,-0.005931432610054604,17.970535384219797,-5.953676139456807,42.635537694650985,52.41249891876548,-1.5109450869060697,8.928140255899192,285.56254200728586
46399.92721035284,-0.4724116905121508,-0.08575866954464575,-9.867089000902682,-0.006657656910036468,0.003814521409308031,0.009003582389001456,17.733611074656846,-5.504033366878847,41.93801667785491,52.41251540544558,-1.5109485966473382,9.057031724784197,285.5972981642358
46500.17728777913,-0.6834775157016295,-0.16123315157016926,-9.512381324402126,0.01056470016257157,0.010560229605356897,0.012501747374488555,17.447477543582558,-5.034222392454762,42.064901019179494,52.41248444986556,-1.510980663786636,8.505815617141147,285.6222357703422
46593.07137601365,-0.4116338900800865,0.05577801335746476,-9.977366433125013,0.009766337248749325,0.004458329316593366,-0.012118121874233879,17.46918186047695,-4.4871848917514665,41.20671606022865,52.41248615413639,-1.5109611244879309,8.901301377592253,285.5962320466065
46696.860669030924,-0.38701892273088434,0.0534875942899748,-9.971710886224354,-0.02195121342878763,0.004610034603758013,-0.01822659632431564,17.708170957632664,-5.6013198917692675,41.85929791521116,52.4124859926025,-1.511005906551776,8.676778204509539,285.5947098422124
46797.97511890227,-0.4674545874249249,0.12371571494032535,-9.666982349292434,-0.0021330559031552325,-0.01349001132563998,-0.011003135611972973,18.11881857047156,-4.891602838360221,42.76318441972966,52.41243856274089,-1.5110539581380258,8.591613377892909,285.5972286705244
46894.703214878355,-0.5568073352599257,0.11398005086733975,-9.569730094829278,0.00046084168034016444,0.0031852546941618415,0.0035067052293220546,18.026300849599146,-4.521418377540462,42.19131093334018,52.41245656663557,-1.5110259879028818,9.02065328160578,285.6220742391022
46997.392579065905,-0.6185392312707689,0.037576589944881514,-9.731824368021897,-0.007114564785827687,-0.005310108200122078,-0.0006224726470490452,18.509276570036512,-5.290821468077141,41.702807876376056,52.41251118635719,-1.5110562933537866,8.232918645587393,285.5949829341755
47101.51896532934,-0.3930842370895583,0.24618441018710394,-9.606161114096462,0.009591137157797585,-0.011459903315960156,0.007044456123030998,17.485184310492563,-5.131147182627634,41.33652361657099,52.41247047743553,-1.5110478384811383,8.551668692952408,285.59311795835765
47201.11411522407,-0.33032383830127626,0.019141389041550202,-9.98431147451795,-0.010644344684021352,0.004851116247977813,-0.002665027571955993,17.989162203805307,-5.203551674641867,41.317791176318615,52.41249493418701,-1.511071519604753,8.170302561288729,285.609849621296
47298.28322729068,-0.3980654646068498,0.0710788387377172,-9.890719408354158,-0.005274508235062507,-0.006082176802100468,0.01867722178772546,18.089345628530644,-3.9514271306356115,41.11209734231606,52.4125192508383,-1.5110779111253478,8.478310689442708,285.5959621404986
47404.254785444864,-0.7688500375453313,-0.0023186065424716518,-9.77155256984438,-0.0031673647636944486,0.012119111331458154,0.0030525537663865098,17.369420089504043,-6.1919116056980705,41.796398120411496,52.41248623930918,-1.5111117807295582,8.553801515283574,285.62294765535466
47498.06057419771,-0.40086104257378197,0.06973027636226237,-9.906433842904532,-0.013293403683573502,0.010568525506253092,8.017716146384302e-06,17.006744436864352,-4.575018352926785,41.17832474014041,52.41247641390063,-1.5110697729806197,8.104542253181446,285.6454778381061
47597.620182101535,-0.6259524537687453,0.009877712433863806,-9.76002644099134,0.007635960661205596,-0.008291497951330593,-0.011281476687972313,18.284065929468976,-4.09810498088098,42.01161800652988,52.412466231708216,-1.511084888990205,7.905797825279825,285.62923903804926
47701.82823372879,-0.3580880187735934,-0.11859176979814655,-9.879477015514448,0.014788149072571302,0.012351308672682892,0.0032593167271176863,18.415626772158806,-4.99865460740933,42.75589474064663,52.4124915945243,-1.5111275779870672,8.30930827277713,285.62871217515
47803.997956059124,-0.5154929921956435,0.031243157339386103,-10.254684616901997,-0.002730274428714561,-0.020118844413534218,0.0015928621622955193,17.637776397971667,-4.8098995070203605,42.37734615061371,52.412476555664306,-1.5111455948985173,7.97858332621248,285.6348137904274
47898.993418378384,-0.5761147293092657,-0.11128009748639635,-9.451604144198223,-0.008705988438972826,0.007479387758773097,-0.005118887286373868,17.98279728597969,-4.509603763950823,41.93029620770032,52.41249160844049,-1.5111536684598565,7.904464877550679,285.63426418713345
48002.634478816704,-0.5221652288096068,0.03736210376030929,-9.874731348299553,-0.0039086468255362895,-0.005769977578133099,-0.027624653018499656,18.09106557488237,-4.682233602143597,42.56639718222117,52.41251132238193,-1.5111504396449131,8.190805224386592,285.60358490617523
48099.84819516529,-0.5039685724652047,0.12833597809925876,-9.439056637140164,0.013514010528655918,0.003572846547294381,-0.0014700765048104368,18.46722773975624,-4.591328687553446,42.01961960926875,52.41251288319608,-1.5111576879690336,7.817523668808401,285.58157493959766
48200.92596050781,-0.7165277822383651,0.4055478056091105,-9.622305488759883,0.00723460438437541,-0.006694863453356074,-0.003904534727583812,18.28036473667686,-5.0193987464524685,41.820630812038374,52.41250639514226,-1.5111792999348879,8.137073292794971,285.6326462431771
48297.75036796704,-0.49003321772063674,0.041480811848656096,-10.070524309020906,-0.00557892815449116,-0.0004098454833874681,0.001327456074118973,17.89637307845908,-4.393559129207927,42.57248077996317,52.41250500060597,-1.5112184558808819,7.7835452654575255,285.6203647506966
48397.68607570511,-0.6242835705291542,0.13923310471721217,-9.69220758790136,-0.004586419322417465,0.01778737917805344,-0.0024600021913671736,18.430282308957935,-5.370172197966808,42.05158535691587,52.41253246727115,-1.5111984599161,7.636961142821591,285.63595650790796
48498.21292928411,-0.743079288717208,0.36560219337959454,-9.875155465229113,0.0003099207737872569,-0.006129865088304031,0.006827368887836029,17.93346651863003,-4.482496685767707,42.43318032683981,52.41255133001124,-1.511233067195953,7.746952252652559,285.62138061448604
48601.33342921342,-0.44863943089539454,0.016301141809368702,-9.653720818290445,-0.009229653541263962,0.0064522427079709375,0.0010690996215255225,18.04280618680172,-5.074909214755491,41.70366118674115,52.41251800098563,-1.5112520379645136,7.856400003979229,285.56531823609134
48700.83130848924,-0.6185805800312993,-0.051030151308037425,-9.909959071723135,0.0142172753153144,-0.006528187070930364,0.011174780093336039,18.038612158249727,-5.165660552294384,42.66856578131966,52.41249641853196,-1.5112222303126626,8.22853549727041,285.6247222431932
48801.167727935615,-0.6370231636728028,-0.17287119747393753,-9.55564150695161,-0.00783073981342655,0.002921524229560551,-0.003365452668718183,17.927693331376922,-5.2417986474832015,42.23872027371303,52.41251726007252,-1.5112493493839194,7.621142494346895,285.60062618023176
48901.40243596635,-0.4764317156300496,0.11378178781205933,-9.868768766410636,0.00750684987421389,0.0015405099296959032,-0.009916943404552224,18.98119495907774,-5.039342078804264,42.277640631753506,52.4125210349815,-1.5112785968906541,7.707547665976173,285.60323495276293
49003.467085149925,-0.604536280514187,0.06448288339879818,-9.621649232457932,0.008452746318918911,0.00923211308329274,-0.0026553540682349706,18.2785321199647,-5.261788663049135,42.34626362269458,52.41251960684316,-1.511281894942214,7.687944107262292,285.5784064377482
49096.10238725957,-0.5629860443000365,-0.08460227668546777,-10.186869895893102,0.01807063203674047,0.006173521002384432,-0.007597863632909308,18.353017309449907,-4.193543353628093,42.32266393736813,52.41251507489831,-1.5112820326255667,7.4234198747751785,285.566182763622
49196.26133577814,-0.5908565965713951,0.05098088879897286,-10.182279623547071,-0.006759801576142215,-0.006598607575763093,0.020717079700383816,17.533593475635055,-4.288195894049242,41.641359262345055,52.41250774130035,-1.511268814395662,7.500222820854313,285.5630671982103
49298.862705792206,-0.816935870843754,0.0790469094589615,-10.071049377605805,-0.004547071926080907,0.0161655109249969,0.009504565779031682,19.47800719808105,-4.214685548696425,41.76250508791606,52.41248744440096,-1.5112885842457373,7.243662154080839,285.5494918623908
49401.27576693539,-0.7242384897573811,0.0961816583920161,-10.24928915221769,0.022456203457430858,0.005510352098071227,0.006312590320069342,17.885749318475344,-5.417887204778185,41.86030036153579,52.412530201790275,-1.5113114013512974,7.090767626568429,285.5627567917636
49501.65374635268,-0.655084035566716,0.20162665340967667,-9.747147351615393,-0.0007206407957797923,-0.005608528786032694,0.0069803142096545945,16.80893683428053,-5.619056919199812,41.80475706456759,52.41251978958742,-1.5113289176322315,7.350102874227273,285.6117400327546
49598.18381467866,-0.5345228858982657,-0.132498532480106,-9.951813724736075,0.012207923908857134,-0.022450542067058904,0.009401165429689835,18.000418441222106,-4.519557207433258,41.44763940013384,52.41254919964254,-1.5113311044868218,7.092838374287711,285.60173847630085
49695.41480645211,-0.5562158777303455,0.10069218075061245,-9.663018276342648,-0.007268159107420403,-0.0012573538086962407,-0.003037297984218542,18.176662143543176,-4.539236386340095,42.113451646695445,52.41253891767739,-1.5113308122564335,7.0970465937662714,285.6371505674821
49802.52701160711,-0.28452071970481163,-0.024126909705844097,-9.746519477505453,-0.014279581847227628,0.016398964264664136,-0.026671161862728523,18.80013597376608,-5.022156094431201,42.59922328850551,52.412534987254645,-1.5113410906712808,7.059300885794573,285.6187225315399
49898.48368062791,-0.20040934399539523,0.2697796205485273,-9.794856222678336,-0.009115233305578601,-0.004503308582041244,-0.0068358999181070326,18.562239715601017,-4.423721922922638,41.4058673945478,52.41252565260071,-1.511355077324946,7.324460895204977,285.630546736051
50000.56687343888,-0.5013690577125431,0.046700178563397934,-9.81735323342503,-0.005680334733971496,-0.01110589872614356,-0.0007080596318163501,18.03140355420803,-4.156903432290299,41.96763585379738,52.41253357569322,-1.5113575568480764,6.705217172439401,285.6133798658609
50098.604079980076,-0.47358965654551405,0.021596144127885387,-9.50919588833993,-0.007736882629127527,-0.0016882778610856034,-0.009120274707661705,17.2769910417505,-5.566149075459153,41.4474705707779,52.41255999705959,-1.5113755107761153,6.643754540604195,285.6121518072688
50200.98166029197,-0.73935949813716,-0.09011983158880253,-9.547056396553815,0.014702202294606274,-0.007617152589229994,-0.006486491516690447,17.579767242872343,-4.495102631368889,42.5416386041323,52.412532855735755,-1.511383373604277,6.6781099863482805,285.6103932251468
50302.28672368344,-0.9226535476255746,-0.09693183717846138,-9.548479051237019,0.015920272979146683,-0.01664963998107698,0.014074275973854718,18.002129438978496,-5.6015799798197605,42.25364303261706,52.41250674509582,-1.5113916873618056,7.01285328765311,285.64738393726907
50402.387590008984,-0.48610647186282685,-0.15938708481864622,-9.814389569682962,0.008354259293682328,0.011170831198847042,-0.012536058634463932,17.73757637418491,-5.707372116192571,41.92059849587325,52.412547404717486,-1.5113999715118611,6.751058885311402,285.6672122825098
50497.16707136108,-0.5893979874511108,-0.02909822296084053,-9.533514149744963,-0.004933936912930271,-0.018443425830237704,0.019939867813120203,18.33045419828502,-5.187006533359561,41.606955964213846,52.41255358200151,-1.511414888274528,6.996797751066359,285.6810422187632
50596.093498674694,-0.3088275456518236,0.008858494418088373,-9.727986393599952,0.0035507249096011287,0.0033321011194471467,-0.009652777853633712,18.219074648127265,-4.601485256431696,42.33804563889542,52.41254253659602,-1.5114452950514743,7.031668591057238,285.6727523979914
50699.515032651216,-0.42289912112497785,-0.026504825845407143,-9.616716816384239,-0.008593439164365104,0.00317445956703756,0.006443422757773451,16.90658479287153,-4.189266421751041,42.32097901828139,52.412557430989516,-1.5114352263064073,6.603561522191256,285.6982153892917
50800.29691528108,-0.22954755264443072,0.04155321901207567,-9.761891664201833,0.017422117983130203,0.0021679950846571635,0.003770569514352818,18.234879809072766,-4.52960395996449,41.748119260692484,52.412544180903815,-1.5114676038928585,6.6882610028461,285.724348293729
50899.84687904827,-0.36549511575756227,-0.02593523394124303,-9.73908940893558,0.0014667553538480346,0.002370293876507514,0.005842529496724683,18.2948286416736,-5.140469094550537,41.745411531256515,52.41251891130267,-1.5114669915344963,6.52300271109067,285.73001855092275
51000.93948353987,-0.2148083912329438,-0.22686842017899117,-9.579858222765253,0.014225028479983698,-0.02060213719718126,-0.016291650231977275,17.335577737379563,-4.721218347089388,42.39870705641402,52.41253277645554,-1.5114646113106542,6.5478983622667135,285.7143690634972
51102.888113745765,-0.5226618787832856,0.1523897139537901,-9.783498761393483,0.004667023891787278,0.0025656935956023005,0.019326884462128286,16.843505815731056,-4.983604183840375,41.74467757866679,52.4125407678463,-1.5114604563134628,6.360323244182289,285.7217101824508
51202.51566216427,-0.5257928604794507,-0.08605670372803653,-9.894251922126985,0.0019743014234511634,0.00425867486617966,-0.016343534193768154,17.641746870004983,-5.394895838272964,42.37523789072828,52.41256719565016,-1.5114736897251781,6.587052400598301,285.68186840809653
51300.68503125553,-0.6489055561666114,0.24184297585113446,-9.606350314709442,0.02145334556372891,-0.005649662830172332,0.005561228169612575,18.56653634252342,-4.40240046971723,41.53049350150266,52.41257848123926,-1.5114775587154345,6.306679726200381,285.712577384405
51397.98237644578,-0.3603352442498974,-0.28046927458617515,-9.800345075709497,-0.023184491126280408,-0.006728438623319875,0.023710285247738796,17.522751295600443,-5.485802705315965,42.31476899565205,52.4125959152716,-1.5115064860969638,6.059064529909411,285.6564391975237
51499.71634440894,-0.4537242363627541,0.038491642951389154,-10.046704121353969,-0.0026639738587160735,0.014763776195408099,0.02107799209409216,17.98166479203476,-5.749092220045434,42.067993777023226,52.41257964416126,-1.511513848129149,6.235553114459077,285.69065350629876
51601.393573648085,-0.61355554726971,-0.05891389421988305,-9.737783744593479,-0.01237585435559897,0.00514956772842395,-0.004374155682434037,18.12246003203023,-5.154114793006,42.34054904806008,52.41257317222863,-1.5115202419933453,5.798587657365937,285.66493522294377
51698.39213238282,-0.4000368203749497,-0.031744633292958596,-9.874995123920437,0.0034169204939596227,0.001617058985865128,0.006418786782427094,19.054102651731753,-5.800644445985016,41.82221781185644,52.412585851693606,-1.5115321204052519,6.1861961015346765,285.64630368938606
51802.937826179594,-0.6659354769730038,0.02380891348203899,-9.686087990292458,-0.009557371119325043,0.007623092693742624,-0.001980365854178541,18.02699633415952,-5.557509899384991,42.56017498191406,52.412558828656664,-1.5116025488734415,6.013380073489856,285.6335367103766
51902.03387059685,-0.6204948096947338,-0.17386644741444413,-9.82360294825752,-0.00810130344248555,0.02161486908015319,-0.01713995047406624,18.106073329219516,-5.530043263449329,42.44171130617489,52.41257527248928,-1.51156690555159,5.8411153726676845,285.65331736025973
52005.56354510987,-0.6547123109791182,-0.05546794591428728,-9.924864122001784,0.016494805333052653,0.010103154177691396,-0.0034585211393327138,17.981687777278406,-5.184016014902908,42.27039058531272,52.41255150599622,-1.5115615721057873,5.753559550746556,285.638961390042
52099.00723635068,-0.4219317508722211,0.02723795937310036,-9.758037284719526,0.007962959739561109,-0.021508505815624402,0.00463751365717838,17.63428228925448,-4.974647244875134,42.2514614210032,52.41257268656542,-1.511572249304442,5.9910772328530655,285.6644094462662
52196.08704908677,-0.5671931292191987,-0.07351133654179814,-9.475107304657277,0.008687065291350498,0.0021738919593507866,0.012474388779016441,18.315463716095447,-5.1822865234581315,42.70834259254057,52.41252194704982,-1.5115549774930477,6.1477329855392915,285.6962343528005
52304.88235873022,-0.5195865383901435,-0.1843697637303416,-9.638436697092178,0.002598524437505828,0.0027285570699182556,0.0043722191527172365,18.2081193354524,-5.129840457193947,42.17558131304976,52.412595332883726,-1.5115904483559763,5.6793820258159595,285.7244512255902
52400.32780919782,-0.454291331410021,-0.06551128198939501,-9.987383517133383,0.013926412007390244,0.002909121809923175,0.005936706588599691,18.98502607246879,-5.2946895088352,41.63354740862124,52.41258425716778,-1.511571764847155,5.889417527212348,285.6962928582285
52501.89176744243,-0.5070750420794092,0.2209595912953906,-9.585412694328276,0.001955949072656292,0.0017364126834907457,0.00540862517308398,18.10415015310454,-5.448136398141841,41.93911563411704,52.412600849960754,-1.511593318027115,5.539251959228226,285.7337012154379
52602.74448456221,-0.5342471833823877,-0.007850884527562859,-9.924920201504754,0.0035593073915020325,-0.00045048816301587264,0.005909107275868103,18.444781009239364,-5.826428258687861,41.718440902683334,52.412590006427244,-1.5115589480740879,5.943773623318137,285.71760001098255
52698.38090548618,-0.3885694583315127,-0.007198954781072846,-9.6927894637527,0.014210233322356589,0.0043807097952433946,0.015259442310721226,17.143479855365097,-5.38841788463128,41.33587011593733,52.412570163953646,-1.511645351532673,5.3709072466398755,285.77953857962416
52798.096850203656,-0.5720323196588171,-0.15718339929084268,-9.464162609373371,-0.003302212733070676,-0.015452810817634742,0.0028781381417838045,17.156089744419763,-5.37953681841069,41.09698905982045,52.41255563778797,-1.5116074671150763,5.554437934931627,285.7673431214107
52899.02435126545,-0.3717483140962703,-0.030190126363172268,-9.792968821115366,0.018124793298569856,0.020208765070584965,-0.012336408294455216,17.251629364015553,-4.9951992539657954,41.40869024019833,52.41257577116139,-1.5116058610997136,5.828230550424611,285.70336170142514
53000.853290544044,-0.5818957560013047,-0.1525291166431074,-10.051317945141685,-0.03184070086557689,-0.006611714052899529,0.010360664709718245,18.828297852446635,-5.550148699326529,41.35751884694443,52.412609163772096,-1.5116080648113854,5.482539992332119,285.73317390592933
53099.25092395761,-0.5428276219480076,-0.16259995235358116,-9.776028851304257,0.0031133719925614794,0.01921549503369253,-0.016625443991457274,18.272958484533774,-4.842192080401787,41.747553737906486,52.41259837149652,-1.5116189204569028,5.3809191515513,285.72679343091545
53203.99319862463,-0.2016168048093939,-0.2040652497197571,-9.951749995238817,0.006354550605496431,0.004859427492509323,0.004954153818606726,17.568623417151777,-4.693971103503337,41.87716968338919,52.41260508470118,-1.511665710744854,5.579899684979381,285.6953075159438
53299.533726437585,-0.2855068049370648,0.006232814609548103,-9.574719641117452,-0.012923277273970859,0.009479757724121357,-0.024163611096939385,18.02438974194777,-4.255086789057152,41.47742632667311,52.41257473550996,-1.5116550338632428,5.4226300759326325,285.6661018909124
53399.38293673994,-0.5359061104451064,-0.1337553088288116,-9.854706021289468,-0.013599734512941877,-0.004743672797254186,0.011082350252265977,17.782805844991305,-3.77235571988331,42.01396305592687,52.41257596220479,-1.5116880828273989,5.365211498877795,285.71435331905866
53497.24599220178,-0.7122116565869848,0.014193619133664195,-9.897861313279689,-0.0025685768671556133,0.013653230406729045,0.00324371507282061,18.19093886958792,-6.010588852314558,41.87317338437634,52.41257284643412,-1.5116488209647754,5.56408611482476,285.70893023928625
53604.412104372794,-0.22037752880636685,-0.1071999796493683,-9.489785429529185,0.023015986395777045,-0.005264985397753881,-0.006562594179422376,17.995123178041467,-5.240039437376526,42.38043437880363,52.412556001081235,-1.5117156653304837,5.063493067224865,285.6984961580565
53704.445595447105,-0.36483299604994907,0.260013599813128,-9.718410870730473,-0.0037748265316257723,-0.0332046458435232,-0.003656191600742109,16.962600228504996,-4.356161557069871,42.285037370000694,52.41258328289652,-1.5116982884370407,5.270370347913315,285.703889785672
53800.4482855938,-0.498875370218902,0.021639985625174944,-9.752406169873389,-0.003373345623315568,0.011283500981260743,0.004497369524313784,18.721013438441577,-5.468427760090931,42.48418693306926,52.41264233371498,-1.5116973157437308,5.15331813723908,285.71772041539293
53898.723838437865,-0.37009689447294647,-0.10354081403368585,-9.784555904219639,-0.010926531290446673,0.012389632874726473,-0.012165069103970416,19.082334502503894,-4.934286839687331,43.134113783477304,52.412611380910896,-1.5117186940945495,5.168798284489456,285.6838160272446
53996.364080524814,-0.3170551869762892,-0.35956182061562236,-9.556314519532448,-0.016815025079482144,0.0040234568403338415,0.004996849011689231,17.21350871481,-4.482418801333114,42.184141761111434,52.41254914534079,-1.5117158482504698,5.064355147138143,285.69112033890667
54105.38273513623,-0.5985339433859675,-0.03432679237683788,-9.98223186241314,-0.011905529566279459,0.016224173379794565,-0.009467869169408883,18.112533861966178,-5.418316020882827,42.085813251966044,52.41260355818437,-1.5116777689764884,4.775396197131434,285.6696285475341
54202.67879316525,-0.8335699169828182,-0.05430000623618256,-9.76860268271763,0.00950642541599535,0.0037544095214048817,0.000722528170932992,18.303975277549554,-5.860408821840888,42.1727335903898,52.41261054779426,-1.5117703197328858,4.858569500450386,285.6690472016578
54300.5959727644,-0.3615535249655078,0.10658224699623192,-9.824933534241401,-0.003027092471826087,-0.010180185528553279,-0.0032659936405503606,17.69647800978501,-5.740253159381003,42.134548409369195,52.41261688631102,-1.5117309281395295,4.718386009397161,285.67182286838283
54400.28021268135,-0.3078434807689409,0.02833335570870677,-10.194078927738747,-0.0005803820745001437,-0.007189130569930887,0.009656022723669722,18.608053560061638,-4.974931521360408,42.145172330549414,52.41261530499829,-1.5117826271823651,4.891090877905888,285.7655355742688
54502.365076861475,-0.7353755873445567,0.016179435201826013,-10.188335984475573,0.00019968637351024118,0.009195275639294856,0.016158393106356063,18.555102141577606,-4.3396516743088345,42.30656409768472,52.41259895814263,-1.5117545224162086,4.772838631032959,285.80205098272495
54600.994058875986,-0.5353913332790057,-0.1810837039768411,-9.5775556460732,-0.00551160162826904,-0.01079236816121454,0.0016462869449977852,17.470487698533592,-4.303008032185466,42.42350478315339,52.41260873896655,-1.5117628353062265,4.578113129406928,285.8853976991836
54696.68537534239,-0.5242218002192148,0.14818287364543112,-9.88748793741977,0.013651700463488249,0.006103975891499849,-0.00834898087746023,17.96755243832611,-4.617442959155252,42.060495594378544,52.41258610490131,-1.5117741511145628,4.650628701953031,285.8774103873111
54797.08347069797,-0.3812653056662188,0.08553351247258964,-9.373451522792454,0.01082593197842234,-0.012937224560974174,0.004673602483483112,18.452536084309394,-4.872856488884429,42.57009263913788,52.412603516403365,-1.5117590045818405,4.593515902315634,285.9060924155824
54900.80104333675,-0.6890292727289928,-0.20510658372334928,-9.558637957742947,0.003009785936768615,0.0013578052319735676,-0.007313691183767535,18.4444907925455,-5.168945370949559,41.905705117043745,52.41262765521974,-1.5118009662682363,4.859133944586153,285.9132326356778
54997.94583390668,-0.44547440878009487,0.3136890514361893,-9.952990874229783,-0.002783522141778042,0.014910439875159274,-0.0017613500075895315,17.766478929039167,-4.865026246015405,42.13636624875589,52.412601046438944,-1.5117782155971249,4.324259489979459,285.95736112416375
55099.892361474514,-0.44952714174474523,-0.0003483486446486106,-9.614592261229896,0.01198083781513783,-0.0008325430179288899,-0.004711844420898887,17.771707756484634,-5.605776574995936,41.44554771786788,52.41257735139898,-1.511756484518753,4.227794529604338,285.89873234277104
55196.512930419296,-0.5999171333699997,-0.04533765429165028,-9.772668615028218,-0.005856103497280072,0.010378663932719702,-0.007393531855448502,17.666897712883095,-4.756297475482287,41.792760033499356,52.41260339807735,-1.511799987339256,4.620484739241195,285.85979124022526
55298.06154200124,-0.3355677760981736,0.10916377334502482,-9.88874666826852,-0.014017902602639869,0.0027233602546935217,0.005373614797882592,17.933401030935734,-4.533452256206073,42.31815578396692,52.412597153465505,-1.511786502475324,4.234258695239843,285.8104356574506
55399.15774133116,-0.6416967761272113,0.03981099132095306,-9.495292007774182,0.0022171641099295483,0.0036901687339869023,0.005910248811785441,16.618774239537217,-5.581288568226741,41.82582110576736,52.412614289635215,-1.5117605526215354,4.269801141979749,285.83575975024587
55498.83717850721,-0.39934691480248424,-0.24381185318163898,-9.873355204932857,0.016397203293302957,-0.007452004892896284,-0.004301408573524375,18.123863317702973,-4.204730876479545,41.77723090149077,52.41262322141305,-1.511791201520872,4.372906839870312,285.8118588041199
55600.18401765703,-0.7106502075344366,0.0009396855001543823,-9.892468222454875,-0.00185304557323292,-0.01059759980957523,0.01214823543057775,17.320810520948548,-4.966929078754644,41.80278509433616,52.412600087235774,-1.5118290287556062,4.364274498041212,285.821387734566
55696.149275917545,-0.49986320452709654,-0.0077584377679685065,-10.224320334929365,-0.015931176555378866,0.011021653081384109,0.009387311731949687,17.70153857886589,-5.622365180651456,41.38633060757203,52.4126175320602,-1.5117996468818036,4.2024729999457415,285.8311207659441
55799.239209303705,-0.36009750853362904,0.008192235327403527,-9.726604009762935,0.011617430857815308,-0.004149501905566763,0.009065933733128386,18.10444229852439,-5.4789379294457925,42.05608035709308,52.41260347369397,-1.5117989595232648,4.323464807003777,285.82342207850047
55897.89758525233,-0.7903495087389201,0.012310673854438771,-10.295976994833254,0.0038441295049899665,-0.004494813094652113,0.010443720581439588,17.893757446446486,-4.772893533241119,41.585980236041124,52.41261798164506,-1.5118262278460377,4.048355874181854,285.850183904196
55997.826223007665,-0.42962082602567336,-0.18118241171233596,-9.90959875706578,0.015123062344099762,-0.007260996604255284,-0.012593787263320291,17.382306227444015,-5.579974432445231,41.355746455146374,52.41263224065424,-1.5118457427379226,3.7213257885447435,285.8441494186735
56097.663974214476,-0.6916553368802947,0.18763998361704368,-9.411677912706585,0.01303075701896112,0.0019802165917227723,0.01161085906259287,17.803933889320195,-5.7095151664624595,42.01546559793335,52.41263873962628,-1.511823012300351,4.237831774336258,285.8733431239648
56199.921163619394,-0.5385838017188135,-0.06844991077987217,-9.920991154297646,-0.021419888125993984,-0.015453288672265392,-0.015027966729215296,17.69625040391757,-4.990082093981956,41.95209954416264,52.412580716610606,-1.5118484475312384,3.85856265361348,285.8546628227848
56300.245665668765,-0.695316048453658,0.010742472845161298,-10.220852090718719,0.006777074827779062,0.009460287726086525,0.0010333774996784876,18.307039956419985,-4.8604111066556355,42.039994095068586,52.41265635007969,-1.5118544781357013,3.8324832366033807,285.8683478709718
56404.41161414029,-0.6583307834574608,-0.26227244228009455,-9.543709709350294,-0.0005667750382357706,-0.006718294239387349,0.024747307830082138,17.806511521580656,-4.742546764967443,42.559230137778826,52.412610250215465,-1.511865648965201,3.9036353554365975,285.8873448101565
56499.967847295105,-0.7700017510765244,-0.15027397704424472,-9.875051849967964,0.0016852262317281822,-0.010430970853964175,-0.0021531491963042897,17.906337795327214,-4.423131443806393,42.25576616345616,52.4126455464757,-1.511876228750992,3.723035633976671,285.8425721007027
56604.3681691235,-0.48189895694903845,-0.1631746753901341,-9.6959397933132,-0.011097101266347473,-0.0006195557255695918,-0.007094058836474549,18.108232403912464,-5.103374718996286,41.19395891306255,52.412584241508185,-1.511862372410456,3.625317844688549,285.84691423263916
56700.13408711649,-0.5515212527622976,0.1369304278627309,-10.048225987182557,-0.0038706453901256777,-0.008515003410796296,-0.010229933321632112,18.209372143995303,-4.839086652471689,41.49419577665633,52.412625514989635,-1.5118631034741115,3.445490149237553,285.83767202552474
56798.58680978723,-0.4010976968638573,-0.09776688746495674,-9.781456190249603,0.006152774891621156,-0.02195190423916923,0.006733376478536764,17.320946995996685,-4.706051652476702,42.43989439187405,52.41262177230825,-1.5118918391420493,3.4170613921145505,285.815310326441
56900.40784825828,-0.3792698534087915,0.14697001700254536,-9.584677699671035,0.0023796715100632823,-0.001033252975925787,0.007764977915012922,18.58960588243803,-5.288165671256626,41.836181358618006,52.41262571962023,-1.51188636123917,3.582970856667073,285.8861599320063
57003.23617387971,-0.8341454158633832,0.17358461632770372,-9.625813774933205,0.004090808665123304,-0.00013617912385485698,0.0023574579373830426,17.786761513167168,-5.2235058106254355,42.171990244806004,52.41261518428072,-1.511919026073581,3.3743657949613275,285.9117855213175
57102.30611373354,-0.587967692209023,0.35613510288297656,-9.56233180930051,0.0032254078059103866,-0.01157283834335217,0.008594091038577,18.428236022078867,-4.1132560606182444,42.356761160327245,52.412608160488034,-1.511898698331169,3.5582026064031242,285.94402862173956
57201.15560370303,-0.3701824788713865,0.01923108096542659,-9.984200150008332,-0.0024723801612450743,-0.0063271899646674245,-0.003404607956664033,17.156877337376653,-5.264758116129479,41.566831128366914,52.41263116361086,-1.5119212155922561,3.6982024953904333,285.9975319426636
57299.86170763485,-0.5222589411655827,0.22384231525159243,-9.791745469995993,-0.001886651681386493,-0.0010252558527262656,0.0038005737652512792,17.327607812951843,-5.0505741495168035,42.77850517579655,52.41265802019113,-1.5119097928377232,3.3590876356467403,286.0177660287918
57403.58498651641,-0.28469056011574034,-0.13046645319418984,-9.697364866371005,0.011352494128517543,-0.0007235068405987957,0.00126880661779548,18.08616279486602,-5.32362264105265,42.16128777874777,52.41262929479551,-1.5119232073043851,3.579902103675386,286.00202597174734
57499.6643887762,-0.2522909122372653,0.2002719854254915,-9.898823481848586,-0.0029223377813893583,0.012586067221505353,-0.004762011139102959,17.54207973991398,-5.359194001872801,41.250339676871285,52.412614754891244,-1.5119412708247557,3.239237839375768,286.04421779930726
57597.72934790596,-0.547157224888717,-0.13795750408877022,-9.941769583165387,0.0014591668679978854,-0.017270048226031922,0.00017541449869195452,18.642514760017164,-5.366717943117578,42.429824292664186,52.41263043659856,-1.5119048690343273,3.3758838366599373,286.0163313286139
57699.0634500991,-0.6689177004180533,-0.24951308878643916,-9.850486226377587,-0.019794406030957577,0.007603356943952547,-0.025049758817343885,17.721275710174957,-4.993972245146528,42.28379663116623,52.41264466880777,-1.511909111196942,3.2640785140717927,285.98153239576527
57797.532274465666,-0.6953819174352935,0.22728504283144446,-9.504191588416576,-0.000860299506069107,-0.00320933314620031,0.008270087582989425,16.94088647267178,-4.751797094785731,42.078421544116665,52.41263976182881,-1.5119278105390541,3.345484263042245,285.99183853339946
57897.62530813311,-0.555851758958141,0.33019468023191356,-9.552212141390163,-0.0029059442301330213,0.013903738762146362,-0.01842173442107145,17.69372964597388,-5.610172173891018,41.46282737854516,52.412645738924816,-1.5119223291039896,2.9263208240041534,286.01180395972085
58002.67299457072,-0.4746133845135641,-0.3219514268800828,-10.029183132784084,-0.0029975317754366315,0.013282722420142517,-0.007058794902848348,17.975133577900916,-5.384447607851606,42.57899257526224,52.41266020804194,-1.5119515040334512,3.131368165754309,285.99199619754177
58097.5493083886,-0.564477873931018,0.0031353674101641917,-9.75315372016447,-0.010590820943732253,0.02253293417782509,1.14559459524371e-05,17.97950286322243,-4.477999040550744,41.53304557197814,52.41263992573848,-1.5119331997287402,2.786235536283675,285.9795850118212
58205.16379052865,-0.39806329986105354,0.10477469802367743,-10.028743497374023,-0.0007646022077577261,0.0016349590510419867,0.0013172447674572652,18.203693906036808,-5.7606978274909775,42.83024281821465,52.41262297023967,-1.5119415356737615,3.0635178313599614,285.9587842482706
58297.91001561649,-0.3119992490340466,-0.03523759321533262,-9.843015182138577,-0.005807542937193822,-0.0082268679692602,-0.0008770512582779869,18.519580232428552,-5.291085735947784,41.9412770958315,52.41264770672508,-1.5119404530937737,2.9364682420477397,285.97220010750846
58401.84334992677,-0.681787666714067,-0.06840046865401996,-9.76434604524031,0.013699478490866317,-0.018545250730043913,0.01525547557625862,17.8975595475783,-5.424968702015972,42.87144111696849,52.412656153238125,-1.5119063568669493,2.6686157674780353,285.971656903022
58492.949234949185,-0.6096772940934483,-0.10105738851944797,-9.380553826588976,0.00034935665280989674,0.0022799242974821175,0.008818361922961924,18.66000216084135,-4.659629661624963,42.49050685334691,52.412646123305,-1.5119480930591125,2.5793352092998423,285.9595802300869
58603.369020874685,-0.18125603808453924,-0.14061679969115576,-9.802807327271871,0.009963603724923838,0.012159243986456297,0.014206031664949659,17.193120975265344,-5.195107175334971,41.390872795683585,52.412621752682874,-1.5119748741426253,2.242242232890706,285.9569306297951
58698.307223022115,-0.6612432091505267,-0.06545021967067988,-9.733632766805382,0.00290851196163918,-0.003468405194291244,0.013650069208474221,16.34625481567202,-4.9472071677532306,42.29788029400125,52.41263669790426,-1.5119685410183792,2.4564066397597095,285.98758148297316
58799.366019164794,-0.3906863106788465,0.08551458874291289,-10.05108622233348,0.006822488353701044,-0.011473509857967395,-0.008602839897338026,18.02082041369096,-5.35350487661258,42.8998255172516,52.412625727469894,-1.5119474689311032,2.389247671011798,285.9848948310205
58900.57685580512,-0.7034498293719558,-0.2537598785508027,-9.875443199397989,0.014665079555936225,-0.005114539177729769,0.009036088783097768,17.720429672352026,-5.072698415053645,41.63141409692596,52.41266270942999,-1.5120006569104358,2.363009891176508,285.98082460524233
58999.43237376042,-0.26041950259553415,0.22086688057091178,-9.982012208946118,-0.009933603721217084,-0.007084435315377053,-0.004991452873289054,17.513750849480815,-5.897087114552134,41.1008324293834,52.41263102122848,-1.511964612350703,2.753324973058536,285.97126043302967
59104.36518682907,-0.5516301667637281,-0.05201315445860896,-9.980402865464319,0.019633249836728525,-0.008265252982973419,0.016251803504858654,18.446677618837597,-4.823838431307607,41.71333126677584,52.41263189814357,-1.5119919891229456,2.940300311808984,286.0156721290763
59202.46130393576,-0.5955834200824548,0.13463332868200448,-9.672532790565176,0.0014359514973634885,-0.011064693428442574,0.018452863328886487,17.56994617425139,-4.72869336075887,42.39888810090121,52.41262393841834,-1.5120143321999213,2.40473882415244,286.0315456223609
59300.95147521397,-0.07007379595451929,-0.03354873274055007,-9.739286730498867,0.004201358546463402,-0.0039823654898114074,0.013743034111981888,17.397543876320174,-4.350399879437457,42.51156773989596,52.41266651573114,-1.5119689189378978,2.3945070143494123,286.0662940235353
59401.928048122696,-0.46077450987795626,-0.1186255918977195,-9.500108709468272,0.008632829068581076,0.005923639765614036,-0.0034826015489773246,17.311820890051685,-4.804576501279477,41.25361940895148,52.4126641851906,-1.511989564749718,2.2232672671866207,286.0754756080644
59502.20283436459,-0.7076064347796429,0.1630120417448061,-9.971229012710191,0.011553301307620577,0.007885826088280033,-0.006823134310329919,19.161656689026017,-4.2028503718733745,42.04107088192476,52.41262594624205,-1.5119784186008072,2.3369978593047853,286.0309959902156
59600.452212132615,-0.5478679364739139,-0.20207153839803088,-9.783627094818096,-0.007239529799008698,-0.004101426688334692,-0.0019402789242198915,17.35959782377972,-5.245242432887811,42.31960860148713,52.41265324016408,-1.511987644579138,2.0016633701199,286.0193996630891
59703.7445547209,-0.638084695769365,-0.13731307109592308,-9.9152804012036,-0.005570062607832148,0.005398549161451487,-0.008209139548606793,18.069439488017434,-4.494592974130091,41.850160411312565,52.41265736121,-1.5120046271572807,1.8534910339761015,286.02438081276387
59800.16111702822,-0.5783178171273458,0.10654322115632359,-9.957541572293268,0.011631355056841852,-0.014602135475380884,0.00638368171643623,17.83452101182622,-5.713505746318792,41.32718420108817,52.41265979381002,-1.5120403272048333,1.8689313638038991,286.05975713062287
59896.84827215733,-0.5491413456213133,-0.046292650281915024,-10.006179912195998,0.006407726383892341,0.005987595255019299,-0.02237333537717716,18.806049091308434,-5.215262422588446,41.36754725533291,52.41264543500618,-1.5120117360015202,1.9706521129731556,285.99136434308
59999.258586501564,-0.28353981228394853,0.05810937231073941,-10.24999593430994,-0.012845826518311579,-0.005790834170157141,0.01308510517162239,16.323157327738922,-4.741775886645416,42.76586189077721,52.41265402993503,-1.5120133845906811,2.0585436448450434,286.0110246409371
60101.797967417195,-0.7647118328753647,-0.15652292140364524,-9.512081109341905,-0.003954209757132144,0.027496315175774257,0.011108180772387139,18.07025644971052,-5.797168290573984,41.44993550973936,52.41263202788438,-1.512008780837617,1.7129500345666768,286.04413575062654
60198.23245206732,-0.27516307866728573,0.002021862378841775,-9.601182522880999,0.01006889977449974,-0.0025759583641549143,0.00015211415051102732,17.91676619457038,-4.947583373620529,41.76924656144451,52.41264884083274,-1.5119875647089274,1.7995694167805327,286.01511382533454
60298.906817289455,-0.47329386659890726,0.08518895271157462,-9.867260433500718,0.00406254231587575,0.01110802051599085,-0.0097566316058655,18.461479126636313,-4.6516693391261486,41.57717568216019,52.41262573855483,-1.5119972190894257,1.9778090743229562,285.97227745084024
60400.267065039436,-0.4676040772918366,0.41278465767818806,-10.079070469251882,0.0027709207538459684,0.004236806938919977,0.01438776824171253,18.014957877876018,-5.213558456179864,42.805026761261324,52.4126111275877,-1.512010798157601,1.8459711546207012,286.06207972336904
60503.645776899786,-0.4041432585901887,0.07236492865388489,-9.589886887162539,0.016864388027084194,-0.013671495953257074,-0.0003874347781439107,17.74211992611258,-5.43710570840242,42.113998893784625,52.41266625108068,-1.5120414326617937,1.5399806659434132,286.0613431955919
60602.372570053994,-0.298823538001129,-0.07582965574143864,-9.31482909985228,-0.0019852180924365844,0.01277497117899746,-0.006615209402597867,18.39958632725865,-5.421494272471301,42.05557030399737,52.41262626880614,-1.5120167502258421,1.596986840021173,286.0410231375672
60705.938481500576,-0.5332452234247946,0.4847642572223602,-9.770939114958567,-0.004714737290190313,-0.004355339345352993,-0.0010687933061663724,17.825383604923847,-4.468331517967255,41.838103473589456,52.4126401274118,-1.5120374570034072,1.3399852766009646,286.0448901374125
60803.25232037401,-0.4700149748034045,-0.12927784178410107,-9.782894793961754,0.007414837219843239,0.014279079900478515,0.01198254391429893,17.1445868594358,-4.788933374075997,42.08983698179486,52.41266371301729,-1.5120584062449256,1.588178466647981,286.0733176303622
60900.496540054315,-0.4097900849594946,-0.14195998632163565,-9.495456156434573,0.005428720104325967,-0.01198970852758662,-0.008690361019355834,18.351369906986143,-4.853572946917523,41.66836754202176,52.412696187405906,-1.511986854374274,1.5211706360143775,286.0522594607179
60999.70065082988,-0.43609793104688027,0.15748736004408564,-9.46532453723669,-0.026807827111428716,-0.014661639771846022,0.007195876204245731,18.135824529215427,-4.441313217652601,41.07208976960904,52.412677122596506,-1.5120533209069327,1.560150704478522,286.09164217927673
61097.83360483559,-0.46352503277385726,-0.19990170767840285,-9.937102050117854,0.0030354122115578133,0.004975168895007708,-0.006335832303324613,18.451193151091243,-4.474820060839698,40.93748590928528,52.41261888620602,-1.5120330263513382,1.6976697338430946,286.0442407615451
61200.92409701588,-0.500971725192151,-0.36657259309044116,-9.864707000019997,-0.006272938125144385,0.0031737175682002372,0.013049530176511793,17.9922502898622,-5.168316617521612,41.77759715455078,52.41261657002576,-1.5120205889386251,1.2161657755328146,286.0408057014997
61304.46749227636,-0.7550482722880814,0.06755425402002567,-10.109439785584792,0.013618243676590367,-0.012051943329392783,-0.0011114769570573307,18.39413930948664,-5.472694384181343,42.16393746363414,52.41266952608312,-1.512030174631371,1.4933114801703071,286.0418392094564
61401.30386330696,-0.6612337052219645,0.12342324699494481,-9.68663883237504,-0.0052566377451723715,-0.012101882540079987,0.007084624787851934,18.4614406539449,-5.126670458117023,40.98957458098337,52.412632415066305,-1.5120021216701547,1.2876702673913143,286.08422697520405
61500.98718520205,-0.6343377845236796,0.14877841842587167,-9.751089935964767,-0.011030803372256736,-0.0010959267077163084,-0.0007775702096283079,17.227247063711804,-4.619790050726142,42.20503032614353,52.41259615659253,-1.512060401610936,0.933907516334959,286.080291823122
61600.34478805965,-0.709241476536055,-0.012602519379095664,-9.623363496893221,-0.015773224635105235,0.0017754491096698439,-0.012412092685382977,17.99227079602039,-5.069277367192762,41.7287225296448,52.41264062413306,-1.5120327506857165,1.3775124340479745,286.07699228168394
61701.62832601189,-0.31461966538226693,-0.07279890270717379,-10.0601556469401,-0.0007839085932162214,0.004883716329503353,0.007977332876210563,18.017891280423335,-4.4361395397176455,41.68137519695637,52.4126560059291,-1.512074337175505,1.0525592295033372,286.06765944515246
61801.04272408866,-0.5599477275617691,-0.024339454453928634,-10.143002088105368,0.004755372149560424,-0.009065714450382976,-0.013483116013640137,17.64399189293496,-4.939080745023676,40.51881807892797,52.41266321470594,-1.512050064979919,1.4161141226067608,285.99811215407226
61897.10635365253,-0.4680562908979457,0.15157884355839915,-9.713891370265081,-0.0050025320520878346,0.0046908037032731475,0.029216704712619324,18.885064491145922,-4.566299722159102,42.01595582199846,52.41263267447327,-1.5120273817871928,0.9702754312187474,285.98344459504415
62004.16118676695,-0.44292655117940605,0.08565642815109725,-10.039137642385214,0.010861291681459606,-0.006852067399662874,0.01100499993704652,18.00404996200585,-5.846266636543968,42.02264835726459,52.41263131164945,-1.5120520048527826,0.8533062563517742,286.0477921211525
62094.545211634955,-0.5350206213834271,0.43907399784069007,-9.679526813312721,0.008853596519923184,-0.011536096314616445,0.007104141040938892,18.160801086846718,-5.724173448273038,41.709259407901186,52.41264846329606,-1.5120288097395203,1.0690678510861902,286.0432860063761
62198.1117913307,-0.3971926366160722,-0.07084061827707436,-9.984545982485711,0.00854196621437565,0.010325521127670196,-0.008453645809696809,17.78130149869067,-5.118890424109844,41.981789203570244,52.4126361112093,-1.5120355183059153,0.8142416781558508,286.0652652249282
62298.56942665916,-0.751048908746169,0.04294259237944003,-9.627076266318445,-0.023009121338333573,0.0006007195995859286,0.02162781402534225,18.201803124977797,-5.902256442103759,42.63932711014787,52.41265481910135,-1.5120589274358205,0.977940835776186,286.05605720522476
62402.45790668029,-0.49084514302032234,-0.1043849937954092,-9.888184395418481,0.012093053511717702,-0.007559924708617222,-0.015269000280413229,18.4288016388453,-4.814281151897333,41.44865287613034,52.4126761263376,-1.5120498852178423,0.7965632351976593,286.06310463206705
62498.24266500972,-0.27637788480943304,-0.15041166979356033,-9.743479718019698,0.018564925925365416,-0.020065725861362446,-0.012331688948466576,17.383633216460968,-4.502588367162785,42.09343458409553,52.41267285160328,-1.5120539730593614,0.6087005408901026,286.0553005812119
62599.68728068075,-0.6011676190854319,0.18511014793648517,-10.186293098306772,0.007058178901718003,0.0030306654652734904,0.007152453757946961,18.220011735296573,-5.136009369105344,42.841709023224226,52.412653719368706,-1.5120354741260642,0.9222787320436496,286.03178206856
62701.08543687873,-0.47902825195653975,-0.2319546799848199,-9.679438892087724,-0.010071619524712219,0.005072249390998937,0.015799310549350184,18.077784527745113,-6.052961019928114,41.99420438977356,52.412684831258254,-1.5120665592311686,0.4638141012509187,286.04409458068744
62802.76436950941,-0.5438921069597782,0.04394557044853679,-9.579452661225972,-8.794503600894647e-05,0.0031326424602504694,-0.00017795212271011236,18.223998852002286,-6.043969700890959,42.78067183860736,52.41264984677824,-1.5120411365169706,0.818650023480161,286.0219445058194
62898.478042353556,-0.1503344984088431,-0.043560309799884754,-9.787001346245821,-0.0009685795444783167,-0.003642489882275831,-0.0040448047020456585,18.013478749287607,-5.084102438043436,41.648107990417834,52.41265444807199,-1.5120788708471435,0.7957886603593982,286.05035836679053
63005.24257974124,-0.4734736439503149,-0.09608479665240753,-9.95381179627151,-0.01697857974904,0.010303820727131287,-0.009851143034273428,18.16119005097073,-4.901163738816899,41.677982287721086,52.41267578295546,-1.5120739052652703,0.7790263667500966,286.06990423903517
63100.64539492503,-0.43637532651381306,-0.041288925575464264,-10.097860702843612,-0.019729994629107423,0.004142421100432716,-0.0008841397131951591,18.212997814040715,-5.59620842134688,42.01641951109136,52.4126693452256,-1.5120967050764966,0.6977654339563484,286.0473420695821
63200.287134901264,-0.31847779507301677,-0.20986898899366468,-9.975854862062363,-0.003451780503782947,0.0025928157304944146,-0.0023752187137450493,17.063588514835406,-5.20020795930451,41.62707740463478,52.41266023446966,-1.5120902527773756,0.3355876846588015,286.02575764090443
63299.549506416464,-0.36604477711601163,-0.022348158482516606,-9.975154426780758,0.007516240619753774,-0.010199797742350768,0.01505064407216394,18.17828936102831,-4.498766429831359,42.77446574304623,52.41267736529056,-1.5120426059884093,0.21364050796925796,286.06103548032104
63398.90670906131,-0.6103050261901639,-0.12723534351909355,-9.979173321640308,0.002261908784921386,0.009343898886904315,-0.0040939599853474775,18.346359307381363,-4.97353274381893,43.20997966025103,52.412654773605425,-1.5120748185520194,0.4374549655633406,286.09201122787294
63503.668245349,-0.5486653795265322,-0.26264849509957783,-9.817761623317546,0.006551349365675232,-0.0007113873475843495,0.0031386728711212874,17.812672661723305,-5.799062639525379,42.12302415319837,52.412648524461666,-1.5120813488927916,0.3847092076448729,286.0813092440767
63600.13114461249,-0.5731132760763824,0.12623525413175962,-9.623009013414855,0.006075028185804351,-0.008091149306001067,-0.004236976488980312,17.690759746772766,-5.544300352094423,42.115902017585434,52.41262919435267,-1.51205499571885,0.3312036463578717,286.0762534638376
63698.97920606246,-0.2914413969458259,0.2526116968748224,-9.750681382268784,-0.013986000260380625,-0.008520057894810798,0.02310403750948999,18.133610669497727,-5.26669379562876,41.22755720397609,52.412665368830545,-1.5120178176645798,0.1087467824092912,286.06749635836127
63799.621560198764,-0.46768496592990305,0.021408709814156903,-9.718270578175293,-0.0041697187052550265,-0.009163232143661574,-0.0033191272578907945,17.652916492595576,-4.829361610156741,41.91961294144094,52.412687356124536,-1.5120559147519714,0.219678337712106,286.10702263870553
63901.99925680869,-0.4981435578651555,0.47444676843773576,-9.570655863881075,-0.0014376210691375776,-0.001955416974758537,0.01998071412505041,18.67652796520189,-4.6954314122621135,41.900009127379164,52.412662571447825,-1.512089668952695,0.011659433036044144,286.13036777569994
63995.47905998675,-0.24524739166309023,0.24093319659189127,-9.648483656502313,-0.003969643295983553,-0.008512656111040174,0.00040124602981772735,17.589227801623686,-3.9520623548437808,42.2190547571154,52.41268155654387,-1.5120955240174374,-0.16499520252987296,286.14430509565955
64099.483132818525,-0.047396716484801434,0.18831931711841468,-9.634580983403279,0.004164478319873173,-0.0072680274291287775,-0.007646726397957621,17.8796894237892,-4.739798444785513,41.21615114681344,52.41266272222907,-1.5120584929387684,0.22777793742372587,286.11826354871516
64203.32278412485,0.1497191195597944,-0.053732655399090105,-9.656154401444388,0.007653414427851184,0.009893769154909141,0.00045242071503647646,17.6837420512476,-4.876304918628448,41.81757754622094,52.41266549516991,-1.512085613002885,-0.08025891505444763,286.08804099083295
64300.49116092362,-0.13393721409114812,0.22371145066051185,-9.312242269423644,0.009395694121798144,-0.005098700045931409,0.00640398739186299,17.120657922653663,-5.374326161839692,42.20028849471107,52.412681708621676,-1.5120794779304891,0.009044536346062225,286.1149501185365
64401.02383131542,-0.07310234159245278,0.03114123350502941,-10.13887149878318,0.0014905234287537956,0.011154038060356395,0.0022178953509793715,18.13330978696441,-4.443934812394015,41.04356277739259,52.41263955489993,-1.5120404765018267,-0.01893472147297498,286.1627789495452
64501.7498668087,0.06993674714394205,0.07380023800488927,-9.901985427135543,-0.014147376783406369,0.010500044229233148,-0.008583001746533234,18.775480730035984,-4.984931553191459,42.21824141767409,52.41263828411792,-1.5120494095013708,0.05312720351299478,286.0846490035816
64599.360219731934,-0.22920150761067198,0.1668072851008114,-9.903716621570313,-0.008158094826127848,0.00020600480747242505,-0.005208501130078954,18.540564621339787,-4.315242047043379,41.979279146834685,52.412622751910014,-1.512068205162289,-0.12331707052547852,286.0387336322142
64701.11118030637,-0.012462122086906599,-0.07870558178955202,-9.909822776345647,-0.007208864851400692,0.004535902559032471,-0.007823177863281882,17.881600808097076,-4.126472811511964,42.27878308369174,52.41269134913255,-1.5120233701047134,0.17236911662419346,286.05697382533094
64798.968100352504,-0.1488684559214006,0.09191801223933056,-9.975550219320997,-0.0075399192354655645,0.021833166994048338,-0.007652763022716791,17.54740197492531,-4.730259811656053,41.76116475679973,52.412663616682174,-1.5120396055547065,0.23217921394918561,286.0500079974886
64899.42956998014,0.11855321746771398,-0.030778771555316123,-9.647634656694816,-0.003798493024110864,-0.015500760176435313,-0.013222540956351593,17.466231186604784,-5.465866519531756,42.56270532768309,52.4126691836726,-1.5120862762596192,-0.2416555716559733,286.02291870001045
64998.98490872412,-0.2612080839356428,-0.12477126005865027,-10.131328012589613,-0.005503407019918083,-0.0006180338230934275,0.019069728087210525,17.973581910928342,-6.284856962848252,42.0062740267107,52.41267025179807,-1.5120330073117902,-0.02875300996522739,286.04235295910917
65095.867486671974,0.1332621205856623,0.16854551131472187,-9.99829000741062,-0.01747503251034125,-0.005392043278920042,0.0012217292589393374,17.768742101685785,-4.6606046834437045,42.907704676117646,52.41267394544592,-1.5120837654781936,-0.2402827588948779,286.0042683563852
65202.26619766187,0.2427474930912334,-0.07159080420325722,-9.90589734514015,-0.006569700624066783,-0.005004052684841144,0.005609336182185443,16.641347100380127,-4.877034627792011,41.954270379024294,52.41262902977937,-1.5120698374677524,0.2533518042137761,286.0301588804798
65297.98958722753,0.018975835187496824,0.029957236247833623,-9.5493587520458,0.0034013052166297747,-0.012875419315354497,-0.031385388720101146,17.148487472813166,-5.565030373750681,41.91887377294575,52.412680214192484,-1.5120943080669904,0.33846844965447737,286.01761317300463
65398.54590352426,-0.006201603852832985,-0.08203737204884369,-10.10500416938281,-0.008489392634997461,-0.006167542187472831,0.00016735847151652314,18.07078487151667,-5.1493068320996915,41.91459939734009,52.4126544689286,-1.5120756534596553,-0.03337652158310075,286.0650496813895
65500.47174400802,0.24074349729987005,-0.20688831579175665,-9.80228396406827,0.018922516020074238,-0.011890132512338643,0.007060337334228136,18.20303799908675,-5.273450700241181,42.56649820901035,52.412681702940844,-1.5120897921872458,-0.009988527421070786,286.0591842358043
65600.22575531207,0.169724113859043,0.177878910573638,-9.538212705251501,0.006527287703981104,6.266483492679613e-05,0.01878780357963499,18.39262349964025,-5.05749586608069,42.153123268564066,52.41266823824178,-1.5120733545223295,0.2165867152022347,286.0870705933037
65699.2230612259,0.03949583713202741,-0.1519186174260829,-9.797217658062685,0.005795025149446632,0.001356039125989984,-0.005503659801847878,18.66892053883277,-4.490782161785288,42.11750518157871,52.412657316130854,-1.5120249906966368,0.05125243585442843,286.0740314207801
65797.40156560023,-0.0030842812865565956,0.14638594287540937,-9.84479758143665,-0.0053228474363279,0.014277541400380874,-0.0006064589143321315,16.86591615902378,-5.742934256539735,41.62698509378965,52.41265138570631,-1.5120582926462642,0.1558520109321154,286.04595768111164
65899.82591569223,-0.10888574453247661,-0.339907792730334,-9.787021476642753,-0.004128985064182615,-0.01247642517389065,-0.0029509829064525896,17.752131244562285,-5.3165107269160625,42.37379793825952,52.41265115546661,-1.5120698664112053,-0.12910772256667702,286.02880630396714
65997.47161864521,0.15654447963979168,-0.03648589935993403,-9.461347803085896,0.0020547844146703905,-0.0032579114175887475,0.006542863472067892,18.816886491425155,-4.756642699805733,41.83402520113134,52.41266279618335,-1.5120312279557488,0.030075372940612036,286.03054449765784
66101.95983797195,0.09666024461076346,-0.12533841659950049,-9.510826539024476,-0.009041256310515878,-0.014180524967634934,-0.005358898082947998,17.781248130148867,-4.766864267472172,42.18682182521076,52.41264405210014,-1.5120775696772697,0.20162886770989458,285.98655554402524
66204.1566851297,0.3550246751265415,0.3002348080891076,-9.802955856062544,0.005119358671603585,-0.0009875031997346527,0.025014214601367907,17.482841540682028,-3.898824751989233,42.40995112752758,52.412664157752396,-1.5120677694337876,-0.08019662144665735,286.01826581982095
66301.97100665863,0.2836343570967218,-0.0031386373327878117,-9.813175283388926,0.0009060457109190568,0.022495147941876025,-0.006161059806622091,17.4726115354037,-4.3290200751526715,41.8308586189589,52.41266221801944,-1.5120220488074825,0.1051139057684698,286.01743192268407
66399.6755226386,0.16795113891899371,0.07936925884043959,-9.943826681177493,-0.007306032977693503,0.005898709843020591,-0.010714006856201812,18.185775521018,-4.974384963210282,42.93581515133557,52.41265445617005,-1.5120981739265589,0.0476271490446991,285.95053598701566
66499.69770813477,0.0663501072389141,0.03222344670313488,-9.868198837511954,-0.0024996192101894897,0.0006444807157367911,-0.005420697746909879,18.46151836589195,-4.324423154844385,41.177797366248456,52.412651330181546,-1.512077621204938,0.3755267943919573,285.9079509264052
66598.62751287139,0.08025301018773498,-0.25096731016475665,-9.703616479319473,0.004179419213647146,0.009801072925109195,-0.017950772557473432,18.35186877463,-4.913323408379686,42.26015443815689,52.41265585744473,-1.5120329775006218,0.060952781429803364,285.87523994141225
66700.06181652925,-0.05954121757079536,0.15363973763925726,-9.541307437064276,-0.009756761515313383,0.007189417752083437,-0.008765357785348066,18.32933655132025,-4.863969097892562,41.65689286571628,52.412669483822455,-1.5120448693779003,-0.06850536914887001,285.8432535645986
66800.01931956061,-0.07566059754617599,-0.014266576962674799,-9.726999324433214,0.013783116440434793,-0.010323928639569926,0.012463790238482755,18.50990473561465,-5.377095412734452,42.27317617123948,52.41263023750523,-1.5120871618785687,0.1792618298564953,285.8486611025792
66903.4424248308,-0.09904037880846941,0.04585709110755345,-9.83718926449325,0.0017419902783031539,-0.013391752407316198,0.005968938768262476,17.99833239039958,-5.0973104445433295,42.43884062604046,52.41260960168436,-1.512048057209696,0.07264933640246511,285.84299533350645
67001.86798606097,0.07447073379898697,-0.18026519028593094,-9.70545924486489,0.0056333407037682075,9.839400970710467e-05,0.008204187886381055,17.1537658949218,-4.413267905481512,41.969763274917106,52.41266943007524,-1.5120805500042405,0.012332058826493323,285.85427298677314
67100.07015704658,-0.06582686238133278,-0.11368980465066328,-9.893740958857482,0.0050693733515867435,0.01733965695082178,-0.019383497607572023,17.445280633220776,-4.7282749016928785,42.4495961104751,52.41265506416644,-1.5120788563549958,-0.0867205273508103,285.8336396448641
67198.44607153887,0.31614432938145537,0.16954328913665342,-10.08153642725537,0.011505943308889908,-0.006439271334389497,0.010868716784002603,17.73448963060084,-4.524188268011288,41.98692888136767,52.41267294427244,-1.5120515027319188,-0.2192335105272766,285.86125146364327
67302.40470177316,0.12671168088202478,0.13080941128565426,-9.790556491660098,-0.002563114273093889,-0.003965863239252156,-0.011413902044335842,17.685926811135335,-4.36016584935989,42.599816070431224,52.41263310012487,-1.5120572232507448,0.21586113126749545,285.8411631627025
67403.59391412041,0.056581516535822045,0.016335207515433884,-9.670458653461564,-0.02324607703547879,0.008523124439976958,-0.015699923066716078,17.362910356589808,-4.764162091294495,41.668464476277066,52.412651377843765,-1.5120827264348478,-0.34944397678016614,285.8177317377588
67499.25774022788,-0.31762340042377135,0.3182687918916918,-9.492972193676083,-0.0010588406201365538,-0.0032808339326820847,0.018122676887413827,17.933727259275685,-4.122429274948668,42.034760127062306,52.412680028920796,-1.5120996973746919,-0.07690569890807752,285.8309954570632
67601.81393528834,0.03816516032017724,0.02098565148835316,-10.049983039408378,-0.000589573779918832,-0.01000577512454006,0.008918343057867071,17.72586016430407,-5.2314088327539645,41.81169257561726,52.412682090847404,-1.5120699230029608,0.0732663293185188,285.8018967052428
67699.8404087751,0.06793051545478201,-0.16328108227363788,-9.77302231692863,-0.003608430053216788,-0.004428594315754171,-0.01568111246611228,18.229765925818732,-4.639698711471677,42.40245368309396,52.4126555535183,-1.512040147216494,-0.1319648857697807,285.82818966846537
67798.57455149609,0.134692747820597,-0.2853342433444462,-9.87810378618086,0.004013829454745597,0.010033628681509501,0.0034897091724134114,17.371676032857188,-4.040740926788874,42.16966477011286,52.41265394253025,-1.51202145246625,-0.32343248501224253,285.87156319406586
67898.50328692616,0.29749720471609153,-0.06058862210085728,-9.439783794155865,0.01636040639112766,0.013283716021597064,-0.012135454257700412,18.07234994547873,-4.352433530507073,42.1887711650282,52.412653471512975,-1.5120331416143056,0.10510238740111942,285.8990514440827
68003.9203640447,-0.11815022145885143,-0.11901102599666429,-9.3577100688727,0.00658968665281446,-0.003691560575950343,0.004145959187063813,18.237829251564392,-5.656713603339847,41.416471866379005,52.41266703452499,-1.5120693547812043,0.06165935719594906,285.87466886584616
68101.3087672865,0.031402522775307404,-0.018067713144737922,-9.961055172846308,0.004757528385515125,0.008229771916516405,-0.006129552551912215,17.962480303440348,-4.885914701336276,41.64186545783217,52.41264827272267,-1.512063213999423,0.1290882076655204,285.8598862418652
68202.5276771554,-0.10186702782124227,0.202676738578568,-10.012705719635067,0.007159533248937476,-4.125173775217814e-05,-0.005938681531356667,18.376068322426793,-5.643817756587461,41.61914791821519,52.41262977222932,-1.5120777248115358,-0.1277186788978387,285.8765641846967
68299.25548948627,0.09307395012316544,0.03839525651230738,-10.18608964382495,-0.016501905812940573,0.018124934770730516,0.00842916910929195,17.51789296470704,-4.249170400210988,42.91892094399741,52.41267751244024,-1.5120573333973437,0.2748346287141113,285.87072845022226
68401.39188556785,0.18128485717468576,0.2832053636104719,-9.97341678908236,-0.008652085002468692,-0.004825676987482344,0.0083024688492095,18.647601868671792,-4.678747877578299,42.016290151779316,52.41267489382367,-1.512057903626089,0.27846348395183423,285.91022186884254
68500.24496557326,0.3601671030868401,0.15474259957258957,-9.503598225881806,-0.009121923541556422,0.002026572950397362,0.020093256991581064,17.838753372097173,-5.342218808997859,42.13686451141588,52.41265955916831,-1.512061848792408,0.0339828481287795,285.9502778493646
68601.7428235293,0.06506925513530984,-0.015928099925516522,-9.697785032822388,-0.007318143717422284,0.005493347363974147,0.01718190448675149,18.40613425866206,-5.48929172806761,41.70489337652179,52.41261824394165,-1.5120609760340593,0.09619975706660648,285.9827102311252
68700.41975247227,-0.11013775624580754,-0.03139485793639756,-9.970542485921065,0.022305218213348563,-0.008538492805349837,0.009373395535088293,17.623763254877517,-4.712122999168433,41.89234451264113,52.412666894854254,-1.512043376202093,-0.004120754419797215,286.02897128927384
68800.02892750839,-0.050158842063952186,-0.017802449133013702,-9.513925624094515,0.009191092577438102,0.013601294506538216,-0.007557010452849461,17.87633930281968,-5.8101614795311765,41.83033426971116,52.4126231627623,-1.512083492130922,-0.3084940531090579,286.0051309870481
68895.63125073115,-0.07836534171058424,0.03732375018012523,-9.804592311243361,-0.00014006655999972725,0.007252012392111209,-0.0016348809097649468,18.703703592066944,-4.915687744133888,42.408908991272575,52.41267155223353,-1.5120942719936972,-0.017203671752758998,285.98737267928857
68999.9283937389,-0.16262863238649303,-0.356692747750552,-9.614877443740038,-0.014874662408898554,0.0008998441834289669,-0.00186000031090661,18.426371243360997,-4.344949769446888,41.220034597685455,52.41263751560199,-1.5120539917565259,-0.183673377498652,286.0039964753813
69099.28801170898,-0.1916085576307232,-0.1566463529965609,-9.452847436436329,0.004219080597675257,0.0007397516173622173,0.01326774386489989,17.723063519848864,-4.935262591880475,42.287677516000585,52.41265753574085,-1.5120657124181982,0.23590291444264966,286.05573323820795
69199.89950672483,0.03249298226684849,0.0756486605083692,-9.59078332994956,-0.001059136169221062,-0.017327649551605876,-0.003753361570212602,19.49545957735317,-5.452423943957303,42.43525558966854,52.41267493620188,-1.5120580310308227,-0.15098038799099497,286.0298300456079
69301.10387801862,0.021121902713137998,-0.015736096943415,-9.775493895621553,0.012705308787998837,-0.0036167966306843353,-0.01724088472229341,17.537183261294032,-4.692416020257794,42.362027369094115,52.41265958098564,-1.5120484342500142,-0.24432797306493811,286.02340616775393
69399.23737486094,0.14620675565131738,-0.03501876688297996,-9.890552744050684,-0.0042476447897345625,0.021691236330946016,-0.009657488675070228,17.6202843421287,-4.808248310439958,41.254293514029975,52.412645707585206,-1.512032927245193,0.1958714678723522,286.0376990355262
69499.57135568275,-0.13885268839263928,-0.1334222739975603,-10.272855760411021,-0.011048390257552323,0.009082165207592936,0.01566560466223301,17.47091220546635,-5.5089720809794684,41.28966545355792,52.41269048165572,-1.5120544790005384,0.07890359083512749,286.03489572579065
69599.31114357655,-0.16932503112928265,-0.023266716938559903,-9.836582263182622,-0.004729587726891491,0.008215964728862851,-0.028206705895292773,17.904077847761442,-4.898580106810645,41.5785194329257,52.4126586031825,-1.5120306040894878,-0.24845616950451255,285.9721023042696
69698.61220194763,-0.09474140803147982,-0.014623618368801638,-9.964690865165938,-0.004799904465427165,-0.00784618397025636,-0.020806749437414066,18.056366857509982,-5.1400504203754505,41.062394552748074,52.412611017937685,-1.5120360746122152,0.0817904364237659,285.956207856437
69797.9388509811,-0.12016015273463698,0.12222044363152848,-9.373168921678658,0.014955814767186104,0.01616571881860606,0.013977977726555568,17.45424724609087,-5.207043855260857,41.89025502116417,52.41266864583723,-1.5120508938468507,0.16990442330174094,285.9431826421119
69905.11419814688,0.3754032055554595,-0.01422144472669547,-10.04307833533933,0.0012825082328762857,-0.006326759960220054,0.013239439077529754,17.886560733734143,-5.169644621961756,41.749089841285816,52.41268943081985,-1.512050709054442,0.1251331258400752,285.93251431673207
70000.06797407924,0.023029495695048797,0.12953685580007854,-10.091043755430944,-0.008163760617725686,0.0067164122563704845,-0.00825697446873857,17.841225232285527,-5.371382061575557,41.57022067573448,52.412658783699854,-1.5120388757781382,-0.09110034387193541,285.90371262295344
70098.70511250438,-0.11454407684343695,0.004432655020669925,-9.872579355974167,0.010989887939897426,0.010313201639056739,0.0077254421812939095,17.493963367161022,-5.05760918225206,42.37188927917133,52.41266288220375,-1.512073867793605,0.30077257898522264,285.8965804939469
70196.28975616008,0.0976154706041818,0.13225809308406944,-9.655779764974593,-0.002146203321219629,-0.006739455215001846,-0.017850893631470514,17.882065993481774,-4.617303632123518,41.839562325332786,52.41262686036074,-1.5120893054823767,0.14174287021469517,285.8352086704567
70296.88666682491,-0.17800954968403032,0.05300997957389568,-9.919614056787298,0.0037147886625833078,0.01435149500263123,-0.010340176916412782,17.2418357042179,-5.0032806691586496,42.1495707644402,52.41269205127701,-1.5120407103398827,0.07547672614669926,285.8088804512913
70398.36930340253,0.1545114031814372,-0.16481012640315532,-9.75347341572932,-0.005177281707930002,0.010108173301596166,-0.005769650467857363,17.750307865970175,-4.852906484696866,41.46511853878146,52.41263794930546,-1.5120236046507816,0.2948450754429724,285.7929528034349
70498.55943399915,0.5474999738226798,0.06822907327511474,-9.635966073831986,-0.0035770796724142453,-0.011705026432247707,-0.0022233568624896896,17.69990808717556,-4.71718502478269,41.95479516406333,52.412659892922456,-1.512064816106424,-0.4712054342837945,285.791191012999
70599.22880654858,-0.2671212936918522,0.09068105742381803,-9.928958297293562,-0.009949042062021747,-0.003322782476145485,-0.008713906517303223,18.035837332664734,-5.0131867873750195,42.129458508185856,52.41265865156009,-1.5120616435594534,-0.0006173466337911617,285.8131086833953
70700.82248961032,-0.12834613144536497,0.18070095815403528,-9.783977180989998,-0.00886530690583493,0.01263509823621525,-0.010999237069233683,17.436862609038208,-4.871539982693317,41.36817864990335,52.41266876716347,-1.5120700690580262,0.06293849194497704,285.7957520199326
70797.99875541031,-0.010400632595215054,0.07499415124424053,-9.472565381175743,0.0065817531384455875,-0.012774992044576374,0.01854697395031532,18.40963300542789,-5.268797693717106,41.86179633927618,52.41267050284214,-1.5120800814676776,-0.21913836244035856,285.8102636188596
70900.50272282379,0.0406684941340522,0.13078268199909718,-9.460213240952587,0.00779178472448208,-0.006490996194449585,-0.007863341076615463,17.0944260244333,-4.885340161228335,42.38165184550481,52.41265827829464,-1.5120839658661724,-0.04600479421797567,285.80130870475045
70999.0452359206,-0.039903279793951515,-0.23846721741791166,-9.653858180637684,0.007371134778819213,-0.005124129983342266,0.011893390513550678,17.94623216278836,-5.526182818311119,42.38269087665229,52.41266021817413,-1.5120827893608886,-0.17123179186817833,285.7623468784536
71101.1999678442,0.13295418413912213,-0.06027267674161791,-9.740247912784207,-0.00903277315838041,-0.0013462763014803478,0.014841679615006561,17.937622461508415,-5.058890382010074,42.343669215049204,52.41266169838109,-1.512039379915156,0.26878852918528157,285.7665640930794
71200.96354259504,0.07415029406489074,0.03666321161623332,-9.47718653452518,0.02224659023357356,-0.00147942581774796,0.007078467506951475,18.4989100263006,-5.0378749903878255,42.96507419636338,52.41266066223657,-1.512063348334649,-0.19199197069894924,285.7788499668832
71300.6894655536,-0.20312383023463593,-0.027307865826844194,-9.695752798333364,-0.00720615865555537,0.006480031969131585,0.01705674006439653,17.714459787577702,-5.124330965877155,42.33816807084295,52.41264498086007,-1.5120793366759049,-0.17810682986304024,285.8201306143296
71398.93044774962,-0.14305985783954905,-0.09430112895092277,-9.866997657390552,0.0026415012825538042,-0.01260316434758389,-0.021924075906919808,18.71739460507424,-4.510510835402296,41.73277813447616,52.41267500412848,-1.5120774528067666,0.1352239401009772,285.81799183768567
71505.89763090097,0.14316487429491925,-0.0022871560317912223,-9.63281640001678,0.011026761485375843,-0.015336997159566306,-0.008808936795045125,17.808211801163647,-4.788987433272074,41.46843844603756,52.412686827577375,-1.512066749032979,0.20179316125364954,285.82693026189713
71600.83737024605,-0.4415130893952761,-0.16655243884248316,-10.13383049582736,0.0038024427599421522,-0.010658274615092672,-0.011553467984330287,18.13584198983143,-5.058805494367314,42.12997575810933,52.4126250072801,-1.5120359088987936,0.24272349551801653,285.8593624369596
71699.13367190375,-0.09597322797613404,0.16272758465584428,-10.042009479514366,0.01365063380425274,0.013286902566046784,-0.01992672672844856,17.911266948698525,-5.299307828222625,42.34326581326191,52.41261840482916,-1.5120430353198833,-0.22523329569800157,285.86450750599624
71797.41599963972,-0.1348275496075442,-0.04890804509827037,-9.91336383167945,0.008819301853859518,0.005832900972874929,-0.009991505091074378,17.350614366038975,-6.352957755612907,42.32159863754841,52.41266496938465,-1.5120605476747626,0.16102376571403348,285.81962349024616
71897.20263764923,-0.3570167967283898,-0.060095383061761334,-9.588540187269187,0.028136454942858317,0.007153642779619322,-0.0023178333721647886,16.942760553669157,-5.111586638446153,42.533198061748834,52.41267562856056,-1.5120375245314763,-0.057121753719214775,285.8008165962898
71998.11437888973,0.09004140155270648,-0.06212967160915868,-9.539760820590438,0.004808682919506437,-0.009907374674333716,0.005362518924821373,18.776119496788453,-4.2637167707044075,42.37313755002483,52.41265949842222,-1.5120309704579822,0.09884636563914555,285.82158026471905
72096.83242527158,-0.06656418005633544,0.039934528958813234,-9.863629202335295,0.007479231612022328,0.004951868023057693,0.0030767023252245337,17.847563542557584,-4.2647210973842515,41.47628536179478,52.41269733423252,-1.5120881250753815,0.014843190224408173,285.8191456429413
72202.85667029838,0.05801147089834125,-0.019152490391129772,-9.806278603022161,-0.002658303413442018,-0.008095279696519823,-0.00012709289876395094,18.01052304745107,-5.384181177632696,41.82938421971986,52.41268372700337,-1.5120548364494075,-0.11276461087057764,285.83290882412257
72305.02414410467,0.47850736273603733,-0.25936429781757653,-10.162598280930867,-0.005128446104573692,0.006836437986794542,0.011435232604677163,18.235254138377485,-3.5726085374701264,41.65983905701423,52.412677606229835,-1.512035821897637,0.07057977776368554,285.86525331221105
72400.28983896702,-0.21442579846667714,-0.07455819777214862,-9.776041473570688,-0.006047387715054587,-0.012834254687585317,0.008017656209414692,17.741581713751966,-5.101796283914642,42.18832660650029,52.41265470076043,-1.5120436900569845,0.06545898546181426,285.8728818666086
72498.79754559248,0.008428885732036595,0.05317053740996868,-9.720011142643758,-0.0025721542509680568,-0.018383483431021225,-0.00014389020345015107,18.606649282452516,-4.072696726451895,41.49490685010244,52.41265546654629,-1.5120583422164589,0.08354117555221387,285.8778293289861
72599.1935122837,-0.056765934616846744,0.03145319970957416,-9.299312888156045,-0.013696501325416973,0.0041221737220878294,0.000755242559518876,18.86981335081415,-4.995765857406102,43.23025155476392,52.412663702310056,-1.512086510808859,-0.2104901666556383,285.87444634566305
72697.82165348587,-0.0467458401397491,-0.04014991664188861,-9.595922276248995,-0.00046318519003504355,0.013891351879422573,-0.008823957461169454,18.232239247134267,-3.874721464717367,42.29495786242546,52.4126435929197,-1.5120555977838621,0.2029126656044945,285.88246999652756
72796.85336735826,0.10243347022717428,0.009692302289518505,-9.492392240474013,-0.01747446049973231,-0.0021437498681673565,-0.007717302929904633,17.635861899788846,-4.620908891641081,42.34713687701114,52.41265483221105,-1.512092792339193,-0.03380585512903589,285.8794625231566
72898.5807454314,0.05809365599531055,-0.23761196933770465,-10.018662728700344,0.00145977257014083,-0.001254454081556281,-8.748342598467263e-05,17.446462389888577,-4.175819800014912,41.32089920221219,52.41265225577529,-1.5120888735444484,-0.16608849166693904,285.89520099488163
73000.88507034279,0.11746206764386674,-0.026166313078868183,-10.092463687551946,0.007601970742693804,0.0011502278801822912,-0.0030297424955396863,18.257359559379182,-4.8233016105224635,42.13908619792092,52.41262755155702,-1.5120743260665015,0.3621783466613553,285.88936398047565
73099.72989684666,-0.04220319412436053,0.11911077109975543,-10.029646101632,-0.01043429577824212,0.011184657336305004,-0.012238108958204985,18.551032399064503,-5.503585094964097,42.108627589169394,52.412645799567805,-1.5120442064998727,-0.07259866620563234,285.89065872320475
73194.39783412775,0.05731798035986866,0.04777856437761719,-9.757137990413113,0.00854477230673554,0.0040139214991717275,-0.023395583098394818,18.527680894553686,-5.876795977802779,41.848225081718574,52.41265369137113,-1.512055393102337,-0.12540019625758367,285.8327016454879
73303.72317295399,0.15562006156553995,-0.042958344203969934,-9.735690314174436,0.007661567652430395,0.007559076048355897,-0.0030198523173866954,17.835151689384862,-5.833242953344665,41.79968964723764,52.412661123844345,-1.5120494746680706,0.10642600191795058,285.82975820380125
73395.57009958854,0.2981858155356426,-0.02377638323966393,-10.041237394050986,-0.005783096318763617,-0.002996911890532637,-0.00720694678515185,17.68030184843703,-4.897199294834238,41.35823038572938,52.41268862544702,-1.5120499628922701,0.26697334535999856,285.80540308515106
73500.40279266972,0.14444695944797295,0.05071832674126341,-9.962269483744874,0.004316894868431404,0.008517161733317237,-0.013174579752020778,17.691430548303863,-5.3041250567537555,42.227081773476165,52.4126575295548,-1.51209585841818,0.43843963965924915,285.7870060941274
73604.34765269548,0.013475742880330155,0.06078887545153782,-9.879317101617586,-0.008068395550795636,0.0073825203135821915,-0.010132911599838052,18.19985472445088,-4.528137580060193,42.44521305587396,52.412660801931274,-1.5120562456345144,0.22992291219316086,285.7800154850232
73702.04338523516,0.26768666212859094,-0.0016064462381534816,-9.787561803748781,-0.01482389966474214,0.010727275416426287,0.010735444116252105,18.390420775042895,-4.941191834133293,42.50801416928339,52.41267179552175,-1.512055540309254,-0.5093237636504861,285.77257760981684
73803.20342752017,0.009128848463991618,-0.24490809825154622,-10.21892637094538,-0.005232965660386549,0.016297657617447274,0.010639909994563414,18.54339106466083,-5.401873713200245,42.402903211554175,52.41266592776778,-1.5120759583720522,-0.04668455072208486,285.7999960214664
73895.81744827204,-0.377346553662816,0.046140152510442595,-10.249022904764825,-0.024707272015924975,0.008739158184897592,0.002053832170043258,18.158928100810826,-5.164556554041006,40.295335132635365,52.41266407849256,-1.5120633365188403,-0.1891483990361182,285.81118077884526
74001.12763694937,0.10710673457357371,0.16927571341407932,-9.807551146049022,0.0038095450948581054,0.0008894852771743217,-0.015167421942649759,18.184509199348724,-3.9705011610374497,42.42969170580812,52.41264596481376,-1.5121010002493704,-0.05536477193818369,285.8066351391084
74099.50298250499,0.18370145487317985,-0.13181805229407173,-9.992301901214553,0.0022244968832224954,0.006400468585083195,-0.0099186434023684,18.80249633848333,-4.406600956827759,42.616808916040085,52.412679322636194,-1.5120554243571924,0.1472320888644124,285.7799873164199
74200.87729669754,0.23168657366418055,-0.003425894602975467,-10.178329309389193,-1.7400046586308263e-05,-0.01014496173226467,-0.014992914678543084,18.61771779868825,-5.03154990099956,41.832028726757315,52.412657574393386,-1.5120377061382644,-0.26557988927420983,285.7192350637458
74296.80377145075,-0.15411700104533657,-0.17009836395157105,-10.016871216863114,-0.01921968051541475,0.0014600013488423802,-0.0039749701619026774,17.907190543390634,-5.5656491027039205,42.03393998129406,52.41265839296263,-1.512085429787625,0.02012401462646391,285.7199786388669
74398.64674829268,0.13447750576609727,-0.008074249358410366,-9.867086592939852,-0.012531615640409638,-0.0002226171999000917,-0.007709588705218711,18.164711630189153,-4.651592734673776,41.66141319559925,52.412659749796745,-1.5120605241089768,0.23974940265992484,285.7734942450004
74497.84919144417,-0.07647879454788085,-0.1919023896912793,-9.890660128175917,0.012858892705499066,0.01834622975945181,0.016697293676940506,18.628454792123865,-5.401935683222491,41.939925585359155,52.41265906113784,-1.512057210685145,0.26144751424246165,285.7378701167614
74601.97429413468,-0.07321569939478925,0.03361844038684046,-9.798556102572604,-0.0032114532102290373,0.0044129192034353636,-0.008582779191561677,18.32102651023348,-4.9436896496039955,42.19042503451671,52.4126421847822,-1.5120608633726604,0.1751604936558054,285.7681395847609
74697.79668766914,0.14831714310965338,-0.1146612490986915,-9.943516852482341,-0.004864540964777272,-0.004844639860052143,-0.004200825437641367,18.39328980572881,-4.657385772495176,43.25188322394973,52.41265141835491,-1.5120432066554381,-0.021167733568448976,285.75506170636413
74796.17524827649,-0.2718251182943264,-0.04589095537442283,-10.049133064269084,0.0173717925147036,0.0007768178345526538,-0.01556901811947534,18.055167080065697,-5.4492310669225095,41.838330327765,52.412666313124824,-1.5120633809463584,0.14380703884475252,285.73425264650336
74895.55151204235,-0.10687945960747876,0.2463955936715245,-10.097462575011614,-0.010789070157569929,-0.0077907885757103005,0.013322679045848308,18.028834717462036,-5.1772565169888365,42.0755618502817,52.41265511471714,-1.512030912730146,0.12403456040211158,285.77742626928784
75003.21213872402,-0.1106282650746125,-0.017443457179944825,-9.430844390046083,0.01148027859929426,-0.006054938473790852,0.002919707420999549,17.196858415736937,-5.020462794006999,42.2997010908125,52.41265241290762,-1.5120626534920245,0.10247254100322939,285.7987371210397
75101.8174153451,-0.043214134337454566,-0.018857650219950665,-9.9254003758093,0.0025182281176275036,-0.014206909393588022,0.0010008499968787,17.65648105157762,-5.050986616339124,42.02441047603607,52.412674407026024,-1.5120558211909898,-0.5047383232724114,285.7819249653676
75200.1243845933,0.07876082229440294,0.0042750520197362895,-9.722304971244498,0.011805773037733428,-0.006137203735310341,-0.01309546768351154,18.310650277025456,-5.137527587848718,42.49361834127661,52.412685319600335,-1.5120782583540116,0.19873373713942086,285.79403413531827
75295.07186484046,-0.3596168708986068,-0.2897204904469134,-9.548711075554145,-0.0013859473229125292,-0.0020870025627326657,-0.006525319106012808,18.529091016211517,-4.365905131211956,41.845270593523985,52.41264984331114,-1.5120608998657272,0.5075071021432372,285.768371224435
75396.92891595946,0.07447519253491278,-0.017065636458483323,-9.867034137178004,-0.004732439608164419,-0.015347265575270953,0.0049249398223016085,18.160847411806884,-4.9143575563263395,41.82381229112198,52.41264437268818,-1.5120559938351785,0.09711832825090519,285.797918489774
75498.08740276295,0.06383954898117361,-0.17957686968052353,-9.786949272984227,-0.024787789130604684,-0.002644033481673856,0.004058816393276302,18.521315792423355,-4.3289603266660635,42.10921520644586,52.412650209668584,-1.5120560589603018,-0.05861870079253781,285.84283178485543
75605.27477629078,-0.007156218937158499,0.04063470885695412,-9.781924336740293,-0.016522239360947568,-0.008869371061036396,-0.003736847357519407,17.616134625416382,-5.049903154429894,42.03718698919614,52.41268393293072,-1.5120758934680258,0.14017818382554964,285.82074129292005
75699.74802526283,0.15771148142231084,-0.06813547864234239,-9.587161229329727,-0.02754839304741707,0.01449932762622699,0.010858527678234933,18.226789370869167,-5.118906355964409,42.04846756358706,52.41265993521572,-1.5120560546125683,-0.15769530702829693,285.86245435296314
75801.24578490172,0.027990370150344522,-0.07938847174974852,-9.89639763071761,-0.005799577882053585,-0.017731077442838174,-0.002660276271666372,18.696575742501874,-5.261559973326341,41.08285930281671,52.41262089855294,-1.5120927070956782,-0.011819843151399572,285.8545617534187
75896.51724140013,0.0945151379814537,-0.024500700077117868,-10.187100773559084,-0.002587139088246291,-0.0025474440883614603,0.0012697405426681933,18.642260717846487,-4.949571726098323,42.027246829102914,52.41263205682417,-1.5120556853594007,-0.07138127106874385,285.86104725464884
76000.62209881778,-0.054706410555523194,0.0105767838795319,-9.680294721946316,-0.00886391717569309,0.005299393366430442,0.021026995065890293,18.830088336311686,-5.002893979527877,41.96193612801145,52.412644351942504,-1.5120733285042722,0.09537078552933557,285.8884729143956
76102.23506504839,0.05918177839466875,-0.12657792387613753,-9.562714714764647,0.010940018971934536,0.0010550701411804917,0.007245674333088112,18.21112080116056,-4.782745635685835,41.28733003626246,52.4126734403769,-1.5121010826927401,-0.22825887414561544,285.90019122128933
76198.60052142067,0.09863667787536505,-0.3001616157010877,-9.656018718660036,-0.003989355531394786,-0.003877376647802063,-0.01086109482846271,17.836729188800184,-5.053845727133658,41.9975571902555,52.412633297212324,-1.5120579965239171,0.3249178526396431,285.86115616036363
76294.60143195889,-0.0020365927094906644,-0.17328989342600404,-9.694278734513325,0.010891315213379268,-0.0195891513682902,0.0073321376094869955,18.457743011837767,-4.118454982863954,42.18181084610667,52.41261466942271,-1.5120723796358462,0.08849299306104302,285.85286224426955
76400.0754253817,-0.17890863572608728,-0.1795781004425619,-9.593377278569298,0.016434896705214096,0.006277526845087295,0.0034570320787384256,17.484180240795812,-5.054650737518023,42.24753355739536,52.41265052929334,-1.512059717351026,0.1999834043538221,285.8409969526492
76501.01406001842,0.28852898722889425,0.3301004395146301,-9.525151839761469,-0.0006046108364655536,-0.01209728088267509,-0.012858011572244846,17.584787814146274,-4.070257337359152,42.6757358279694,52.41265561939516,-1.5120489257304246,0.035701358117773294,285.84959948433925
76600.04322743195,0.01719373501096183,0.37032234747004694,-9.866052231267883,-0.0038578182235554453,0.007635814577269785,-0.003278501059311822,17.974755781164696,-4.4311207158699535,41.956680427688326,52.41264848915165,-1.5120397792345601,-0.022829723679217186,285.8700070021748
76703.33379413364,-0.24037370498488092,0.19651167562311309,-10.011335385620558,0.002443478536174578,-0.005784808383951988,0.0029091164500466907,18.69671663265396,-4.788385657815752,42.901882842680784,52.41261976799949,-1.512092941903838,0.0736892635733896,285.92479044778975
76797.72979299753,-0.006779315231052475,-0.10025857764842074,-10.12908622706318,0.0030517564198804916,0.007188415316317761,0.0015979974126252147,18.280874154776356,-5.378039058294459,41.63696722466641,52.41263881978338,-1.5120778331191955,-0.08068959190439136,285.96070080449715
76899.04215560584,-0.1121245872516616,0.1042918489556881,-10.265341726298256,-0.00024235214583546216,-0.006492369278463119,0.012328477786500107,17.975570956429646,-4.899867031454148,41.5363581237226,52.41265193086684,-1.5120779793162564,0.3871430298503764,285.95179373252915
76998.00040070878,0.02436294139382019,0.08505966290955376,-10.19132335150731,-0.0056778791460349596,-0.011258707499815732,0.004421832701311315,17.20437365631328,-5.66293561274233,41.73900620936984,52.412679351518925,-1.512077604664559,-0.1637878370744854,285.95353823882465
77099.23222495052,-0.07273493333245837,0.1904518765674699,-9.574035125621595,-0.00349819742796792,-0.006413651316694691,0.01683930176320555,18.710534772180004,-4.711117887044121,42.16571561079805,52.41261544579245,-1.5120268733146507,-0.29508795977452323,285.98766492248376
77199.83624471669,0.08509126688960396,0.00302225925668702,-9.663101293132172,-0.00803486907555535,0.00627572597667779,0.0040397578201745235,18.404869430861424,-4.8627447631657885,41.918409431286555,52.41263760525357,-1.5120878552015922,-0.38712654632345644,285.9821018638587
77297.02900169007,-0.21807953145484066,-0.03738578270309055,-9.78045169197242,0.0159058883281735,-0.006446839684931629,-0.03335135392420973,17.416344540678896,-5.216447178302557,42.43447109527314,52.412662699336295,-1.5120744377477442,0.20795742620414384,285.92438091784766
77399.95643371568,-0.09117754666645622,0.0346133289447817,-9.904864438294473,3.532964606017302e-05,0.011098705184364233,-0.00821523021642645,18.11682613222115,-4.569075009286165,42.026169183497736,52.41265824927055,-1.5120790301085956,-0.044377153026017045,285.91207468755374
77500.88965591886,-0.033942284631955776,-0.06941075352095878,-9.593707938684885,-0.0015300488740643558,-0.002693144072984712,-0.006603078630544946,18.220788313445293,-5.735833078146944,41.7163694755211,52.41264721666298,-1.5120536760222796,0.012941510352622691,285.897540350343
77597.68497770863,0.16001512440112453,-0.17663877945315504,-9.819260468100172,0.010508265369494103,-0.012376551923098254,0.0032778736517606348,18.10047065443669,-4.381656854744419,42.02672588634133,52.41262675331776,-1.5120941970212711,-0.13917775524088447,285.9017454992013
77698.20724319323,0.1005547355457519,0.08155307562905673,-9.779809101794335,-0.009612892389591022,0.01575905554526654,-0.010055488570084547,18.348415567718565,-5.327955935986423,42.01952126667508,52.41268468273085,-1.5120824898361909,-0.04867196521262685,285.8804213283821
77800.42506583373,0.002914387727876215,0.1279138962274982,-9.636964446391136,0.0006492838529393581,0.008924209493140094,-0.016965237180307388,18.081821850414293,-5.4767440548923005,41.223987386306604,52.41265805296338,-1.512082607515793,-0.09863069385527265,285.8532812628015
77907.51936099972,-0.2394083734584928,-0.028565475149150324,-9.567000220160802,0.014409306936582473,-0.0015064219626823466,0.0012365015102663414,17.265540410523098,-5.199417511034419,42.304601622894324,52.41268386927359,-1.5120769275921027,-0.14840296196771904,285.8386088058203
78001.96962921548,-0.26450503369952644,-0.17747085689516845,-9.979380780495143,0.008157186839889547,0.004900176502962626,-0.018001334762370015,18.519261714647737,-5.155276608753852,42.37782888797683,52.41264535400216,-1.5120867929359876,-0.18793124196256494,285.80599506342037
78099.02463135037,0.10939231245856254,-0.2568259738486902,-10.010526954656369,0.0012834414110896271,0.0007756039220153956,0.021032972808479662,18.468364635345186,-5.026123420839433,42.18172897203685,52.41264673293429,-1.5120539028733988,0.03276001413457421,285.849717681569
78197.74899123104,0.11858592556187435,0.1215807398595802,-9.692893163588657,-0.014196514582578743,-0.02551827341753926,-0.0082274820977144,18.159935152941355,-5.204851835960272,41.82392750949452,52.41268158799586,-1.5120106986656927,-0.05687947656251679,285.86986372023466
78299.25898474678,0.005074461860740681,-0.06771714092455165,-9.773228015438635,-0.004698999720165084,0.0015288740793439233,-0.005596983654751526,17.757609671373512,-5.807685076645713,41.35326880267337,52.412615478912265,-1.5120739035575606,-0.03419572787384375,285.8185839700441
78400.63277141085,0.026439218157711802,0.11382679267385748,-10.207123324085927,-0.006845388303799956,0.012971116460842582,-0.007248220048670563,17.953475152566497,-5.49249350340639,41.456254965078145,52.41263092077177,-1.51206066774005,-0.0218346377921695,285.81456834096116
78502.37892345904,-0.11485894386798592,-0.033821881226056595,-9.678856867443193,0.010742482850313508,-0.011128069373752327,0.009957836716298175,18.089713685562806,-4.7788616901328655,41.5154571324689,52.41267805533886,-1.5120602634679494,-0.20887284420886784,285.8475125237437
78598.38346823897,0.06924132016675368,-0.07134519942650698,-9.923087610681264,0.002447940786841816,0.005541831266058018,0.02344597437066907,18.163083562797265,-4.363280239621485,41.01724495152008,52.412681059437844,-1.5120938245382551,0.181558649759953,285.866530204024
78701.68367184156,-0.19848820304447923,0.025078449520777587,-9.45576429919806,-0.009643316681381678,0.001794488719697221,-0.0067835317293800535,18.346452822128928,-4.001166240587148,41.33268856776935,52.41267522144017,-1.5120830745666591,0.1767354963756771,285.8728489417965
78800.93058780051,0.045086939064536605,0.03445470434487282,-9.72040981845314,0.0009593166112487548,-0.006036732346421369,0.006621977204352534,18.023074586650836,-5.857236587644645,42.60185250700881,52.41268526521918,-1.5121146351665533,0.36956434781649716,285.87207606264496
78899.97825451409,-0.10253114804158146,0.0487960926622829,-9.618000129283708,-0.0034028903529997414,-0.011160227308827734,0.0009643199749651801,18.224806574116958,-5.551135734148381,40.91073749335288,52.41264087181598,-1.5120617444014168,-0.16931685101418892,285.85149348486084
78999.82509080357,-0.3355712869339226,-0.06761493997731904,-9.789996143054974,0.012392376313042375,0.009620904932399489,-0.015652361035192755,17.24870500952563,-5.3844195914076565,42.802275645268054,52.41263583910674,-1.5120475546999297,-0.09563987674605538,285.81594305308784
79099.0556273917,0.18682984246122586,-0.032805676133990505,-9.442960530238917,-0.002282447447374455,-0.00018477461768771737,0.009203290796884015,18.343398146794396,-5.428155331060923,41.9988808776709,52.41263979461471,-1.512068835686522,-0.14826307484821455,285.81836591989384
79198.97836718448,-0.09058489182811995,-0.05844535867781567,-9.733708011389986,-0.0010597665543739512,0.01946560740221196,-0.0025766286985446207,18.72894628816304,-4.433928002728484,42.13324496884253,52.412645737847356,-1.5120376254559795,0.000902277665232818,285.8262925653312
79295.88832825741,0.0013680163386991517,-0.0870795020945903,-10.009894752793706,-0.007120779003318069,-0.014456412896918847,0.0038678451327198615,18.45846236496257,-6.08233697624649,41.99959826528056,52.41262611471255,-1.512061986322652,0.26333704447900996,285.84468944149035
79398.76207547757,0.17501405022790978,0.05503799164213079,-9.754053287726824,0.004682430292432809,0.0032102291678803795,0.010537553685846114,17.958325835784493,-4.889460105386632,42.39746884006184,52.41267304613247,-1.5120828112155826,-0.06814065215213021,285.8677407973653
79502.10939947747,-0.06297547232322252,0.11627185717056486,-9.936680336700528,0.009274620451178389,-0.009844828111680852,0.0032589638842013854,17.739982610359377,-4.6579629973796814,41.78822110653934,52.41265415003103,-1.5120756195608442,-0.07388220275797316,285.88662185356
79601.53956495378,-0.11261505730157367,-0.055526038694539905,-10.065171561991226,-0.0021334145211506085,0.017233753680743997,-0.02418333815657003,18.127835055634257,-4.736240851806401,41.043967783356315,52.41266637362512,-1.5120213797971767,-0.4074109135293369,285.83950086338405
79698.203241915,0.2212697754798057,0.026214691464884605,-9.72008700016127,-0.003905081736922171,-0.008144002938082965,-0.02052925222369489,17.10972247391211,-4.728279565932597,42.71573905568678,52.41265014450389,-1.5120510317910023,0.06726555105594507,285.79892651579166
79803.46842264595,-0.20885189606791807,-0.182095291372592,-9.727111390513796,0.006401514825753208,0.004351210014000837,0.00800882481373932,19.105082976609946,-5.603212690691254,41.90116684136127,52.41264251275804,-1.5120449124124238,0.1864761688477072,285.82608875708786
79898.86736408323,-0.05672859715807413,-0.23897955435898285,-10.153715528820385,-6.498480316432467e-05,0.018627323361752032,-0.012885146540869318,16.782299011018644,-5.299612035308472,42.03100610704724,52.41266933865566,-1.5120682475070737,-0.009407748282407237,285.8524620627102
80000.09334302593,0.025803817271559767,0.02269216005701188,-9.784396690887567,0.0017553709254889084,0.006741564593938376,-0.011204146834871732,18.729005270285562,-6.109950418092443,41.83690903565352,52.41268082756148,-1.5120169399763415,0.20916601315484762,285.82866287479635
80095.13510678602,-0.06533500663720337,0.08462478837062569,-9.85269335255938,0.007736933535656809,0.008966221235837788,0.010404676458280436,17.733034713544622,-4.9798316169119206,41.343751783788406,52.412641313656295,-1.5120666121504869,0.21522919792649972,285.80484608548454
80201.97457649092,0.2504612537018732,0.08196288413995867,-9.913318391478319,0.0014444857837241087,-0.0037599570574592895,-0.004161392361999161,17.02683829620692,-5.625347058416811,42.705576753444404,52.41264224731997,-1.5120736590208324,-0.3246025723723211,285.808026912953
80298.0736373121,-0.3301717250378201,0.310722630069937,-9.652758132943065,-0.007384971272888879,-0.018850493347670794,-0.007564326535557346,17.533290202941586,-5.269849657966501,41.78958857352789,52.41264510112665,-1.512042491471759,-0.16033772444402083,285.7659406128396
80401.84292274748,-0.11089295208005398,0.08894925664555313,-9.847245561754246,0.00521281224085918,-0.008905593438826593,0.012210322825662203,17.897411752063697,-5.407886666874826,41.94956632150825,52.41266107535873,-1.5120687775583945,-0.06197402216744681,285.7453973764566
80501.4695448443,-0.02362090811685235,0.1019966314643538,-9.343570417046875,0.007528335214106701,-0.0020159336991425383,0.00024701604906769573,17.805861604316682,-5.034464927693204,42.86098409604703,52.41264229691228,-1.5120537465206692,-0.17685056640347774,285.75976702751655
80599.36604098814,0.126489205164595,0.11039219705209638,-9.669846425547851,-0.0035111629364988116,0.006633250784685514,-0.010370654590412018,18.132070177490213,-5.683218960913552,42.67265761307446,52.412655995489125,-1.5121227293626256,-0.30615650441489795,285.7502645434531
80700.31810324763,-0.09085086159337699,0.177949505335389,-9.31781203411268,-0.020926452961174177,0.0008674853560519919,-0.006304552681644754,18.28658902520931,-5.310845362301441,41.91683064955677,52.412636945965815,-1.5120497017975574,-0.3210333030930453,285.7663918490848
80802.55220012325,-0.03612592405946344,0.02677859327539507,-10.024480300358912,-0.0026861344862328627,-0.00024506315332016294,-0.0005318337337786921,18.0943994242811,-5.055950974181972,41.55637973042127,52.412629413879294,-1.5120795494363057,0.10289191972258677,285.72948827459004
80899.4950900417,0.03867052058766274,-0.02012490554339787,-9.865758977331627,-0.01976530871292809,0.006987543389002274,-0.002356508627521633,17.18507552124965,-4.979002979899755,41.73786239897313,52.41266817538348,-1.5120941577446945,-0.003219419010993015,285.75346020931613
81000.17323044008,-0.1393151893764317,-0.09223241692110269,-9.61442952416528,0.016469743693792047,-0.0030657968769740103,0.013981569462227601,17.55942710393736,-6.016789460494856,41.74206415664226,52.41267488429578,-1.5120643481701401,0.08735021685191818,285.8108493833838
81099.70291873298,-0.09376009716533977,0.04123236055528707,-10.015836744297744,-0.014070247748524946,0.004034855800435591,-0.016207827405996772,18.470043788343222,-5.219892852963033,42.24903967587435,52.412642330819786,-1.512072420069119,-0.18922345409076272,285.7906296934764
81200.5044981465,-0.07804591807271208,-0.03239376817844106,-9.61365905759671,-0.003326057414951477,0.004992805968323754,-0.005479918909659376,17.284065104518437,-4.904317876801493,41.55182202324296,52.412637194619045,-1.5120748648249582,-0.1586174914149776,285.81067423734044
81298.96083513132,-0.174587141088903,-0.11564075029121382,-9.91192412114172,-0.0005312513697098652,0.011380567836669502,-0.013947397522039738,18.313737243990783,-4.763142249905008,43.00004110712007,52.41267529067007,-1.5120383000294813,0.23531307246626987,285.77565375609583
81402.83251942843,-0.24233578496381714,0.08352126539063079,-9.638129927751693,0.01691614493040401,0.005429617787369236,-0.014965960083092592,18.297571946557206,-4.639272793694019,42.47618241786359,52.412676235967446,-1.5120550468117464,0.12160309561675993,285.7489471522658
81501.15888170169,-0.17965630893773285,-0.02712318974396562,-9.736041510254058,-0.014990409161184631,0.00022552671729116986,-0.003273650495239709,18.55944019009518,-5.391485599423331,42.64572752005987,52.412639528261835,-1.5121002868710398,-0.3246773206906076,285.7692486501877
81597.33782574207,-0.0038901541980231463,-0.015769926510650487,-9.977467138500266,-0.011094488350944232,0.01283012219570914,4.0355068107987677e-05,18.105970037976704,-4.534743045527155,41.158344299735354,52.41267782463861,-1.5120531327859714,-0.18264363769369674,285.7680011955197
81700.85209494064,0.012681063007731669,-0.21729829915176538,-10.04194803675467,-0.0028483686682423746,0.0009818197313159127,0.0058023551815152485,17.43133166317874,-5.415039014555241,42.416662774868634,52.41266852819057,-1.5120753307518064,0.2496476837509282,285.7505312920731
81798.22762885343,-0.09596398751836491,0.03554217994343673,-10.110003367673995,-0.009312026556417101,0.019994003469255884,-0.015343425426077964,18.198226490660087,-5.416247188462489,42.732991991737585,52.41265330557646,-1.5120855899483698,-0.22670377386225615,285.7546944059893
81897.93416767778,0.010047922285129358,0.06151995694273749,-9.788945831609247,0.00048756745211294496,2.9478637552287414e-05,0.007925334963911118,18.26407619707365,-4.273653746986279,42.22496273436833,52.41268257534188,-1.5120625698291588,-0.2952706951072862,285.71587705112233
81999.30135434325,0.07995670052059783,-0.09628202476311555,-9.783366079802834,-0.0079869103291029,-0.004143990907536965,0.004308992373011876,18.6155633222026,-4.832411913102508,43.4702661635267,52.41263487951667,-1.5120885626501692,0.418428769986366,285.7144583459991
82101.71918348542,-0.20699804266123945,0.15017972426247753,-9.66250460479937,0.00703567447492728,-0.0035378734044804456,-0.002313516023996852,17.77234191125697,-4.668606831229642,41.672682727559405,52.41268761011191,-1.5120155963339972,0.1980404641903209,285.7528053488768
82201.51670567766,0.08463685758385144,0.03211696979471117,-9.733096656746335,0.0049336768556150455,0.0004274117783166571,-0.01024925234810353,17.740338571685108,-4.803565493778128,41.92731318085882,52.41265251935718,-1.5120957795691259,-0.04650176030694479,285.77486793459525
82299.27306730012,-0.017233225569218528,0.07186049467437752,-9.85379412744161,0.008176514017940171,-0.0119545318941404,-0.006575665008291129,17.851254557990917,-5.393871579808913,42.12632723561559,52.41266554379946,-1.5120890860875025,-0.1649009397847635,285.798637296562
82400.91456065144,-0.057951624795820285,0.09205545973159153,-9.727065961965366,0.0035705697612902093,0.007741977698401541,-0.003595626916065497,19.00389430794231,-4.8715126563446765,43.28030714378124,52.41264682645403,-1.5120714645015638,0.08460050743540343,285.80757330919005
82501.07794712443,-0.16958848878773827,0.01626156556262895,-9.614878928107167,-0.00639629822741616,0.020166618223327836,0.013618043533903518,18.329901593988744,-4.916618871352727,41.36240624532314,52.41263918992374,-1.512109702627173,0.0694129602838932,285.85255435723604
82602.31125561804,-0.13496641717730018,0.1284070859505409,-9.670272086490659,-0.007293603833515604,0.022261093712447808,0.008137814543849316,17.779091903545343,-5.186622797793797,41.665688674097275,52.41268957515177,-1.5120397272458275,-0.014974015729016098,285.8083133672942
82702.75687458874,0.24166440242593706,0.04543639143724055,-9.687750847723025,0.006230242993441631,0.006121673342043477,0.003755050653064952,18.216088455531636,-4.7438383901667605,41.78934035172659,52.41265683766059,-1.5120523159676893,-0.21837585763667425,285.78032770582354
82805.62806751938,0.015077693319216268,-0.11177442072342923,-9.49803265725403,-0.002273625858869141,0.010407174034099402,0.011278043215578721,18.53347438695966,-4.55466231702365,40.9985665771659,52.41264472490364,-1.512066945293397,0.30698184352327923,285.8055827958119
82902.36053376464,-0.14621046629605894,-0.13048602595573278,-9.625132671529,-0.015800238432653425,0.0024954205014845266,0.010090758652251005,18.006714125980654,-5.492745702201061,42.057104786477204,52.41266146698856,-1.5120795569256733,-0.15962673758056126,285.85831872336576
82997.09737034992,0.006061602633610134,-0.04090618217553513,-9.913985555958007,0.006546589096217627,-0.018992760895204117,-0.008371153697035073,17.478800882816316,-4.820273925479662,42.58628091802382,52.41265739474075,-1.512033577325063,-0.22603684704389113,285.87793016890294
83100.07266894315,0.0018005626871905722,0.15534315578450142,-9.65579439693733,-0.011138242551248886,-0.016879966887338532,0.01861762911970404,17.737274165206873,-4.935315273565203,41.48187211650552,52.41266771495129,-1.5120882023058322,0.1024766520790466,285.858430209822
83200.9654046034,0.07071260147029207,0.07406105915550958,-9.80106218276635,-0.003288611542777274,-0.016440318731379317,0.00016075498415575498,17.92189329101764,-5.192923692026323,41.54833256360757,52.412643278305666,-1.5120554878362311,0.5034247674991691,285.8542538063839
83297.88456538676,0.0019007461473128477,0.01511095496867441,-10.003820285255625,0.00015503656518743252,0.0056108262727501265,0.006134378744199156,19.428304644123116,-4.991972065284665,42.595824336194454,52.412636968588586,-1.512046385764218,-0.00688010386676118,285.8563368675384
83397.83139365734,-0.047209312021686864,-0.3408707926865939,-10.057174284742699,-0.008711102796299159,0.01037667614168585,-0.0004949257884963327,18.521242908790576,-4.6676738224862975,41.75639011747867,52.41263743365919,-1.5121077042703774,-0.23986775685586773,285.9108642046044
83500.38117463177,0.11956919475482412,0.07984229092508503,-9.738813670122966,0.0024009603296826164,-0.010583123784087496,0.00863360166418053,18.78070243594536,-3.896225943158141,42.30690078139873,52.41265713073515,-1.5120566647893932,0.1877392884671172,285.9598090202346
83597.45790991923,0.22689908511995888,-0.027810034798924077,-9.576874079683783,0.006191298437761564,-0.0008043657561984166,0.003377292332914746,18.501439354224207,-5.025348860442921,41.852358557460775,52.412666872421134,-1.5120424994430446,0.26444220699449905,285.9957464322324
83695.72873603413,-0.1819782561885086,-0.09773152467936864,-9.90046626714062,0.0038107339920732944,0.0022339298434153987,0.0082357497052175,19.250662799536016,-3.94102669311497,42.00056977707209,52.41263571265364,-1.5120612168035628,-0.17271832462197587,286.0308568126443
83801.02151131022,-0.0658929572314017,-0.022573933656494433,-9.774635598405412,-0.000280437065571288,0.00032087329850027815,-0.013974771847115541,17.413402633388543,-5.498073747788089,41.508672632636376,52.41266142094562,-1.5120538679756297,-0.22543158865114932,285.97772756913525
83901.493985957,0.03505378714154732,0.14679843606507845,-9.910880651615559,-0.0012053774452121997,-0.0153174903664267,0.002622898482698352,17.982798078383873,-5.7642533934910976,41.079928864141245,52.41264880004297,-1.5120655460224568,0.086952274797595,285.94438441177476
84001.52769753382,0.028550837646645975,0.03596377974471867,-9.670211166973772,0.0009095990920228205,-0.01777884372435029,-0.020123351901772182,18.754676182758867,-6.013920435266707,42.21801696373852,52.412643405745456,-1.5120968206086365,-0.3279295672597069,285.94457191271044
84102.01348309939,-0.16483049158551322,0.2542231753241614,-9.550481350713437,0.0023650605098147932,-0.005335649070257205,0.0011652543367109518,17.82334192033783,-4.716715455277987,42.33773118285789,52.41264418627243,-1.5120411537012957,0.1304387599662858,285.9400699277094
84200.31584177013,-0.2724781189285627,0.07154469903968401,-9.649948371959786,0.003269257967699252,-0.014136164388460748,0.004855059454126732,18.183920907760335,-4.909269857305068,42.141430985298875,52.41267989650085,-1.51206329040282,-0.2187392710500395,285.9832415280573
84298.28637423039,0.14671112347244641,-0.16817697838010737,-9.625211366992342,0.0015553232241831347,-0.002593997907986623,0.003292602515432028,17.90632221311411,-5.486409758011247,42.05462226977947,52.41261949394507,-1.5120139221701856,0.039612024705943986,286.00973200577687
84402.48716283095,0.024039197284654878,-0.029945945486576014,-9.646578326795542,0.0021458580889238956,0.01746061655737514,0.008239715018288268,17.81242456471658,-5.126508700706414,42.920665127934015,52.4126291803349,-1.5120445357202177,0.07710345893251724,286.0218612329735
84499.05440259719,-0.12947791958423527,-0.3949976162842442,-10.045906016508365,-0.0013202301499126384,0.012682956485657289,-0.0022588496217190537,17.867341005892218,-4.990793456649164,41.75718666864404,52.4126529114306,-1.5120455681830296,-0.20839081219500857,286.0377820705271
84598.98069043485,-0.0450852017071744,0.08033538417380419,-9.71754041336608,-0.006638251299650728,0.026462115760959457,-0.015049761615316343,18.535110112166862,-4.865845464717082,41.54661575557009,52.412629719208425,-1.512054343396664,0.016056348700355185,286.0367031342446
84700.98712217416,0.04138349096584903,0.03858322261842167,-9.725571596315971,0.001605072039807925,0.005410483819523615,-0.008654370994273837,18.562828624894976,-4.7136956095539535,41.95915779912197,52.41263261869565,-1.5120286277797632,-0.019358055149450718,286.03460898640867
84803.66523195976,-0.23230025380193017,0.18123461500660543,-9.968749886346714,-0.00990484342839323,0.005050660892107242,-0.008144627328364643,18.225817763271163,-4.92024332616129,42.25468073008506,52.412649283993595,-1.512088450257247,-0.139167313198495,286.0191437738215
84900.02808320732,-0.058535122776430755,-0.13197597276042874,-9.831770946672695,0.016186162717000734,0.000808843202072813,-0.007370689876086484,17.726586747764937,-5.137159109943521,41.47043219861659,52.412616875048926,-1.512055369545113,0.0719402719393566,286.0223323271589
85000.38351661748,0.13289583637526556,-0.0020362468184977854,-9.8055548914928,-0.009539669546550984,0.010926533339876601,-0.012236235958658593,18.24357512633658,-4.828885011412368,42.37461741554726,52.412655967535486,-1.5120301991479432,-0.09879845252055464,285.9889509279776
85098.09589932393,-0.036232110785622815,0.0270859698928879,-10.039361173306158,-0.012876958285663731,-0.009427546490540227,-0.014191886686689416,19.618245242620176,-4.912882982614839,41.713841658344094,52.41266320383292,-1.512067929485084,-0.41316263067501646,286.0200776859525
85203.76352449822,-0.28915822803058394,0.2424631690257828,-9.916576391276191,0.016908891641324024,0.010294250979098349,0.006722443681678698,17.692199569837378,-4.707212799880503,41.890668634683905,52.41268211163116,-1.51211413901785,-0.23416625483698872,286.0124802189986
85303.25838530136,-0.16084456416610043,-0.034294195709203945,-9.634028684312176,0.011229581815570737,-0.025957258586885225,0.0047907645035982814,19.04328396997262,-4.045061757610215,42.37873488577243,52.41265956168059,-1.5120454589500598,0.1478494496122196,286.0136913579802
85402.76555523723,-0.055612882211872994,0.0005407374148475042,-9.736134286633352,0.004009565716800759,0.004619596565992617,0.0069533101870998155,18.010542737409512,-5.143780300314111,41.58476170669828,52.41269409799066,-1.5121116295814785,0.1895364444979029,285.99357657122835
85503.34200040417,0.11749973607717133,0.13226286159783857,-9.925187833043255,-0.003658922251793247,-0.016021466082731098,-0.02697167765342538,17.698075636444155,-5.103478074871372,41.57719353567017,52.41265472821391,-1.5120870378699385,0.010199648905530437,285.9562482497447
85597.84021094062,-0.22876315336833547,0.01471601817536237,-9.571714682693205,0.0006141387014287203,0.0026881802680337793,-0.009106934106405713,17.886186318567674,-4.710953735350915,41.909196234438106,52.41263500189382,-1.5120491348926328,-0.21060834620986638,285.9505459671359
85702.60139187747,-0.07363381713787359,-0.06134407860410706,-10.002223008378987,0.011948939037868887,0.010398143598667916,-0.0027354163499027084,17.70370594207224,-5.810340228347,42.22501203121247,52.41266968721465,-1.512039124671885,0.08145949532167612,285.9479539241304
85799.47177652133,0.08138254488224725,0.03095956083150604,-9.473096817659606,-0.020083952576731207,-0.0074007937359628784,0.012327801261262658,18.081406774885508,-5.0023729429560655,41.76582624054626,52.412619178462144,-1.5120646750686717,0.24114215078061363,285.9403451364244
85896.86258196934,-0.11920039532610886,0.11817643380733937,-10.1283180836188,-0.009354631850911229,-0.001519094663420582,0.000933553110883968,17.17904748604186,-4.8388061427742555,42.085242847071676,52.412628264135144,-1.512049600244588,0.2458467205738812,285.98438896112793
86002.65408567527,-0.09379758187758785,0.17075312631332104,-9.793753919976794,0.0036205759232585412,-0.020965878277609734,-0.007506637286929961,17.617022661142002,-4.692907210520499,42.42922633243559,52.41262668143924,-1.512039325913916,-0.4545782617433921,285.9793895163664
86098.25346637696,0.03436517115537623,0.3311510858543512,-9.558677302756436,0.004854316608059327,0.025905075683266943,-0.008065729319401187,17.833801500788795,-4.723571836435345,42.33196816079007,52.41267345230784,-1.512060730763285,-0.11585796006435643,285.95961537260473
86196.15509916347,-0.16296842356706628,-0.07714020320771167,-10.41158960324119,4.530234997969862e-05,-0.0033090292971520697,0.010663272143458337,17.262971333041925,-4.924182037012422,41.83218996943997,52.41266233301128,-1.5120477284889944,0.17164223712770696,285.97948546540465
86301.41745508397,-0.0049055285823156256,-0.023564294561301876,-9.957868314389653,0.015120220085113763,0.020092909564143016,0.00594768329472866,17.71423546196691,-5.161496120613538,42.26231517128068,52.412661533172795,-1.512076930695911,0.05390010183761906,285.9817408331237
86399.10709031021,-0.1814146144349949,-0.01638590854170493,-9.48751888919784,0.004995049159098242,0.01136544966584701,0.007838605368073043,17.625102327386454,-5.95809714230186,41.65197222172473,52.41263865227641,-1.512041385831569,0.3007604689624488,286.0391700221463
86499.61145286351,0.04677516243226458,0.22728373991718867,-9.745063235790525,-0.005930223355277835,-0.001779680216742592,-0.003045013027304543,18.006326540208867,-5.386653865553936,41.46469958935861,52.41267569870242,-1.5120428498326317,0.15407583816351858,286.04411170327717
86603.1796567798,-0.19442343418192223,-0.09313983628996504,-9.873395454717704,0.007354711162303878,0.006392125686652613,-0.00764976841379582,17.417969680620804,-5.016852620299763,42.31244179115196,52.41267698509855,-1.512091967290558,0.39286876047989266,286.02696412094747
86700.04286585332,-0.13063164637091965,0.2048102222851072,-9.68142553750181,0.018773197550394385,-0.00686663847912696,-0.001955145453997163,17.903577671529078,-4.222868001531401,41.35948278454431,52.412671983796095,-1.5120514427077731,-0.3234414555133536,286.04318424864096
86801.3642790283,0.04088095877441274,0.12507116630929646,-10.032330024508209,-0.002703812004517384,0.0011952458120773665,0.01804094360056268,17.258587770942675,-6.25126278569696,41.80147900832846,52.41267481060217,-1.5120561243182935,-0.04737334103761008,286.05915865085285
86897.05296814347,-0.03803716023705446,0.2134486320234839,-10.226773375801043,-0.013209291718956498,-0.012165634365469016,0.0003253127390558889,18.224194166644043,-4.76919137974816,42.61539396349464,52.412678467517175,-1.5120299778778863,-0.2934946668622492,285.9802369119366
87001.71268402915,0.0539034006102479,0.25756489311483943,-10.134171165113539,0.010255124337644932,-0.0033058144358324056,0.011519961368592194,17.57210547739652,-4.517397233569958,42.38133863379592,52.41269744736253,-1.512053714868716,0.14101769711699516,285.99234493661004
87098.32377113882,-0.1591700937071457,-0.0508807764666972,-9.77779352700394,0.012187594065327285,-0.01651636366169986,-0.01402771193047261,17.64008587333726,-4.4669362344369725,41.123767434587435,52.41266384246796,-1.512078718024943,0.08035497077135458,285.9576183930783
87198.30636951684,0.19552141087462893,0.19744420658702336,-9.853849991742413,-0.011511947833615284,-0.00948515883156646,-0.004404590400509597,17.502241905130152,-4.280487180053542,41.808772545267175,52.4126522785033,-1.5120620832070384,-0.11285320371604371,285.9622428976404
87302.43535272783,0.02071877661633237,-0.026298124633272812,-9.851727060565446,0.0017136333448973605,-0.005235612677263226,-0.0029360898728209,18.309906990767768,-4.896645629843848,42.21397928659837,52.41263716079369,-1.5120733238516775,0.10255994330701766,285.9723336777322
87402.44377936325,-0.20972240147343768,0.20852613067489512,-9.611383704416863,-0.009595254505075366,0.005935844730635826,0.0015707114921446374,18.29129125596647,-5.27742123155714,42.559769042365815,52.412685960442325,-1.5120550055571693,-0.02057821546591762,285.9898022984944
87496.69581802533,0.09917085645237456,0.037853310626088564,-9.788262284097417,-0.0017741181766801099,-0.01111586403504031,-0.009696726810013545,17.88150640637318,-5.026953959614922,42.832619320777034,52.41264169048875,-1.5120477337612337,0.06000300857440351,285.9675862463082
87600.44583534235,-0.1652805924361845,0.3268531734858422,-9.864402014290427,-0.001423805829423489,0.018368662024488395,-0.00023221812867699546,17.861298989767086,-5.162551738016918,41.970382690373924,52.41264288807644,-1.5120645085427806,0.03759041964832316,286.02014528909876
87697.75611089723,-0.021356468579664153,-0.13945142662706886,-9.86203796504604,0.0048961367455722625,0.0028290442629478087,-0.020210847289289267,18.392672059603623,-5.383107605904377,42.84204630003005,52.41266290525724,-1.5120617273378008,-0.0900532205275399,285.9935383627336
87803.15815529684,0.05702500684526508,-0.10420246117664712,-9.794768608367123,0.017364540110237102,-0.00921999679354518,-0.012824597238001967,18.119845674814695,-4.995507122141466,41.734015898770544,52.41265663593073,-1.5120917574290116,-0.043579650987789986,285.930162179719
87900.48963993063,0.12215991551182796,-0.1051445682179976,-9.910522837078869,-0.010694569419832914,-0.004971196800456318,-0.0019058429226097452,18.36039765164106,-5.446839337949087,41.574431116820456,52.4126236034252,-1.5120730768727533,0.34966073386823654,285.9464755403335
87999.52478038962,0.09869856324371831,0.08924068354432908,-9.833049761180352,0.010162707962992177,-0.0025745927118683318,-0.0023262801383584237,18.21256855701022,-5.526833544613684,41.6584447548602,52.412662957534174,-1.5120878203240231,-0.12419618215630407,285.92234709229433
88100.99019708495,0.015945102602892593,0.15673994031132682,-10.146887423117544,0.004700393343598111,0.002748887783079268,-0.00463427867428862,18.263365261456755,-5.429442036588902,41.649650250434846,52.41265863682447,-1.5120662578561364,0.0021990152770010956,285.8875384544152
88200.43041261128,0.1841552967748517,-0.2311546500157705,-9.739138927754682,0.017264856403709703,-0.009149569086111009,-0.013372393134453642,18.052275936832462,-4.841432339202849,41.46463845128804,52.412696780774965,-1.5120608402469151,0.13347208662418272,285.90940378871596
88300.83506374093,0.1080726225424159,-0.062385872857713215,-9.861525045364095,-0.011958838283778687,-0.0022654565204892887,-0.008375591753137974,17.291389440835854,-4.875948143756417,42.62609709428279,52.41268727239447,-1.512051297141435,-0.006502168600192634,285.88277919516054
88400.26360285383,-0.09191678701325569,0.06507470447872402,-9.853443973974533,0.025815153384668697,0.008779386986853358,-0.009834636850747898,17.42851191697446,-4.878324931281278,42.34986027723037,52.412634459884934,-1.5120987729230355,-0.21856078052149575,285.89402603789904
88500.1725613235,-0.052526806718739966,-0.12115106937597987,-9.992791151573732,-0.0027204530100185783,-0.0038472987517276583,-0.007276848121649926,17.960854595054816,-4.1338122891016535,42.12531536808205,52.41265296662436,-1.5120641828866355,0.0022704139634479306,285.88764613519754
88599.81027613759,-0.1686037842319516,0.0022993068945222485,-9.90618799813509,0.006608497473714958,-0.011702992451490214,-0.005710699805115321,18.72758669767408,-4.111234982302705,41.66147516270489,52.41266820761633,-1.5120142795674774,-0.04041137073399042,285.8590960690067
88699.18558548123,-0.15337400000265602,-0.07224712235094373,-9.918386319990868,0.008861734904905834,-0.014091618700887206,-0.018058215426058385,18.679872478175668,-4.982472244840468,41.67346906369075,52.41264113882439,-1.512064054766086,-0.23008766227351882,285.81325785856643
88802.39576102135,-0.0938638581241497,-0.09364113472406292,-9.854633073159674,0.0047107386081503624,0.012424595898495101,0.0008057689664815355,18.308995427409,-4.5349617763091326,41.30920535348441,52.412686575374764,-1.512064608405559,0.000820105507261567,285.74499864035283
88899.0055439651,0.2288901630012994,0.2835958743244139,-9.895042285562173,-0.0032337051219293133,-0.00545083504023046,0.012798895084858285,17.373999757500428,-5.335075904865111,41.720588070533466,52.41267362526919,-1.5120584910032997,0.21134563619274005,285.79404431638443
89001.3756417523,0.07543686390187261,0.02210540968930108,-9.710273136355497,-0.007688435582477407,-0.009724601126654115,0.008502348659501885,17.891697946194913,-4.556302559697434,42.06515021342454,52.41267549666805,-1.5120553310192175,0.09247665788029104,285.82421208744654
89098.81589639884,-0.07542196370699782,-0.0925483086882479,-9.783611005733075,0.008538291105577826,-0.0004899112772578076,0.007089644011785664,17.420951663978997,-4.786621313199294,42.211145332477585,52.412671929754026,-1.5120799427580585,0.20623035213357324,285.8329860581256
89203.97772387302,0.036781026925761275,0.17662340527229578,-9.689233755430578,0.0005251950668019775,-0.009622692697041453,0.023923891777579254,17.92162085244631,-5.316344651458016,42.470176388969456,52.41264946920306,-1.5120827434276405,0.2634988014071445,285.84236803737815
89295.7289160048,-0.23362645601420956,-0.144895377008192,-9.850525685065278,0.0036122580767141933,-0.004591652341959223,-0.007460433457799683,18.617013870788064,-4.910057324753232,42.407383425255766,52.41267306224061,-1.5120516256522407,-0.006867295533963719,285.8591170574955
89396.09247965789,0.09250206339024963,0.07497646208369398,-9.892070601293911,0.006812665597663423,-0.0007585851927954316,-0.003265907384422839,18.20204557808999,-5.146306011158948,41.25731837102717,52.4126629451979,-1.5120574366583768,0.05125884906509054,285.86708821438447
89499.07965116769,0.2650518295461618,-0.33304225800987547,-9.614077812322009,0.0008551998350220547,0.005348306937057528,0.0015193047337243677,17.552167372940247,-4.802173598840051,41.603624742216546,52.41267148171213,-1.5120304386577972,-0.4044338494073365,285.8987462835287
89601.33900195376,-0.014889382213960259,-0.06942025416464236,-9.931008709968703,0.011645987971014604,0.005505225735365092,0.007062358001092391,17.205825898722047,-4.272435164403738,42.23666577379893,52.4127002037167,-1.512057894127659,-0.15948618707930326,285.8963193128898
89695.46438833253,-0.19797346937050392,0.06137811793592669,-9.584450079623954,-0.01975242555624089,0.01532075252566822,0.009617780586113029,17.90448814438235,-4.917462790182907,42.83052090824499,52.41262658743531,-1.5120740187262465,0.07624927801044075,285.92233350639333
89796.87543581706,0.04371110354426047,-0.06377988369162023,-9.68073320907696,0.012715244178630401,0.00017860958812804335,0.0012084407056255006,18.050442241824815,-5.5404700855399565,43.04821614814894,52.41264899967104,-1.512058504543838,-0.31335676244355626,285.8767953073984
89901.23713572932,-0.2323223338955953,-0.10823367240917191,-9.755414601512658,0.0061479089301987155,-0.022237781390794825,-0.010935193702168257,18.078843999603553,-5.283466525433396,41.95858725317428,52.41264182017224,-1.5120687188295652,-0.09405085090675,285.8511939443654
