Time,GPS latitude,GPS longitude,GPS altitude,GPS speed,GPS orientation,GPS accuracy,GPS satellites,Wheel speed FL,Wheel speed FR,Wheel speed RL,Wheel speed RR,Longitudinal acceleration,Yaw rate
0.9934283060224653,52.410013497281774,-1.509999991625267,100.00029802849131,54.002682256315964,0.021686126436634368,1.2850179875240413,8,54.24833766725871,53.93649290441589,54.11632838337256,53.85541160596715,0.7199455761509279,0.2168612643661264
99.72347139765763,52.41002706116265,-1.5099999934616704,100.02991654555824,54.26914181734761,359.99526803589225,0.8854030301627217,8,55.077630939466545,54.26708297181414,54.58517762907953,54.21724796403512,0.7744299800533925,-0.26418090544345657
201.2953770762014,52.41004069338521,-1.5099999855905,100.06038453497837,54.54258038165648,0.020180410423108697,1.7724613900279023,8,54.68051711438276,55.59272553681735,54.73276057200726,54.85410576959205,0.7867590865438502,0.24912374530822495
303.04605971281603,52.41005439371341,-1.5099999624566582,100.0908999031453,54.81509698680003,0.059016574351915096,1.318010431376098,10,55.00748269774396,54.78700655773477,54.81023219806623,54.69135137745734,0.7444890190724023,0.38836163928837747
399.5316932505533,52.41006815814179,-1.5099999345501218,100.1198276227822,55.07157513305269,0.07086061188095982,1.4141862443190114,8,54.56845214776796,54.62535845243018,54.92360823415768,54.90097634076045,0.7168067986241866,0.11844037529058847
499.5317260861016,52.410081988326766,-1.5099998852346792,100.14979720103966,55.33475630905406,0.1246268514146891,1.0366097827075074,12,55.199160166750566,55.226315109427674,55.464401020522814,55.252688390912105,0.761213852270134,0.5376623953370155
603.1584256310148,52.41009588580477,-1.5099998444937428,100.18083783310098,55.60395399266518,0.1024594237439942,1.2834980851068039,11,55.83329393185174,54.88986254969352,55.70172470964374,55.38172043904813,0.5966990911115814,-0.2216742767072144
701.5348694583058,52.410109846176354,-1.5099998178107965,100.21028787270822,55.8555405137223,0.06680269301853059,1.229149491958322,12,56.48815956992863,55.8439588007188,56.072072263928014,55.866472919275736,0.7237837322879376,-0.3565673072542592
799.06105122813,52.410123867787334,-1.5099998114536346,100.23946329712973,56.100523778270244,0.015846111420216857,0.8748958420019838,13,56.36669577787307,56.206325296125286,56.2666499188601,56.44141962856176,0.6950744179334215,-0.5095658159833724
901.085120087172,52.410137952107696,-1.509999787797107,100.26995986450088,56.351451690102536,0.05870462392664422,0.9061603535474673,8,56.47960563657389,56.70243575219669,56.56815120660927,56.44409387894871,0.6641231175716257,0.4285851250644264
999.0731646143751,52.41015209522023,-1.5099997564560301,100.29922358713372,56.58670151920583,0.07745081911036777,1.6374725196187745,10,56.456713990296734,56.382880454948996,56.45691401561216,56.53823062887368,0.7536139313154218,0.18746195183697745
1099.0685404928595,52.41016629673487,-1.5099997256325663,100.32905715212611,56.82036668160374,0.07585843558592842,1.0398199522065903,13,56.7634054650857,56.720174601157765,57.12052519746229,56.753308861575924,0.6099284772477542,-0.015923835243963375
1200.4839245431322,52.410180555677506,-1.509999691412312,100.35928075478584,57.05014764750067,0.08387894592806333,0.9949582714986306,10,57.26409661520608,56.51693595055082,57.091533081441796,56.697107406536674,0.590136510692049,0.0802051034210048
1296.1734395106844,52.41019486702347,-1.5099996702688385,100.38776411794466,57.25977570490836,0.051636059778843446,1.3049114512501392,13,58.00487955456522,57.94655939069012,57.7501054177515,57.447099557065826,0.6849922848791681,-0.3224288614919843
1396.550164334974,52.41020923129717,-1.509999620251154,100.41760449430379,57.47164617373431,0.12170169286275723,1.568747131362513,11,57.151462239329284,57.393764702277785,57.28094304235434,57.48609967063541,0.5401349236616058,0.7006563308390514
1498.875424941518,52.41022364730098,-1.509999568526422,100.44798081039882,57.678627056919304,0.12540360703820852,0.861946518578988,12,57.9409234540583,58.16682707688933,58.077417624641356,57.638696084456676,0.5256390153123313,0.03701914175436261
1597.974337759331,52.41023811111176,-1.5099995153332275,100.4773546733316,57.8699104149449,0.1285375370539441,1.3768079196382559,9,57.99126501691258,58.849104861841674,57.91427429330915,58.610515589113994,0.5196027279950192,0.03133930015780435
1700.6284946651906,52.410252621928734,-1.5099994533348562,100.50773287662888,58.05803393631923,0.1493292192844251,0.9192104428405734,12,57.77075267002646,58.27715696160417,57.89717686902514,58.13702732909644,0.5378772724847565,0.207916822304268
1798.1839518489576,52.410267174945844,-1.5099993854183882,100.53655269916798,58.22691560977726,0.16310911872704992,0.8364610508256185,8,58.08864933175896,58.16520217356034,58.10786345646244,58.05816232894522,0.4686807354475579,0.13779899442671922
1897.1753925973294,52.41028176821983,-1.509999314636022,100.56574452940907,58.38800317557675,0.16952292357285614,0.8527439521622174,9,58.92240349999631,58.40615838156294,58.310227226799505,58.29138343503293,0.3816174140092722,0.0641380484579934
2002.9312975378432,52.410296401552436,-1.5099992531406972,100.5968698267908,58.54821466036142,0.14687749851793797,1.6341641082084415,10,58.58557681546333,58.2398664335181,58.6580270166041,58.80666642527171,0.3837741948968853,-0.22645425054959203
2099.548447399027,52.41031106868318,-1.5099991858352564,100.62524720917976,58.68347866417509,0.1603840720368339,0.9179724836280616,11,58.694603389207614,58.634432407997615,58.79995531383763,58.71630742352899,0.3369523864906084,0.13506573518929582
2200.135056409376,52.41032576806207,-1.5099990957059504,100.65472840954453,58.81268513823029,0.21430010233098074,0.845151364412292,11,58.46297878373899,58.74628995546562,58.6528797420082,58.49908511500593,0.3326651369975179,0.5391603029412666
2297.150503627573,52.41034049566638,-1.509998989161842,100.68310020519228,58.92577752044133,0.25284354748947635,1.2378998871429123,10,59.12141176056984,59.14584413299533,58.90223889412793,59.16030799516744,0.32581991799217597,0.3854344515848832
2398.9112345509498,52.410355249749124,-1.5099988631587309,100.71279060728749,59.03194510747399,0.2984849823309901,1.6439934719420248,8,59.46260700006655,58.48140457434225,59.51653617537249,58.895199254431255,0.29719954469334364,0.45641434841561157
2500.2218451794197,52.41037002703509,-1.5099987431496646,100.74227636214593,59.12470578540857,0.2838397319907813,1.062408376489302,10,59.34675922539309,59.54531815454796,59.540077831610134,59.56092444215434,0.14675919650737773,-0.1464525034021621
2597.6980128451555,52.41038482356106,-1.5099986349867016,100.77057425005289,59.20154815210504,0.25548964219751724,1.2217126175259163,13,59.70987310220894,59.950656803567234,59.31798762105882,59.44416118861375,0.2540918952635892,-0.2835008979330956
2700.7513960366914,52.41039963703721,-1.5099985282271742,100.8004115598969,59.269350074446166,0.25188611237763325,0.8399225325637513,8,59.70079475687546,59.53047976663882,59.280024254181086,59.16163897903673,0.17836198427389804,-0.036035298198295714
2798.7987226201626,52.41041446338974,-1.5099984206976313,100.82872059146354,59.32087630232637,0.2534825135215897,1.249078514134876,9,59.17044861101175,59.60709624759839,59.348620161707565,59.62558137312796,0.1957683240717059,0.01596401143939449
2899.4166125004135,52.41042929959751,-1.5099982997901957,100.85768896560522,59.36046011406441,0.28482879151528095,1.3776130806371336,10,58.93640581331469,59.6735898014388,59.491623271351045,59.39105193430572,0.11299576335649672,0.3134627799369811
2998.796586775541,52.410444142306204,-1.5099981994207625,100.8862157141958,59.38624211216059,0.2363432513863586,1.3709070537521448,8,59.46363325704013,59.45718910110145,59.16558258493265,59.56634652199137,0.10863690771132974,-0.484855401289154
3103.704556369018,52.41045898816014,-1.5099980804172022,100.91623423852548,59.39903106113808,0.2801616403153844,1.132426692174365,9,59.114611064896295,59.027281368646584,59.317664275684066,59.534476886665495,0.039240421099540554,0.43818388928989976
3199.9730055505242,52.41047383368698,-1.509997963339001,100.94369199461866,59.39769958414005,0.2756350474562055,1.1155331806631357,10,59.23658359291568,58.92091301656608,59.003335854104414,59.19452966335157,0.04576822006389382,-0.04526592859153626
3297.8845781420882,52.41048867568476,-1.50999785148194,100.97152867984204,59.38352005236079,0.26340580562521154,0.9066236189365979,11,58.898057470166734,59.68783254445486,59.484005804810984,59.22502193645914,-0.034003736590028394,-0.12229241831008025
3401.6450898242065,52.41050351044102,-1.50999775198637,101.00092653771459,59.35441587089859,0.23441115106066945,1.1667983206462684,10,59.78714007018013,59.50387137964113,59.521496423782835,59.58550145552185,-0.10048576548396584,-0.28994654564566247
3497.5583127000577,52.410518335314805,-1.509997672666178,101.02800529538182,59.31469525008428,0.1870029995621394,0.8994946688729647,12,58.863266904249734,59.141344459490504,59.22190645775032,59.213402427065674,-0.0195658081288968,-0.4740815149848717
3600.4177271900094,52.41053314612744,-1.5099975834279122,101.05693998376827,59.25852083910969,0.21058509970231398,1.5665959447120517,10,59.838493395367365,59.08500265824266,59.62065023562929,59.17371535864275,-0.12346865350301761,0.23582100140168538
3696.0806597522405,52.41054794076015,-1.5099974933980236,101.08374998017318,59.193792483160024,0.21268550474349013,1.7662742977481858,12,58.90679997302236,59.53003089754439,58.902596369253764,58.96860946297097,-0.1743491325292748,0.021004050411870968
3797.343627902203,52.41056271506596,-1.5099974191133727,101.11202130533984,59.11233466453246,0.17573084709749764,1.7700744566667068,9,58.50267306521294,59.67664571993859,58.783050410105844,59.195399283868475,-0.31076472127421007,-0.3695465764603036
3900.3937224717383,52.41057746531767,-1.5099973606075885,101.14067449172977,59.01598884283798,0.1386295732093572,1.6650710993753939,10,58.96587211354206,60.145528767491406,59.086123102004954,59.48560138485396,-0.3474561798170601,-0.37101273888115177
4001.476933159991,52.41059218872108,-1.5099973062606444,101.16866311784004,58.90854528929286,0.12901005016215095,1.4007921493396192,9,59.36275058077491,58.60593252805472,59.15973847864179,58.652574583380314,-0.29739032872984933,-0.09619523047196919
4100.34273656238,52.41060688279539,-1.5099972319198074,101.19592228250232,58.79133004879538,0.17682399481998345,1.50086569724388,9,59.19642783685521,58.90605076404639,59.165101556491045,58.81910891903265,-0.33563986206006247,0.47813944657784707
4199.768703435224,52.41062154446268,-1.509997160862625,101.22321800055093,58.66164582548996,0.169387250404327,1.0852058026804141,8,58.72850680901751,58.54223434019234,58.5573982906986,58.98956475962362,-0.40735446396802005,-0.07436744415616091
4299.397792608822,52.410636170791726,-1.5099971079974976,101.2504481892522,58.5201432470787,0.12632537679508005,1.4307704201726206,9,59.37361440152899,58.913488091539605,58.7926138610058,58.48162049849256,-0.3972167186149793,-0.43061873609249224
4397.042956019265,52.41065075974188,-1.509997058206086,101.27701572220484,58.37057441090114,0.11928535658671535,1.2556495494398776,9,57.908350534540965,58.13152064617949,58.36483404490925,58.472938153570965,-0.3596065176234134,-0.07040020208368762
4498.560311583211,52.41066530707195,-1.5099970118086652,101.30450767983277,58.20403598498027,0.1114724018265747,1.2820173397769326,10,58.63779687175345,58.01591490112138,58.16745120404815,57.95310082061048,-0.4403817714960429,-0.07812954760141629
4599.078722458081,52.410679810545254,-1.509996997611656,101.33159666133217,58.02846504634018,0.034212290593700345,1.5577765603751579,10,58.29978447033777,57.77341686111009,58.26938069108319,58.09214012206782,-0.5655135301751124,-0.7726011123287853
4702.114244452438,52.41069426640013,-1.5099969841045953,101.35922432375895,57.837942549605295,0.03265685724335299,1.0819183555972516,11,57.72897825569874,57.62376397252421,57.98957879766031,57.79392860924865,-0.5365925931585012,-0.015554333503484022
4800.687236579137,52.41070867431542,-1.5099969733695806,101.3855203959598,57.64613269704321,0.026041070280939493,1.11803961169452,8,56.90463746615025,57.62809608578625,57.28567704984571,57.870359475085394,-0.5773116458156716,-0.0661578696239683
4896.473919689274,52.410723033520874,-1.5099969544767096,101.41094422380566,57.4512569579287,0.04598591346791636,1.7246417911286367,9,57.72667002547554,57.55790533647381,57.78130814335394,57.733378799912266,-0.596864624583486,0.19944843186977088
5000.64816793879,52.41073733749608,-1.5099969139784999,101.43844725905531,57.2303473643338,0.09895460384063881,0.8562242948509723,8,57.78675739629343,57.69193344351817,57.52168306810442,57.84786894089227,-0.6290683627786404,0.5296869037267911
5099.229835439168,52.4107515871865,-1.5099968604757164,101.46433008923833,57.01321790069075,0.13122831461066653,1.2856342984133404,12,56.819429903750645,57.003647757727784,56.85568936958839,57.160343922126216,-0.6398660868143242,0.3227371077005869
5198.646155999388,52.41076578030079,-1.5099968103135075,101.49028793233435,56.78683902280123,0.12352522104686159,1.7128008004078619,9,57.31008256611791,57.094186262363735,56.880307778450955,56.85728076141323,-0.7115975549715404,-0.07703093563795498
5301.223352577682,52.4107799132484,-1.5099967731822652,101.51691666744122,56.54605253450228,0.09182558880047509,1.410363007818157,8,56.261254128531036,56.26282837566272,56.672462628842695,56.57536847381533,-0.6786358231535308,-0.316996322463879
5402.061999044992,52.41079398536174,-1.5099967065285642,101.54293852050978,56.30281679866535,0.1655469167479282,1.3464070742121321,11,56.324037720898346,56.31931252656121,56.32744241846684,56.25727722556501,-0.70821414071361,0.7372132794741646
5501.862560238233,52.41080799586546,-1.5099966394866187,101.56853802307324,56.056320228114984,0.16724339991708348,1.0497441792293554,11,55.58190089914686,56.474839897543475,55.932146165092455,56.13300138363557,-0.826488387324984,0.01696483169202067
5598.321564953555,52.41082194560568,-1.5099965725761635,101.59313195251676,55.81320531263144,0.16764244473620238,1.1432754890644483,9,55.764284063809605,55.60439326303729,55.663079711468676,55.74744018119688,-0.5950455286370844,0.003990448191087632
5699.381575248298,52.410835830556714,-1.5099965062510416,101.61873994738582,55.553980454614226,0.16695131190033408,1.652048415804693,12,55.79494793329579,55.39154628669597,55.548621075450235,55.59109577576989,-0.6719446805828243,-0.006911328358943261
5800.662526862807,52.410849649577756,-1.5099964379971382,101.64423806045983,55.29020943506001,0.1726260222892506,1.3592181317684582,11,55.43007806593476,55.52017719704436,55.54693821271412,55.58424488313242,-0.7561347574528228,0.05674710388928338
5901.951090254244,52.410863401844026,-1.509996371700222,101.66956940904458,55.02311025534549,0.168490401123222,1.3147421937567798,11,54.42662405726961,55.122918440297205,55.144666581421724,54.799675646446694,-0.7290588156528696,-0.04135621166005974
5999.04165152431,52.41087708951261,-1.5099963121508402,101.69369012466814,54.764609601999275,0.15205619519264246,0.899579713540029,12,54.74540506950594,55.060071553582695,54.691001702330325,55.006685466570126,-0.7921977725522299,-0.16434205930621165
6099.628682046672,52.41089070978217,-1.5099962589998714,101.71851107410936,54.494907415611316,0.1363898405315922,0.8160281564551232,8,54.78976260272136,54.6292529887428,54.67037929134923,54.77473860940636,-0.6570265247533786,-0.15666354661033574
6197.787330051988,52.410904263968305,-1.5099962064706696,101.74256518562518,54.230504480575654,0.13545152845728126,1.7636851886870493,11,53.72139857200455,54.33560105851781,53.61302125554821,54.20445969633121,-0.6465900555008548,-0.009383120743141248
6297.607586751838,52.410917750818626,-1.509996160209839,101.76685428253681,53.96106018263887,0.11988355552284702,1.1769861672868416,10,54.551234491112545,53.201100751682105,54.216237188983776,53.49594153368555,-0.7561999081440802,-0.15567972934413712
6401.625051644788,52.4109311675307,-1.5099961220289104,101.7919773345386,53.68039957249504,0.09946202812733418,1.4032130620995042,13,53.03068815178781,53.722880616550015,53.31621077044093,53.54047904359987,-0.716315236152878,-0.20421527395550704
6502.712480057142,52.41094451627532,-1.5099960828768952,101.81620695883807,53.40846610941813,0.10251102955697888,0.879715073187285,13,53.51100878748181,53.79664787146999,53.329630419935015,53.6869634435133,-0.7299055673777467,0.030490014296810346
6599.85597975684,52.41095780006206,-1.5099960466916602,101.83931642326756,53.14855723994145,0.09520647034190688,1.4831142857230466,11,53.22938112024485,53.058537374601784,52.91388012244299,53.14032258185052,-0.8043890648324215,-0.07304559215102288
6702.007065795784,52.410971016063364,-1.5099959943987518,101.8634298780803,52.87742809853832,0.13829269567344227,1.7325667087059609,8,52.11617118016045,52.46497609065221,52.58379561012094,52.68588426225702,-0.7572121372131145,0.43086225331527733
6800.723272050095,52.410984167302146,-1.5099959709385342,101.88654778610554,52.61819014243069,0.062348004854641204,1.3756652529974196,8,52.982292051347216,52.24429571530541,52.89774774308183,52.47694725525998,-0.706226718750452,-0.7594469081876206
6898.709760490789,52.410997255048514,-1.5099959358823742,101.90931300314794,52.3641954542342,0.09361737281705018,0.9261153223754106,9,52.120097080241926,52.69529419071321,52.251818645715126,52.55475821171773,-0.736959299000429,0.3126936796238398
7000.722791211017,52.41101027773243,-1.5099958876994601,101.93281890302781,52.10394316502515,0.1293150840389785,1.3817215274734767,10,52.13839051163842,52.55538819893603,52.15965148272303,52.234412824335664,-0.728176183217781,0.3569771122193045
7103.076073132932,52.41102323641518,-1.5099958617764495,101.95620105351414,51.84778012030506,0.06991682923865028,1.5663472131046525,8,51.95563704319614,51.605853255502566,51.865475013347705,51.77082298830508,-0.689820074892856,-0.5939825480031793
7199.92834792178,52.41103613581111,-1.5099958395953326,101.97813785533077,51.61056309517262,0.06009955282252122,1.2064165365740187,12,51.587605202622065,51.64841197280218,51.713586886040304,51.53030793287048,-0.6759956563544598,-0.0981727641614816
7303.129287311628,52.41104897357776,-1.5099958214287326,102.00130836648614,51.36397487365301,0.049458555842363694,1.679837747941468,10,51.211068860072515,50.74348048545351,51.38467405709986,51.2785793887528,-0.6358186031240608,-0.10640996980121611
7394.76050979182,52.41106175809179,-1.5099958180867976,102.02170269764191,51.15089239526539,0.009136315981038479,1.4486829533573644,13,50.91560639263228,50.794698613215004,50.906913421831234,50.943611305379164,-0.6836508350465097,-0.40322239861318565
7501.643805008751,52.41107448237967,-1.509995822872944,102.04527707858884,50.9099280548098,359.98685350926417,1.6992489182892025,10,50.84522193972689,51.22057017167072,51.12313906638612,51.228525688372876,-0.6682074623287271,-0.22282806716901413
7600.174094136476,52.41108715309432,-1.5099958391730663,102.06680219192826,50.69559560375731,359.955037854877,1.4235053112473373,12,50.3353655886656,50.38534003486459,50.61013436702546,50.61556071598744,-0.6504479383672954,-0.31815654387182557
7699.401985299069,52.41109977188959,-1.5099958372823834,102.08827691580754,50.48785057275054,0.0052367053638135985,0.9312879720048243,11,50.320812887740225,50.51928179856695,50.15045847964477,50.756952848102664,-0.5204044351809872,0.5019885048684544
7800.183521553071,52.41111234015875,-1.5099958257601507,102.10987739763291,50.2857030506383,0.03204191681828661,1.1096917111051892,12,49.89895896747328,50.435197079439405,50.18723293666709,50.60415919435082,-0.6409018806302259,0.26805211454466044
7896.024862170798,52.41112486255781,-1.5099958012285328,102.13022028426083,50.10220450860303,0.0684692869990613,1.0017949482524569,12,50.55391060607029,50.39267913672859,50.386046343320565,50.319164666673295,-0.45851639423840507,0.3642737018076089
7999.560656224325,52.41113733792189,-1.5099957694095185,102.15197644249474,49.91404199442724,0.08914366873011659,1.7088264977168623,11,50.19003329380219,49.79071762037637,50.074213817260336,49.8373975742139,-0.43266390013656225,0.20674381731086114
8100.714225143023,52.41114976998981,-1.509995749206108,102.17300925470329,49.74077792220324,0.0567987180588716,1.5604000672874827,11,49.25758055715656,49.24875550591987,49.686325531814994,49.806143839687195,-0.4836104500489117,-0.32344950671258715
8202.955788089483,52.41116216105661,-1.5099957343966215,102.19404234375071,49.57672097152339,0.04177231929543268,1.4763983689100062,11,49.34664446923717,49.03942173813671,49.51439047306966,49.56498408470566,-0.5573749446201919,-0.1502639876345457
8298.963459563452,52.41117451624482,-1.5099957146740726,102.2135842406331,49.433180897238486,0.05579186777515588,1.1009663196316217,11,49.65784183774989,49.11146674159239,49.3631170267232,49.26094048864767,-0.4084657944497762,0.140195484797131
8398.383012794213,52.41118683705968,-1.5099957073485641,102.23360554705438,49.29563277975038,0.0207804850376192,0.9840447720502136,11,49.477509480926116,49.45632009888285,49.72143426824024,49.34340103506281,-0.3711455339474969,-0.35011382737539654
8498.99648591283,52.41119912603865,-1.509995692860077,102.2536425133574,49.16826674260269,0.041206385461748596,1.5564510879889117,12,49.11961353087496,48.273376154136784,49.23393577900514,48.94576985264202,-0.3906798889395573,0.20425900424165486
8601.830804235404,52.41121138564049,-1.5099956808211938,102.27388599616529,49.05072479563133,0.03432156994961133,1.2741579458790797,9,49.251809587609266,49.15742141953317,49.13828518787538,49.280556324998884,-0.3287883264855699,-0.06884815512131112
8700.65750221932,52.41122362009036,-1.5099956725657606,102.2931139985858,48.950087009710174,0.023583744776487947,1.0257895521506293,9,49.34934102206397,48.72561811945872,49.15679618407725,48.85416511783477,-0.1852903579687536,-0.107378251731386
8798.940479592466,52.41123583257861,-1.5099956572083466,102.31201410132702,48.862228710734755,0.043951247566894835,1.4166219781652751,8,48.837984198475766,49.25048337476487,48.899484808159734,48.91095871599581,-0.1972811178594975,0.20367502790407635
8901.026534866227,52.41124802553902,-1.5099956374354664,102.33140906431441,48.78410722700848,0.056678453937252016,0.840333852138452,9,48.582110705121366,48.7512388002427,48.72768715431359,48.84527127444117,-0.24206407289510673,0.12727206370327973
9000.194155098696,52.411260202785265,-1.5099956212909607,102.35001693506294,48.72122688636789,0.04633753501298088,1.1261702541282537,13,49.033992916766216,48.759192286667385,48.68773309581667,48.66599957781884,-0.23808445822081084,-0.10340918924226358
9101.937289981066,52.41127236727025,-1.5099955936039409,102.36886787566884,48.67019998719493,0.0795498874112468,1.2685569945911346,9,49.063835514822706,48.834258528998355,48.64092705629771,48.79979193377121,-0.13681170434343876,0.3321235239825152
9198.595893812246,52.4112845228386,-1.5099955767083695,102.38654964583266,48.63449508267456,0.048579704382348154,0.9479583341094059,12,48.87962016736421,48.01087411433016,48.64155428230533,48.527832985816474,-0.09342749069002498,-0.309701830289214
9299.344675706805,52.41129667243509,-1.5099955536872527,102.40474228494801,48.61061663795472,0.06622495974721687,1.7846544775908395,11,48.76471988197659,48.975608340981005,48.74392617576337,48.78821106185964,-0.02248730017814255,0.17645255364867538
9399.215783693735,52.41130881948364,-1.5099955247657497,102.42253553734987,48.60044105580122,0.08321605919996955,1.0090973645896142,11,48.40627162173494,48.39865314183258,48.602691067582086,48.346584714840965,-0.036611791782067506,0.16991099452744138
9497.072970103736,52.41132096730619,-1.5099954989246007,102.4397356287034,48.60352754952407,0.07434820693197253,0.9303531300432656,12,48.54764930265128,48.747570425455315,48.75007041914537,48.62400015338782,0.05392248923478611,-0.08867852267997053
9600.59224055413,52.41133311945585,-1.5099954698257387,102.45767659913129,48.62085126333724,0.08369122979911481,1.0035348738868963,13,48.727813003021815,49.96426215450687,48.60083988119339,49.00228898101218,0.16302814211915884,0.09343022867159782
9700.52211054436,52.411345279210074,-1.509995453178407,102.47474568129614,48.6512422664077,0.047849465989884266,1.5690611331597242,9,48.78494712152945,47.93531375953797,48.68310250415405,48.440086818178976,0.14342752148952354,-0.35841763809198096
9800.010226913286,52.411357449835265,-1.5099954272982639,102.49149382046099,48.6947610420017,0.07432089016822374,1.225505659271843,12,48.631866247628786,48.99382746141573,48.29342625618265,48.57494226052044,0.13673880930226734,0.2647142417830464
9899.530825733249,52.411369634624386,-1.5099954032347,102.50800070369223,48.75142539536924,0.0690238341476288,1.365415939752538,8,49.09171071057442,48.778981181158215,48.93256973800384,48.849189072275934,0.16429390916424647,-0.052970560205676816
9997.1692585159,52.41138183646781,-1.5099953843654232,102.52395401644263,48.81964607355788,0.05404892268262529,0.8210091569863608,11,48.52677326997268,48.91797087205724,48.89423306290521,48.847793956457174,0.19419391551084147,-0.14974911465035648
10099.15870935447,52.411394059407996,-1.5099953549538074,102.54036129002888,48.90408524736752,0.08410082333796254,0.8344313085733146,10,49.34355477325989,48.97542463678881,49.08537853816861,48.98657208121394,0.30938680646063244,0.30051900655369795
10199.314570966946,52.41140630630178,-1.5099953325549953,102.55621644077783,48.99990150136126,0.06392286294061478,1.2458255498270163,8,48.199709595322204,48.982324017373976,48.441447100729064,49.08644528521069,0.25049618304004995,-0.2017796039738431
10298.395445461556,52.41141857997649,-1.5099953242767203,102.57164911798465,49.1070257832106,0.02357341899602261,1.6166552432016235,13,49.44092880277588,49.07280566367853,49.53603086667262,49.213021664892445,0.32036581400515246,-0.40349443944578306
10399.677428576668,52.41143088412154,-1.5099953316768908,102.58716369272733,49.228936869920965,359.9789792780411,1.6852388787075654,8,49.28360899198554,49.50820138644012,49.22203217896901,49.426768626272604,0.35790105784162535,-0.44594140954928574
10500.808101713628,52.41144322174263,-1.5099953329688038,102.60239029469008,49.36287142038885,359.9963401843186,0.8867065675956403,12,50.06829312865028,49.076686364386,49.57363071282954,49.45182137761915,0.3672350400911204,0.17360906277516758
10603.77237180242,52.41145559648608,-1.5099953472521526,102.61761952298421,49.51141032972779,359.9596585853873,1.338363102101023,9,50.089273273166256,49.63227490942905,49.32233110945262,49.44670657015844,0.34621142300893215,-0.36681598931352905
10700.349155625663,52.41146800875852,-1.509995343725752,102.63165180264262,49.661552404679114,0.009929735658147365,1.7132296862792704,11,49.910957498422704,49.71476423627996,49.76000478678834,49.81843500582778,0.45579357102824125,0.502711502709079
10800.515100781446,52.41148046261657,-1.5099953614398047,102.6459462516273,49.827954618737884,359.9502868515002,1.1879727543978864,13,49.59994994315173,49.89534228123177,49.64542431249667,50.178870295173056,0.47161614952916125,-0.5964288415795389
10899.851108168468,52.41149296030768,-1.5099953618378812,102.65986008496563,50.0033121753269,359.9988867465158,1.6295658314283687,13,49.98940400208833,49.886714429011576,49.85616200108264,49.99921587918829,0.5177784891026935,0.4859989501555521
10996.162457569402,52.411505502846076,-1.5099953600679885,102.67309967501986,50.18274647399211,0.004931951652906719,0.9336956543994362,10,50.78855640005934,50.304132999893774,50.564138739525454,49.98990912436017,0.5048286111103971,0.06045205137125152
11099.946972249101,52.411518096184736,-1.5099953592892286,102.68708898318232,50.385998386358196,0.0021613250860355038,1.7353944896677986,8,50.2681198078223,50.47237790647298,50.34884603235601,50.60783866505026,0.6286326415475908,-0.027706265668750337
11200.120460419883,52.411530740863675,-1.5099953641550392,102.70031707108072,50.59141240914911,359.9865505431609,1.5514233175313028,10,51.09720001594192,50.6504623865658,50.64262890343839,50.55984558862898,0.5526476009652339,-0.15610781925137876
11304.92648422497,52.41154344154293,-1.5099953648872824,102.71386681870032,50.81546851517679,359.9979849505627,1.7413343927869018,9,51.045674277407095,50.19495777869228,50.987021164066476,50.37908231059084,0.6884057067021205,0.11434407401812333
11399.615278070438,52.411556194699635,-1.5099953660159573,102.72585228900134,51.025431067749984,359.9969067957566,1.4766172335525065,9,51.254340292284766,51.39191170231993,51.12709949010234,51.197891698378804,0.5254333392755047,-0.010781548060872883
11500.603094684668,52.411569005656354,-1.5099953555643426,102.73836572278292,51.25669543380897,0.028514066440777697,1.1634039319994272,10,51.443649308851285,51.33686228195015,51.27292987147477,51.16150424650451,0.6683373643385322,0.31607270684193695
11599.930576460589,52.41158187516969,-1.509995343860006,102.75040100917995,51.490982247749685,0.03178644752682658,1.7381811725247225,11,51.673332415783236,51.949621376902044,51.56463761179165,51.473846341746565,0.6777332998022634,0.032723810860190286
11697.662643924761,52.41159480380901,-1.5099953305091294,102.76197814073389,51.72754790509564,0.03609227581938512,1.0755667763091785,9,52.44189071725248,51.75275964437456,52.22283147538299,51.79822915177335,0.6488454442233302,0.04305828292573816
11802.28564562903,52.41160779724411,-1.509995320963898,102.77407916251516,51.98679102203635,0.025675553249755012,1.1321725220617327,10,51.81919591062657,52.195513067621555,51.9796188374411,52.02159063497543,0.7298220991042154,-0.10416722569634593
11901.503866065374,52.411620853401274,-1.509995311982002,102.78527454825362,52.23774163468768,0.024044181299245793,1.5008084180017405,8,52.134573954070454,52.41091320048974,52.28051547149515,52.3852267490124,0.7701803728386718,-0.016313719504786158
12001.582063894086,52.41163397392042,-1.5099952996456034,102.79628920484461,52.49525821836883,0.032862052441373635,1.5653162995253864,10,52.42183090768094,52.74744892502128,52.71178638226066,52.40787946429599,0.5970216127295862,0.08817871142088073
12098.181225090411,52.411647157461495,-1.509995305730132,102.8066553393879,52.74740267406973,359.9838693368634,1.7294034838491539,10,53.11985800025262,52.643100377427,53.0033827405451,52.83299070167999,0.7591838656263725,-0.4899271557794821
12202.805588621872,52.41166041007198,-1.5099953264914419,102.81758719665278,53.02377178855015,359.9452466695196,1.0048024090562095,12,53.501017360054604,53.148148766442276,53.2934562676287,52.95090523782308,0.6086958614542907,-0.3862266734386038
12297.196297874416,52.41167372558288,-1.5099953392391299,102.82718516376102,53.2754214438487,359.9665396173451,1.597998035219224,9,53.52390661809403,53.39069987588415,53.4016774234368,53.442725646786826,0.6888050701455759,0.21292947825558184
12401.1737141876,52.41168711084036,-1.5099953501789567,102.83746634420675,53.5544753719818,359.9714345515798,1.5385460533969635,11,53.75368700773441,53.67133336172932,53.30737304371772,53.68856421707265,0.8553932557689907,0.04894934234692383
12504.38091125162,52.411700565624514,-1.5099953632046481,102.84736800463995,53.83265459886594,359.96616381724294,0.8637945562535979,11,54.18531627143003,53.65340389160197,54.1868324241027,53.62880101294734,0.7083713246491719,-0.052707343368721835
12598.018927349738,52.41171408359094,-1.5099953760872555,102.85608921506947,54.085446878931315,359.9666919105252,1.187223141210207,12,54.01721760185077,54.38914442418911,53.83720170484793,54.32063513149053,0.6702297701251021,0.005280932822368421
12698.867404540795,52.41172766954966,-1.5099953851640213,102.86520187846524,54.357479712074735,359.9766493929018,1.0827654570600986,13,54.12163305376446,54.214009338658066,54.41867764407637,54.24553387113548,0.7462882165971643,0.09957482376591724
12800.199302730176,52.4117413235944,-1.5099954003271132,102.87406472323408,54.62990015312472,359.96118641708523,1.1044904243540303,11,54.366764717506584,54.858143192609,54.472195570999894,54.799312518477,0.8484877025680688,-0.1546297581652849
12898.993048691767,52.41175504362943,-1.5099954243161573,102.88242146383647,54.89394622974986,359.9388896291149,1.782946879554701,10,55.08104821646224,55.39798215659733,54.89015733174746,54.964281530575654,0.6355948489216278,-0.22296787970320495
12996.898673137868,52.4117688285302,-1.5099954462057648,102.8904255368489,55.153469005247715,359.9445001823923,1.442777413479928,12,55.45785565979472,55.83537376018538,55.22340411481317,55.56160791492519,0.6837899086789949,0.05610553277380063
13100.137125949612,52.41178268106901,-1.5099954793116417,102.89856546194486,55.42412212081775,359.91647186691836,1.5176761577934996,8,55.42673833090133,55.60223734932909,55.50832639730614,55.361648195442754,0.8018194413905781,-0.280283154739164
13197.875392572549,52.4117965967831,-1.509995507911881,102.90598705214255,55.676871462454464,359.9281674468569,1.776617637315009,9,55.74546225948152,55.477819465377266,55.76542607341353,55.60446963408687,0.8080819748979832,0.11695579938512318
13300.94718486127,52.41181057800879,-1.509995556158243,102.9135128849662,55.93906385837694,359.87939201946136,1.1772017824576388,9,55.8953578353203,55.66359813501853,56.32281242693063,55.91219516871801,0.695908123420812,-0.48775427395500165
13398.161151531533,52.41182461987873,-1.509995592768666,102.920327383186,56.1816488353919,359.9088751567018,1.601840168452806,9,56.169479584941996,56.395206815854955,56.26992962495921,56.127115492045824,0.6306103714859269,0.294831372404279
13503.099868810035,52.411838725752524,-1.5099956240817487,102.92737360043765,56.437709223137766,359.9224140772772,1.2345309633044954,10,56.627327038946326,56.87259810943378,56.37634430001867,56.62456924809292,0.775466157126028,0.13538920575387758
13598.433493415327,52.411852888320595,-1.509995652548551,102.93349543918762,56.66453410245751,359.9297487888802,1.6695336718149798,8,57.04323927309658,56.71611773086209,56.879651967466174,56.301549525931186,0.7190839538894145,0.07334711603020433
13699.35587696759,52.41186710925974,-1.509995669678052,102.93968563704976,56.89804974383517,359.95790081185305,0.9806575413113032,12,57.29878059066078,56.50004455892218,57.15570108907673,56.67118605104984,0.6764793853187524,0.2815202297281804
13801.62703443474,52.41188138746513,-1.5099956673849566,102.94565311777745,57.12715716832757,0.005613140130321881,1.7476861770642795,12,56.838854037834444,56.839782660758935,56.8247121605983,56.90509510107697,0.5656991837982086,0.4771232827730053
13897.538271367132,52.41189571751557,-1.5099956531689342,102.95096955978846,57.33459964073163,0.034672701925330784,1.0187717084108798,9,57.460183411668446,57.09411995957723,57.458154231379346,57.56601279092956,0.5829601701526022,0.2905956179497489
14000.454919869208,52.411910101067974,-1.5099956606031266,102.95637238333538,57.54865354710761,359.98193553989046,1.1262205069809315,8,57.54386631229733,57.804250596621756,57.734482809676315,57.91790611999999,0.5714860360262697,-0.5273716203484643
14102.614285508565,52.41192453539901,-1.5099956832026113,102.96142576935972,57.75184254958816,359.9452783600124,1.5561922341067804,8,57.901623881506076,57.998356648466974,57.70001184090384,57.71079227982573,0.5468648442484643,-0.36657179878053714
14196.785033530878,52.411939014374546,-1.5099957132872754,102.96581024432237,57.930485588000344,359.92737862628076,1.1937551415654069,8,58.38020320353818,57.748094117390536,58.25757888096558,57.88310512276629,0.5795870301013377,-0.17899733731664658
14300.369267717064,52.41195353994449,-1.5099957431581117,102.97032922496591,58.116909159488394,359.9281260798108,1.4082113767664466,11,58.2245675235568,58.319706088337654,58.08168111439984,58.133539301606696,0.5386576190834277,0.0074745353007234635
14400.519765588497,52.41196810794571,-1.5099957669349082,102.97439537748404,58.286660060259464,359.9429559183607,1.2445735010694285,11,58.15572266587003,58.50864501312527,58.309085719532845,58.564428540815335,0.4046366343839653,0.1482983854987852
14501.563645743554,52.41198271602387,-1.5099957994669662,102.97819546379769,58.4470330750163,359.92216488961,1.5423699370897819,9,57.787215694032824,58.31499701847662,58.41616588005199,58.22066294340398,0.4885195810987941,-0.2079102875071229
14597.526098578244,52.411997359546696,-1.5099958298362397,102.9815229373752,58.588840286449894,359.92751536328893,1.028331252368611,8,58.91143123944785,58.31063231755109,58.59002024149953,58.647176615745536,0.40193388674553543,0.05350473678925228
14697.359086773831,52.41201203713099,-1.5099958693639368,102.98469322209927,58.72515271643262,359.9058752363189,0.858457987236877,13,58.33758062681551,58.969307547672436,58.47758692159073,58.94419453579491,0.40299052404905866,-0.21640126970030776
14801.043883131233,52.41202674697566,-1.5099959163516765,102.98767091250859,58.854259095114294,359.8883565417146,1.0999293974730664,8,58.27082797960831,58.08227012211825,58.52329036239196,58.96411860284539,0.4077639976340866,-0.1751869460427559
14900.593969346466,52.41204148471149,-1.5099959804210312,102.990227632358,58.96594732379513,359.8480586696873,1.2743086648684303,12,59.566589335869764,58.936911596593355,59.360762152131535,58.99203852340419,0.23804529414053163,-0.40297872027323145
15000.500985700692,52.41205624735164,-1.509996055770226,102.99249558755476,59.065668595877966,359.8216099854331,0.9680200521926786,12,58.762332153978214,58.80656203715337,58.87773623805392,59.28991513843014,0.2579789737401321,-0.2644868425415882
15100.692896418994,52.41207103178006,-1.5099961476108736,102.99447004018772,59.152981905721454,359.7828870738658,1.1547972896563887,9,59.24856173453624,58.84840279939617,58.93621852278413,58.495675480043,0.19589083488026887,-0.3872291156731055
15198.639950556842,52.41208583438975,-1.5099962514050722,102.99610968747359,59.225842360840694,359.75493036449814,1.1999830182935685,13,58.90967574136054,59.604274426002355,58.7284965823555,59.37348749730396,0.10954874454190314,-0.27956709367651833
15300.464507394321,52.41210065264111,-1.5099963425112393,102.99750951606241,59.28829994110478,359.78511497853026,0.8573918436882736,8,59.32493694570805,59.285098156384855,59.12286406483568,59.14708701050672,0.17081966704246498,0.3018461403210535
15400.586144946597,52.41211548287405,-1.509996445231951,102.99858290114283,59.33635096191749,359.757916703828,1.3833072481842046,13,58.63162103425894,59.33724573058909,59.034815752945974,58.889390085421375,0.23964964601982094,-0.2719827470224018
15498.571297163948,52.412130321694626,-1.5099965159945152,102.999342349068,59.37043165038202,359.8333288950186,1.6843434279712874,9,60.08724383157979,59.24430106422391,59.72532508899551,59.52673055449314,-0.013785375869615493,0.7541219119055775
15603.73154902229,52.412145166083135,-1.5099965807811913,102.99983703770694,59.392668290093575,359.847461411858,0.9517429129530525,12,59.70390490200224,60.24738306254432,59.626018257276876,59.72557173244562,0.03940697923618412,0.14132516839364015
15700.947665841824,52.41216001229939,-1.5099966433265781,102.99999926171994,59.399966777429846,359.8527565767526,1.397808013401514,12,59.12465484202658,59.64647298098202,59.234023696109276,59.36975306607991,0.034675843198792064,0.052951648946371534
15797.617393005594,52.4121748571504,-1.5099967163105976,102.99987943287549,59.394575351534016,359.8281664376943,1.4647392049108463,11,59.98413797083733,59.53905352989047,59.94116361293148,59.60955831082652,-0.028820309889094807,-0.245901390583008
15901.313107217267,52.412189697069834,-1.509996780751922,102.9994392550643,59.37478533905008,359.84822883791503,1.2193346804192884,9,59.06934618452375,60.10638808035406,59.59865231489865,59.76702489232948,-0.07687522212316543,0.2006240022072542
15998.050636659545,52.41220452910746,-1.5099968521572598,102.99873782829195,59.3432978014959,359.83173802892924,1.50109758736427,9,59.394909352206724,59.31782780609001,59.27379733257128,59.64776749714967,-0.1747186940622954,-0.16490808985754746
16101.574169207484,52.41221934926623,-1.5099969220232785,102.9976763569002,59.295759668409275,359.83523335264846,1.2107315434910122,8,58.39921751424836,59.4402949877501,58.70134497429087,59.68635621750669,-0.1375551786321104,0.03495323719176336
16202.317191158016,52.4122341545007,-1.5099969607513837,102.99633495947356,59.23587775013493,359.90857437226816,1.3046372879774348,8,59.340448237775206,59.264800323449705,59.74452143219155,59.4456905051112,-0.2174750923205908,0.7334101961975001
16298.358635363296,52.412248942374234,-1.5099970005984271,102.9947730182098,59.16642110511102,359.9058224588508,0.807353044554427,11,58.39095169809236,59.026469958113196,58.83882079480837,59.18300240295049,-0.32852311731563305,-0.027519134173361683
16401.92675225849,52.412263708204144,-1.5099970264763882,102.99277911882656,59.07817828704691,359.9387467144024,1.4917201141346887,10,59.000675581913484,58.40454341963362,58.674244831238326,58.71472085494274,-0.19751849029187107,0.329242555515654
16500.82556185387,52.412278449789746,-1.5099970608084456,102.99057547941425,58.98120247216238,359.918602193696,1.4613426789447246,13,59.045431286747004,59.27413905947504,59.23179328302593,58.91385635882621,-0.24147927336987574,-0.20144520706405142
16601.64412031999,52.41229316353421,-1.509997095497636,102.98802798922078,58.86981132070628,359.91759984727753,0.8384008773263446,10,59.900650397745146,58.59484696082219,59.444789791180675,58.67078291247237,-0.3264023684328863,-0.010023464185047468
16703.793585965308,52.412307845929924,-1.5099971088019921,102.98513711841926,58.74433297172406,359.968329548668,1.1682501073951332,10,58.88786349623021,59.382565532193674,59.04604829154054,59.27808643228334,-0.3417257777425851,0.507297013904991
16799.509223767993,52.41232249612774,-1.5099971296059367,102.98214564943511,58.615522071956214,359.9503682655155,1.7790318407916674,9,58.25446281100384,58.398978603464485,58.756050866018,58.56599457863098,-0.32563438030410713,-0.17961283152486934
16898.492527671286,52.41233711025978,-1.509997128647953,102.97876470072946,58.47120076944734,0.002291091994436556,1.2207365625686168,13,58.25920402527995,57.99126201135831,58.586269031374634,58.524007013004315,-0.406563127337789,0.5192282647889801
16998.22097114075,52.41235168528041,-1.5099971192373005,102.9750631497007,58.314720392629,0.02256669141632983,1.3019454051318418,9,58.865893664238556,58.531671435673005,58.504391629254215,58.452743468214216,-0.4053703987649966,0.20275599421907095
17098.36837943007,52.412366218329886,-1.5099971165539656,102.97104829134769,58.14678945036514,0.006453205228808656,1.7099301581597186,13,58.28530221534724,57.59350484658172,58.33077051955543,58.14948808613586,-0.4991706257755449,-0.16113486187536125
17199.845796581172,52.412380706198824,-1.5099971063690236,102.96667617439525,57.966026901302065,0.024570352418436414,1.5172618758657563,12,57.86378297997505,58.34744190205264,58.02284893486094,58.367471880827445,-0.4489785395824056,0.18117147189646016
17300.682303949634,52.4123951466416,-1.5099970847059754,102.96202906210435,57.776293487277144,0.05243198507355373,1.3820701311242236,9,57.833737911431406,57.250846665909016,57.78750264318427,57.64523084733601,-0.5216159519439211,0.2786163265514012
17400.55338159866,52.41240953774739,-1.5099970557821516,102.95712957556412,57.578915129768866,0.0702455283206973,1.5978046813410725,9,57.70067819049952,58.20462237008832,57.55627446607353,57.63196922395248,-0.5545656862558842,0.1781354324711727
17501.65436649807,52.41242387665202,-1.5099970454182157,102.95186933493486,57.3700203232031,0.02526190365227876,1.6643662664559733,9,57.53738690701,57.43947944339868,57.21771188944045,57.17892573634816,-0.6474186592080197,-0.44983624668417527
17600.026003783754,52.41243816269015,-1.5099970436070755,102.94646148419005,57.158495894332724,0.0044309580013646155,1.2568880717372668,11,57.51750827458838,56.87718365371961,57.10393325784912,56.84712465894179,-0.5980267417675726,-0.2083094565091352
17702.907068154316,52.4124523913964,-1.5099970446899498,102.94050071122643,56.929110658375585,359.9973400714174,1.2751083649318353,9,56.4451301346193,57.14534173094039,56.54684905115316,56.7865341191045,-0.6690234822358694,-0.07090886583968997
17799.470686333523,52.412466564526234,-1.5099970466333017,102.93462279483089,56.7067493641527,359.99520771074634,1.1860509356518358,8,56.30958974794017,56.457444385940136,56.68542764878136,56.697363810304374,-0.6897234819719639,-0.021323606710594488
17905.44033833318,52.41248067485616,-1.5099970413895265,102.92785742820745,56.455487929510795,0.012988656571906176,1.7667061400184605,8,56.10782987859322,56.519910256978534,56.22406333562356,56.36673945429713,-0.7135303470896422,0.17780945825592986
18001.25133469553,52.41249472691865,-1.5099970341206532,102.92145757800229,56.22236103686753,0.018079415256295306,1.4971662542903506,13,56.04467673022984,56.125003183739985,55.97183484259383,56.06898734034676,-0.712235866568451,0.05090758684362874
18098.285684887167,52.412508718671496,-1.5099970421974018,102.91470267595304,55.98106256312988,359.97982461728094,0.8832230662080723,12,55.76898399378977,55.722048475023,56.03902454439374,55.64858675301982,-0.5795258275292494,-0.3825479797534614
18197.85821500388,52.41252264732789,-1.5099970458970837,102.90748578997139,55.72861067053786,359.99071648340225,1.6629596233130184,11,55.76568580540956,56.06956018249517,56.03385005965803,55.715113583610396,-0.6533926050540244,0.10891866121292697
18300.964944830488,52.41253650952125,-1.5099970426414377,102.89970896423404,55.4626916812594,0.00820847652005341,1.2805599408362682,13,55.75398647009164,55.33883445199772,55.65831320215958,55.136897741161825,-0.6315216548856728,0.17491993117806487
18399.55307442935,52.41255030725225,-1.5099970330699874,102.89198464538617,55.204781848942986,0.024245291559111593,0.8687539064224875,8,54.83728271348881,55.45999293483858,54.85062577313368,55.38004528722487,-0.7937635877320711,0.16036815039093225
18501.428000988184,52.412564037601086,-1.5099970113818892,102.88370751657956,54.935206118796316,0.05520737863582781,1.349717255163311,11,54.71247284140938,54.512798782628636,54.703502288841555,54.9676249422095,-0.7398590517925879,0.30962087076683376
18600.946475249148,52.41257770153796,-1.509996980458901,102.87533285904189,54.66951819665553,0.0790974885848641,1.217164278975702,11,54.65609883491823,54.10080311683833,54.864169919549084,54.36175211043093,-0.802715901638061,0.23890109949054283
18699.854342174687,52.412591299061596,-1.5099969445684627,102.86672743045663,54.40381694412426,0.09225202887301975,1.677749404862625,12,54.121541491435266,54.309254156872754,54.18396160870098,54.342595766749554,-0.7725065011727523,0.1315454028813609
18798.306412563863,52.41260483023811,-1.5099969096313566,102.85788314951476,54.138358531390246,0.09024192930644404,1.0039946036093874,11,53.840679093984754,53.99974963915891,54.090640909601596,53.974550979281645,-0.7845505013029728,-0.02010099566556597
18896.97030555063,52.41261829485305,-1.5099968931972407,102.84874193889186,53.87199315458911,0.042658903593178366,1.6264646094921829,9,54.25295503939495,53.614072887834936,54.01254562790113,53.91876885478247,-0.6904793819145301,-0.4758302571328782
18999.106970095865,52.412631690631635,-1.509996872129921,102.83898686391726,53.596588352179886,0.0549665589722963,1.3576886911854529,11,53.659651949479816,54.53949934483262,53.38332668231379,53.889676959938924,-0.7851093313893223,0.12307655379111863
19101.712797588647,52.41264501752372,-1.5099968489022473,102.82888877942138,53.32097870440047,0.060916372937924734,0.8546103032134691,12,52.84831993035322,53.32502806545823,53.34070473861147,52.92376167751105,-0.6953190235294625,0.05949813965639817
19200.42818748826,52.41265827855992,-1.5099968228374032,102.81889246721188,53.05749699922569,0.0686965335260652,1.7718453013254847,13,52.525547796682275,53.24532239518359,52.770802968986004,53.08550362378787,-0.6925214411119465,0.07780160588182698
19297.508522442575,52.412671475399165,-1.5099968107092885,102.80879381764312,52.80061491477468,0.03212038107915305,1.3126152441032,12,52.29619130173431,52.76891360143418,52.69045534114451,52.74991391027876,-0.6152407586928881,-0.36576152446921156
19400.3463618517,52.4126846050018,-1.5099968102771326,102.79780754260867,52.53159265789104,0.001150392488966645,1.0908768542315825,12,52.44210905055628,52.60244528931544,52.61310794770399,52.65831812654725,-0.8072917592457373,-0.3096998859020369
19500.770634759458,52.41269766987677,-1.50999679856911,102.78679355447159,52.272624840150776,0.03132099932804522,1.2694068419892581,8,51.904037679586786,52.08207239805719,51.92570055475794,52.33114732391608,-0.640008361433391,0.3017060683906778
19598.232285127597,52.41271067297475,-1.509996787338034,102.77583574775511,52.02545424102667,0.03018782764104344,1.657857783517489,9,51.739881617584956,51.88854028674811,52.11764207103614,51.86844631617139,-0.6385189537039724,-0.011331716869884776
19700.30745021189,52.412723612626856,-1.5099967689336533,102.76407656690486,51.77161932214949,0.04971138448837564,1.1049031243850636,8,51.519966477080196,51.78120010019438,51.758537053559365,51.71455231408788,-0.738151664242733,0.19523556847336865
19800.116417436893,52.41273649164589,-1.5099967503165708,102.75229996964731,51.52902668094087,0.05052264620587721,0.9926763964867004,13,51.38329379437251,51.04640920338302,51.642528279267005,51.36532638967021,-0.6077893335640002,0.008112617174697185
19897.714059404338,52.41274931286115,-1.5099967314703358,102.74051914854455,51.297754201870376,0.05137509680969288,0.9290712469308815,10,51.39651429330093,51.605018637054236,51.343305344394686,51.51893656884002,-25.335765532904194,0.008524506038543685
20000.715574720696,52.41275762677841,-1.5099963784254629,102.72780293824617,33.27517427858091,1.4838310837534436,1.0978593983902112,13,32.80297380934646,33.913248521375124,32.79160424906142,33.93959566807973,-25.107586240764903,14.32455986943719
20101.121569052735,52.41276592099488,-1.5099956837071513,102.71512859920642,33.228481253877966,2.9249149973088606,1.5800480870400435,9,32.46171063458383,33.825975104098326,32.5792790804489,34.151749937324155,-0.1697449462800596,14.410839135554445
20202.16610248635,52.412774190405315,-1.5099946466374645,102.7020973232456,33.18261959479026,4.374673731768837,1.2716263651952617,11,32.485950919348895,33.69833062855091,32.457255318385656,33.843924655950566,-0.16108177451919342,14.497587344599385
20302.10760410407,52.41278243003996,-1.5099932667414508,102.68893691492725,33.13839031647632,5.832996924253507,1.02748160369354,12,32.392014561376115,33.64632861057373,32.480797587238385,33.716054343782396,-0.015940577728678823,14.583231924846736
20397.244661264085,52.41279063525969,-1.509991543755909,102.67615962083252,33.097349143377315,7.299451320582364,0.9661849996097492,10,32.4464437918425,33.88692733942547,32.49057494544931,33.57007822779272,-0.11581506416031306,14.664543963288821
20498.12434992017,52.41279880023926,-1.5099894777390364,102.66234650238077,33.05497888879842,8.774497282940501,1.132729476510379,9,32.651041781901945,33.586054549087834,32.38010897664663,33.49285179251448,-0.07805489111676372,14.750459623581483
20601.030070534416,52.412806919521486,-1.5099870688887236,102.64797682221342,33.01299294171812,10.258267060899072,1.7399243728857088,8,32.54972180586316,33.26109761586337,32.333016062271234,33.48468853780985,-0.15284137506521076,14.837697779585502
20701.027571901825,52.41281498809842,-1.5099843175507663,102.63374459730818,32.97340547649151,11.750467281318947,1.1430267125900244,12,31.984441934175635,33.78038669117934,32.1936331420755,33.698493238117244,-0.14727916149235692,14.922002204198602
20801.03009537261,52.41282300062082,-1.5099812243843815,102.61924827870828,32.9350266515076,13.251044544982165,1.7881240759546353,13,32.28995241662318,33.43575085819186,32.156545774243654,33.696444069803086,-0.05418787905246328,15.005772636632495
20907.70546298131,52.41283095109189,-1.509977790421552,102.60349596761813,32.89543875044073,14.760489999560605,1.2852304557653562,8,32.14760448782338,33.56075868800099,32.017709193212944,33.380057241234375,-0.16900990105612707,15.094454545784558
21001.141781021386,52.41283883527448,-1.5099740164369553,102.58945515595668,32.86192426636304,16.277638531503385,0.9791639182901509,9,32.20041785687482,33.60338019851736,32.386358187691414,33.68272400661683,-0.11597337596695212,15.171485319427815
21102.271131280362,52.412846647040865,-1.509969904118723,102.57400358689148,32.826885615389116,17.80304914470264,1.6911400917935095,9,32.09345715457819,33.4508826331456,31.96260581917375,33.46655103459123,-0.09314699930796158,15.254106131992476
21201.908003526987,52.412854381036716,-1.5099654550841972,102.55852260005199,32.793633440062706,19.336516219110365,1.260355373134827,13,32.24257038180826,33.743694853256955,31.996527973563634,33.52148151419611,-0.08492442006554698,15.334670744077126
21301.30278250261,52.41286203178011,-1.5099606712715725,102.54282615655414,32.76173061927568,20.87793021493104,1.5096713435045244,10,31.778414168936287,33.47262540690666,31.957784393385655,33.68944453516417,-0.0952398208831009,15.414139958206905
21399.36946151072,52.412869593853344,-1.5099555548615013,102.52709324066791,32.731508127287455,22.427089984719487,1.783711583209152,13,31.983292164889455,33.332433319300414,32.13069216841778,33.56691807762264,-0.06405050993924777,15.491597697884135
21501.517938440986,52.41287706144087,-1.5099501084989204,102.51044708689909,32.70136473999997,23.984210376120586,0.850175350319974,11,32.10707551808894,33.287151192234575,31.944531922021962,33.384567247013116,-0.04518468769401763,15.571203914010916
21598.454349570926,52.41288442937026,-1.509944334753067,102.4944080275291,32.674032344938325,25.548777011455,0.8966945597875672,8,32.15455214965676,33.45029361632443,32.11096227124305,33.277520250114,-0.0389618805131618,15.645666353344229
21699.52636278652,52.412891691849275,-1.5099382368612404,102.47743511383138,32.64686523439396,27.120988451331186,1.5204567414627563,10,31.922583056131053,32.83434206873491,31.834802364974937,33.085685097773734,-0.12230982781013688,15.722114398762242
21799.029272904343,52.41289884345991,-1.5099318180977177,102.4604784705285,32.621458206027064,28.70060048821125,1.0818250032954722,12,31.98193267434882,32.78409079734483,31.927561758144897,33.25500757671281,-0.08345712582490569,15.796120368800139
21900.163748278774,52.412905878611156,-1.50992508216007,102.44299416574489,32.59700568732546,30.287600018444152,0.9843013969500991,11,31.819674439788194,33.22663476354754,31.7576365445069,33.30175667617272,-0.007273769837340578,15.869995302329068
22004.629317133345,52.412912791654655,-1.5099180330731212,102.42467164409827,32.57320962871661,31.88208087190776,0.8393618798197295,10,31.897069737877402,33.26956169807887,32.11003507067914,33.17803332484824,-0.015598909261729757,15.944808534636215
22096.265469614817,52.41291957777385,-1.5099106745688413,102.4083813883633,32.553567173904355,33.482993450727236,0.8218467119862018,8,31.82891965482462,33.475107530334526,31.66311296057281,33.2754115121105,-0.12523562619041623,16.009125788194556
22201.372520380748,52.41292623093447,-1.5099030117365688,102.38944746610638,32.53246291811283,35.091126150533455,1.574485603119791,9,32.01533666496111,33.208267887775385,31.829201089653964,33.28535032875416,-0.03650036177693222,16.08132699806238
22296.77456825762,52.41293274617944,-1.509895049014122,102.37203320471122,32.51463363701229,36.70566122965624,0.93443342736955,12,31.813026450810266,33.161974453198305,31.849556418035117,33.23033367037498,-0.1482649924665236,16.14535079122795
22399.05613626842,52.412939117921255,-1.5098867918012846,102.35312342581986,32.49692823251443,38.3268945179957,1.267720615971151,13,31.793856344563597,33.350509771124244,31.800769346828268,33.159197658496886,-0.0449758567031716,16.212332883394527
22502.177901193936,52.412945340872376,-1.5098782455082584,102.33380910528315,32.48056136371183,39.95470103983723,1.405896815179483,8,31.46258036910319,32.94383580864638,31.705301494044807,33.254724534516725,0.052489960605481834,16.27806521841522
22600.128560038193,52.41295141000141,-1.5098694156705466,102.31523345959057,32.46640139154752,41.58857809503519,1.2283518005688463,11,31.776883992932536,33.21502641014739,31.695386476735116,33.27967563702908,-0.08480412366724159,16.33877055197993
22697.84451044414,52.41295732018918,-1.509860308332011,102.29648099161278,32.4536265324931,43.22833780066907,0.8271066523362332,11,31.792593591754017,33.09752103780005,31.70191700406013,33.06603821968903,-0.07577919860464752,16.39759705633865
22798.56939258148,52.41296306631503,-1.5098509299074685,102.27692159743955,32.44187599818987,44.87397474328435,1.583501502587909,9,31.653422557785245,33.46423201141768,31.6632684121056,33.389236660431266,0.007294104485614426,16.456369426152808
22901.35919549787,52.41296864337756,-1.5098412870329707,102.25672308273553,32.43137321558612,46.52540864909088,0.8105132245416535,9,31.969537541606293,33.096359239660394,31.790816982171624,33.18093856248795,-0.1035921655725147,16.514339058065417
22998.539266736567,52.41297404662286,-1.5098313864733681,102.23740758812606,32.422830493525204,48.18213170747862,1.561889894377484,12,31.884304761278507,33.19614647480658,31.93765297462732,33.1904309147083,-0.053927448580715846,16.56723058387712
23100.432917179165,52.41297927121559,-1.5098212355177292,102.21692833525715,32.415324633683866,49.84419563360427,1.6933044937881228,13,31.66632991250151,32.862872627902526,31.577186579173265,33.27689162625336,0.011201138394856439,16.620639261256393
23200.09114367981,52.41298431253734,-1.5098108415842886,102.19667570981778,32.409423432216556,51.511275711234816,1.2328399210571723,12,31.305757834600396,33.100953354978664,31.46618255573469,33.21025634754853,-0.04607015014297805,16.670800776306084
23298.696799304787,52.41298916606905,-1.5098002124177832,102.17642225904233,32.40498841609774,53.18311252716569,1.3355424730977983,9,31.61801629550591,33.37907263581286,31.621740095474088,33.30355537320891,-0.022401232192045845,16.718368159308717
23404.28788817865,52.41299382734639,-1.5097893560684683,102.15449943176004,32.40178946457788,54.859810648872724,1.276983392617654,9,31.925968853021285,33.05108436035357,31.95382528049097,33.21421498652214,0.030649095914250662,16.766981217070114
23501.267838044638,52.41299829214587,-1.5097782807617388,102.13415276330682,32.400265079584656,56.54075778477625,1.189208618623439,11,31.55782954368908,33.105036460282975,31.522318403402164,33.095275964827586,0.018707568991910832,16.80947135903502
23595.949714826686,52.41300255634613,-1.5097669951008612,102.11409458263122,32.40008325524474,58.22565031864747,1.6874245353703603,9,31.770495616254806,33.300405850074576,31.829304542026392,33.22616654938452,0.014888862634081127,16.84892533871239
23700.37290862954,52.413006615944134,-1.5097555078448832,102.09175302293539,32.401379598414564,59.91465782791056,1.6939335106699906,10,31.81265067353926,32.973014136490974,31.833576888454452,33.02958542695431,-0.011468611564806382,16.890075092630994
23798.676427070463,52.41301046710419,-1.5097438280686675,102.0705123084957,32.404034256971805,61.60730911496836,1.1358163646415345,8,31.682639488414686,33.228432152755516,31.552320961003428,33.200135051663004,0.0281261890148696,16.92651287057787
23901.704866669592,52.41301410616119,-1.5097319649693486,102.04803596215773,32.40830825435559,63.303536350463446,1.4150697540146981,9,31.62772239423497,33.027485935299,31.696942849567343,33.18723810969931,0.007248747889198973,16.962272354950727
23998.414958523135,52.41301752958754,-1.5097199281726201,102.02674015608409,32.41370773193562,65.00289097601672,1.7269075621458643,12,31.5792130645273,33.13658966224495,31.834939488455067,33.17085702834116,0.04024879964582658,16.993546255532685
24099.770527117067,52.41302073407297,-1.5097077272928927,102.00421800573586,32.420806388143255,66.70528202439903,1.7620584989413515,13,31.86296133776135,33.29118636740389,31.586643918820172,33.18992123438083,-0.0031002688484637365,17.023910483823286
24201.00997455796,52.41302371645999,-1.5096953722384454,101.9815161208156,32.42936509126897,68.41045683633604,1.3089590404220477,13,31.83450573693825,32.99267707341541,31.616124615426408,32.966802590334076,0.016602445395324905,17.05174811936993
24301.73151038834,52.41302647377332,-1.5096828731330678,101.95872883167759,32.43933263190555,70.11815149597078,1.2528248052843267,13,31.37302346807923,33.05780574622655,31.57705270423456,33.15503807911146,-0.020613291676278775,17.07694659634732
24397.599407185888,52.41302900320011,-1.509670240504319,101.93685502199031,32.45016200179392,71.82801114326566,1.0786943159285258,10,31.64075313128078,33.28942229451341,31.532013751283984,33.25214391379685,0.03123316768895084,17.098596472948884
24499.33099752832,52.413031302204466,-1.5096574845636048,101.9134486881056,32.46308078660182,73.53991718521814,1.75887187319041,12,31.51079596395191,33.39381935246318,31.590241436141934,33.274926411481395,-0.0030458456550787744,17.11906041952485
24599.050109377677,52.413033368383104,-1.5096446160424926,101.89031317850925,32.477165024012905,75.25357649685157,0.9428143044728674,10,31.572186595132266,32.792208792320785,31.53064698327622,33.13180001473973,-0.014650457585234394,17.136593116334257
24698.693341534854,52.41303519955534,-1.5096316457307608,101.8670075181047,32.49263812934628,76.96873633211999,1.379829576047725,9,31.751516654511242,33.64711200315049,31.704874958410638,33.45323809979913,0.05912250951029153,17.151598352683735
24803.530908480563,52.4130367937865,-1.5096185841771403,101.84228687688186,32.510421429537516,78.68520213343976,1.082550267518639,8,31.582986136319406,33.13192666187298,31.620046063537682,33.187724309698865,0.060160352225289614,17.164658013197897
24900.80996342192,52.41303814925419,-1.509605442943902,101.81916735899077,32.528294951017614,80.40262844841845,1.0790082903477967,13,31.64035920938205,33.521806017561055,31.764840164852306,33.450641461549466,0.09044449649595765,17.17426314978714
24997.47823209133,52.41303926441694,-1.5095922332586116,101.79602246469534,32.54735801255646,82.12076878768744,1.2049685873761886,12,31.447319034369695,33.59771853769751,31.55627354607814,33.39779152191671,0.03551428257499202,17.18140339269028
25101.83572389411,52.413040137997776,-1.5095789657145273,101.77084824718177,32.56938575497631,83.83941019815563,1.7987929358156545,13,31.67199285829135,33.04861327777436,31.81774867883316,33.276838095487236,0.0830373069492816,17.18641410468152
25204.244312394025,52.41304076887154,-1.5095656517608314,101.74595666452808,32.59245497107382,85.55827059352436,0.8549663068398221,10,31.771986276854427,33.504064003113086,31.904681389485884,33.62333285795159,0.09203967260150762,17.18860395368737
25302.0649305211,52.41304115613536,-1.509552303212207,101.72200921932499,32.61582560664755,87.27708769376301,1.3785418182035314,11,31.557669053094283,33.2021125571039,31.56827256594825,33.250083898837744,0.08790601503449266,17.188171002386362
25396.961260068092,52.41304129913263,-1.509538931833614,101.69862018627434,32.639735444816715,88.99562709217116,0.8825721580352772,9,31.779597330892155,33.42480357950506,31.893738641004088,33.556302932400996,0.029520144644417046,17.185393984081653
25499.031531854267,52.41304119744595,-1.5095255483478234,101.67329230845029,32.666803643372404,90.71360894784243,0.954520829990519,8,32.139165797244885,33.885528884247655,32.029935379294436,33.59411062794204,0.08515494533360186,17.179818556712828
25602.533822298374,52.41304085086156,-1.5095121640504812,101.64743108634042,32.69566992009515,92.43075202048834,1.2395629417728986,9,31.98439362422941,33.25576215714731,31.74830589482686,33.39883811948236,0.09726438760374329,17.171430726459054
25698.584661068762,52.41304025941921,-1.5094987913065667,101.62327375206686,32.72372495178913,94.14687109184598,1.3104601313464412,11,32.05159733373396,33.60931606588442,32.14482588597614,33.7029338476761,0.0826722295054838,17.1611907135763
25800.887638856293,52.41303942334184,-1.5094854408434668,101.59737932497367,32.75493550053041,95.86164046679676,1.058792408364524,8,32.05492785505609,33.547535870187986,32.01660326049401,33.513287128677675,-0.016481713978696383,17.14769374950811
25901.549268106857,52.413038343111765,-1.5094721243123006,101.57173715689363,32.78697131342583,97.57482220177167,1.1164571308744162,11,31.9852838168235,33.41485520228271,31.90557012518709,33.616918012567446,0.09691696852649252,17.131817349748896
25998.146139056844,52.41303701947217,-1.50945885368237,101.54698065466428,32.81893809140644,99.28623964170771,0.8869670202559331,9,32.09700748834593,33.57772977767741,32.02143653453395,33.644291764236456,0.20356721656131643,17.11417439936016
26099.880949287875,52.413035453287726,-1.5094456396245248,101.52075134318045,32.85388859193168,100.99554564760825,1.1032197838442506,10,32.14832138835117,33.678568040343,32.13611685152497,33.625195899850084,0.07681785953718052,17.09306005900554
26193.517465319863,52.41303364583421,-1.509432494600964,101.4964707722759,32.88720836394846,102.70268030079677,1.7665584393805442,9,32.22782063234428,33.72857691133107,32.108588212624944,33.78480503065351,0.06327510024990193,17.071346531885048
26297.95122471733,52.41303159828544,-1.5094194282667994,101.4692357283092,32.9256574396344,104.40713758497509,1.7447073816724816,9,32.28543509595389,33.804011160556875,32.20777426890712,33.819802786311016,0.12577888596915848,17.044572841783616
26399.494863697215,52.41302931227923,-1.5094064521431632,101.44260071688979,32.964328613696644,106.10873552294919,1.1348782901369852,9,31.861605748664225,33.425397258009944,32.06000305386154,33.51409769866813,0.12281896256866615,17.01597937974069
26497.50443363607,52.413026789703075,-1.5093935777806897,101.41675159382928,33.00284147710704,107.80733668691528,1.3708539362787615,12,32.38033857209692,33.70637589688811,32.24022961665383,33.96355991229437,0.17264057084095008,16.986011639661104
26603.264822607864,52.4130240323431,-1.5093808148293504,101.3887056778654,33.045691358747135,109.50244602154191,1.7095953911109443,11,32.22274733920548,33.657591613088805,32.08042400781664,33.603558232067435,0.050984548554481535,16.95109334626628
26697.139717244077,52.41302104279732,-1.5093681759385797,101.36368137505018,33.08483360567899,111.19423428933271,0.8061838226408967,11,32.16594053895249,34.30438993105349,32.28916991250085,34.00599867252943,0.15160805844462638,16.917882677907627
26799.119911026606,52.41301782320315,-1.5093556704003352,101.33636032324608,33.12851947173457,112.88218170662014,1.610683570337592,13,32.238153550860076,34.06398873914025,32.23203948181006,34.060854862763485,0.15201045336010977,16.87947417287435
26900.26148115457,52.413014376209205,-1.509343308772689,101.30912666548028,33.173025937893215,114.56608361228933,1.748369552788919,11,32.41042303911341,33.84059189873705,32.30006518406363,33.8025194252417,0.11906780951383478,16.839019056692244
27002.882546578134,52.413010704559625,-1.509331101048054,101.28135777842753,33.21936556991439,116.24564420652092,0.8913257343335571,13,32.57001213951463,34.056699923878114,32.60413461927083,33.93914782394351,0.14183653525814005,16.79560594231581
27097.12827569764,52.41300681165979,-1.509319058736331,101.25573628699868,33.26295549983389,117.92101135100285,0.9614476860329211,12,32.806132786277324,33.67106224776542,32.63107067373721,33.88612571164344,0.18118568923339107,16.753671444819116
27202.32632750431,52.413002700128516,-1.5093071898309,101.22700568666619,33.31275879682489,119.5914684954692,1.7607463027713555,10,33.00616150499783,34.344792661874564,32.62060672996404,34.05489784803761,0.1785043734166978,16.704571444663646
27300.020466122038,52.41299837374555,-1.509295505287457,101.20020280570773,33.36007529501289,121.25715344353443,1.3375401436403465,13,32.320920804238725,34.12174430228929,32.44844091092256,34.0872601307113,0.07590724156475964,16.656849480652678
27398.036982697904,52.41299383603098,-1.5092840145156259,101.17319636576659,33.40856070598617,122.91784908346426,0.8141966344717237,9,32.37520321262297,34.56179173438807,32.60031566265809,34.28207453516163,0.18052338953589667,16.60695639929781
27500.924206948526,52.41298909036834,-1.5092727258798746,101.14472669726311,33.46052644075554,124.57309521872867,1.0576319987635292,10,32.90467415096383,34.27822592271736,32.85476470860035,34.404323444083325,0.14014066056928823,16.55246135264432
27600.398119391146,52.41298414084903,-1.5092616489561352,101.11708627226713,33.51179077137723,126.2228707312978,1.2499436742688597,12,32.8866884864596,34.77831899577131,32.768466004363354,34.46502128151101,0.14662283203689824,16.497755125691178
27698.79956624568,52.412978991564785,-1.5092507926822334,101.08963508509298,33.563471412293545,127.86704412812503,1.4929089110247677,11,33.07028543295512,34.37832153724454,33.10850363384198,34.24559323851795,0.1507303882058494,16.44173396827236
27800.13960416998,52.41297364644285,-1.509240165031824,101.06125386281745,33.61768155920938,129.50525527219497,1.5331603781367997,13,33.1519866201013,34.440435323149615,32.91283199978241,34.345463233473225,0.14271418675960854,16.38211144069952
27899.229372806276,52.41296810996244,-1.5092297746271526,101.03339744402311,33.671634374357204,131.13745258654995,1.795421512925456,9,32.722660535344836,34.233604652810584,32.943149993557476,34.19359396695813,0.21220388131592666,16.32197314354961
28000.227034690502,52.41296238638338,-1.5092196290990953,101.00490027506147,33.727566883860995,132.763338633069,1.087511199383759,8,33.0500447885115,34.32457723098314,32.935935174265445,34.36728349835723,0.1525483950707115,16.258860465190573
28101.324261349044,52.412956480244006,-1.5092097361141585,100.97627235830448,33.784483065362686,134.38272930838275,1.3382201018684752,8,32.95414110558642,34.87370072647784,33.05427254906725,34.66561488582337,0.10398198646186829,16.19390675313732
28203.17203363229,52.41295039613572,-1.5092001029462807,100.94733102085814,33.84273757473533,135.99540248918572,1.333323547859605,10,33.36216271586508,34.83543900116621,33.07779655296911,34.811008657943674,0.13729714093574558,16.126731808030083
28297.524369002345,52.41294413958811,-1.5091907380154534,100.92043185717674,33.897504081651334,137.6017022392149,1.2056452594472375,11,33.58085523665112,34.12928035969812,33.24960350925638,34.46828798484565,0.17230406722637354,16.062997500291633
28404.26606674931,52.41293771418366,-1.5091816460880176,100.88990191801128,33.96036349333314,139.20062397109535,0.9691618938424202,8,33.22125645161884,34.42317137373686,33.34909296069342,34.616537006209434,0.2249082205869446,15.989217318804508
28496.095824400956,52.412931126517805,-1.5091728361910297,100.86355578213909,34.01518626823924,140.79306148130166,1.7774565631838426,10,33.08398773660967,34.71463808965184,33.175145927506016,34.74692593258347,0.1933152022380546,15.924375102063172
28599.69642980993,52.412924380324334,-1.5091643126985137,100.83374526120535,34.077839030286384,142.3780380644593,1.6533171866665861,12,33.31086534373444,34.902828499033966,33.16830995638395,34.84881301603647,0.13083910166356186,15.84976583157637
28701.17663441297,52.41291748098695,-1.5091560819026626,100.80445809580318,34.140009691471896,143.95556349022831,1.2983330282942371,10,33.101886733571725,34.74578062048009,33.166084773318076,34.7556144589952,0.29620491785061065,15.77525425768988
28800.56198373547,52.41291043397066,-1.5091481498042587,100.77569518835952,34.20163973413838,145.5256611593859,1.4032454226840299,10,33.536953142836026,35.199211696926334,33.54456964164822,34.98597727517224,0.18437532151659813,15.700976691576178
28898.754600960357,52.412903244703706,-1.509140521975233,100.74720221133057,34.26322801176864,147.08829997651947,1.0272610535596622,10,33.397783753962315,34.57791942361727,33.393544707180176,34.91856783760481,0.23811264672653093,15.626388171335492
28999.583755499287,52.412895918181356,-1.5091332031131421,100.71786923381913,34.32716677321352,148.64316212221968,1.343787070391747,9,32.99986803631403,35.068357037130816,33.31968253701067,35.043198134587385,0.16971526608397253,15.548621457002419
29099.013998130682,52.41288845997548,-1.5091261982066466,100.68887174101457,34.390884722957885,150.19024573141172,1.494970133121476,10,33.726429761611065,34.862258508137444,33.7287634119319,35.18205977704241,0.20488659396462683,15.47083609192017
29198.82127048611,52.412880875465,-1.5091195116980862,100.65969580448898,34.455484188058655,151.7294186966284,1.3151670283865888,13,33.96364052526308,35.30078415526011,34.08117418731162,35.167199386402146,0.22507094121253018,15.39172965216674
29301.699204194043,52.41287316968402,-1.5091131473599766,100.62955349626493,34.52271493446824,153.26033753031174,1.7902851705849412,10,33.73151935209591,35.15161014238342,33.81489383152266,35.168219866572464,0.24497626259600364,15.309188336833959
29400.71403097193,52.41286534868319,-1.5091071095900894,100.60048008131137,34.58801208750463,154.78322346241373,1.4113416562477261,9,34.24377564224705,35.34983967187678,33.99836996749282,35.27582922330918,0.23398465876744043,15.22885932101898
29498.61418080948,52.412857418148825,-1.5091014021514855,100.57167607512187,34.65311862978718,156.29808840191572,1.170973712592169,9,33.75126213336846,35.18756014783489,33.96464619389035,35.3402091704651,0.2301183258452247,15.148649395019774
29601.799199750865,52.412849382823914,-1.5090960277335879,100.54125791009461,34.722298190110564,157.80442249592215,1.572152027615838,12,34.15149082273079,35.59176916517789,34.013192300746674,35.36552442372866,0.17305121390903927,15.063340940064842
29700.614599041754,52.412841248925986,-1.5090909898641198,100.51207381396144,34.78905862612468,159.30252048516672,0.9704625115816421,11,34.17483347948761,35.62878750214059,34.222567618218896,35.44417216045711,0.15959735676070036,14.98097989244526
29801.625724237678,52.4128330216657,-1.5090862910633536,100.48218957509259,34.85779114448869,160.792139740248,1.1845158137062666,8,34.08244803458517,35.877394304303,34.13018937223302,35.773018598280174,0.20688655299648012,14.89619255081356
29901.259257683847,52.412824706814675,-1.5090819339478923,100.45266468778071,34.92604307391047,162.27334438446462,1.1469589503775859,8,34.414090360257745,35.666869507677994,34.27862604694389,35.68998184862619,0.23438822491661282,14.812046442165848
29998.342009978154,52.41281631033389,-1.5090779209799687,100.42385243766273,34.99295805582437,163.74630783935766,1.2318070951077773,10,34.41529154539026,35.73433503456256,34.356876044508866,35.63103047155504,0.17860159851158272,14.729634548930877
30098.879637919606,52.41280783719407,-1.5090742537962702,100.39397277666677,35.06265417006677,165.21070064506387,1.5817798259287263,12,34.39232844616779,35.711894991345886,34.29448405449562,35.83856506781473,0.24940150360819768,14.643928057062093
30201.494587210247,52.41279929256754,-1.5090709338845654,100.36343469535454,35.13418094765655,166.66631575415772,1.2841730321634075,10,34.76619791425398,35.91156038887258,34.598708221383006,35.75859305563574,0.26900532205184846,14.556151090938178
30301.220740530865,52.41279068243686,-1.5090679628698602,100.33371961931466,35.2040437991066,168.11337911607484,1.5940144502659628,8,34.45443011457655,36.33789070177231,34.51160002660597,36.040648892932666,0.14771881864354913,14.470633619171537
30399.958196812073,52.41278201244226,-1.5090653419865834,100.30426643524115,35.27352605016655,169.55196255470662,1.376488903139866,9,34.39892031085388,36.18368266303954,34.504545060822444,35.9910208282239,0.1530668965416606,14.38583438631796
30500.234654766617,52.41277328776028,-1.509063072053327,100.27432382527077,35.34438110995326,170.98192837720353,1.1420694346575555,11,34.56984526205295,35.85801653384939,34.75843593735166,35.989305966448256,0.19218425566353464,14.299658224968235
30602.555329791576,52.41276451344087,-1.509061153615142,100.24374239871649,35.416952216364884,172.40310322647372,1.6099787436834725,12,34.492764946713436,36.2031775506071,34.63570833859321,36.13787328453484,0.2113086924664399,14.211748492702185
30698.81685722233,52.41275569591316,-1.5090595874097297,100.21494856551031,35.48544931247429,173.81601718102115,1.0382896705530915,9,35.35055835713116,35.6786906798139,34.8368722287068,35.91087993338786,0.17027618012409657,14.129139545474667
30801.09419476234,52.41274683944304,-1.509058373392897,100.18433351520905,35.55843547854985,175.22017193740044,1.0243829797997956,11,35.12595436229097,36.14686231395364,34.90870360942773,36.043706970709195,0.26685014020014397,14.041547563792603
30899.595614695132,52.41273794998061,-1.5090575116758087,100.1548304592373,35.62890211697917,176.61591590602995,1.3045029240548358,12,34.89892647922056,36.181579615926196,35.136285150171425,36.100245147582825,0.21860653116803822,13.95743968629594
30999.564637593547,52.41272903249727,-1.5090570019872873,100.12487248294663,35.70056577397617,178.00315652986626,1.060849245962089,12,34.89422346039861,36.02204075012389,35.12648999130599,36.36199198387079,0.20386291644477095,13.872406238362487
31102.197553703976,52.41272009169631,-1.5090568438157006,100.09410325589332,35.77426332308274,179.38170953701865,0.8090870349512164,8,35.21876020458954,36.45025454731054,35.13411052723085,36.66322827870992,0.12987527253576606,13.78553007152347
31201.650832697975,52.41271113327432,-1.509057036548197,100.06427779193734,35.84576871306119,180.75189268618533,1.4482975272988017,9,35.42485215650855,36.75201352753465,35.32818280249286,36.80411691282628,0.1334428096927462,13.701831491667186
31301.627019272,52.41270216220786,-1.5090575793368999,100.03428910836652,35.91771151545291,182.113717796292,1.3110938214723982,12,35.5824222978249,36.58477867971699,35.48503648321847,36.63989602898973,0.214945020718238,13.618251101066853
31402.61095761431,52.41269318332739,-1.5090584711419217,100.00399467230463,35.99041279496818,183.46716508492216,1.2455178144931613,13,35.39909677846178,36.46693711662941,35.44428040164549,36.6888084546992,0.09177128472690843,13.534472886301192
31500.042007683267,52.41268420222502,-1.5090597107228967,99.97476565603918,36.060560282997855,184.8125978948758,1.7669685146183154,12,35.41845704243579,36.48846369983101,35.44068796885142,36.41763527235973,0.2493422950731457,13.454328099536154
31601.36390594259,52.41267522309248,-1.5090612967423904,99.9443719772509,36.13348430067366,186.14977506898379,1.3711991839629136,11,35.387511773672074,36.71734559703874,35.32959252374493,36.67123635628461,0.19128193069853702,13.371771741080284
31699.379466486815,52.41266625135131,-1.5090632275647153,99.91497550745866,36.20397681149821,187.47904963725478,1.6634315777893844,8,35.45368862657518,36.66618637648454,35.43846904335234,36.7018365461237,0.36110207557085516,13.29274568270962
31800.648332704975,52.41265729118378,-1.5090655015517749,99.8846119303531,36.27672644817926,188.80025301980697,0.9394502362051602,10,35.22773976252214,36.65622453990903,35.62303079007621,36.795272310199344,0.31515322573291626,13.21203382552262
31899.739713891264,52.41264834767701,-1.5090681167368374,99.85491266430627,36.347802149003726,190.11365804592378,1.3692064631294278,8,35.6131477314623,37.12313768364094,35.65411424286978,36.929496552592546,0.18952395107279596,13.13405026116817
32000.193991929984,52.41263942522275,-1.5090710711372848,99.82481947141115,36.41971585944459,191.41926481412474,1.667979626730903,10,35.63762228515398,37.25861053460327,35.78998138733012,36.95275129786988,0.19474513107644448,13.056067682009518
32101.190314050873,52.41263052829225,-1.5090743625886356,99.79458172407217,36.491846775469895,192.7171473312028,1.383105757279898,9,35.93205049987517,36.70859917742438,35.90059952496299,36.79756861182378,0.24608788612534677,12.978825170780528
32198.363558633533,52.41262166205585,-1.5090779885625962,99.7655083268589,36.56105820295076,194.00771445776456,1.5180141781270016,9,36.579220246015936,37.15414905140737,36.04125779946098,37.26822091092179,0.2856314606528544,12.90567126561788
32304.18477455137,52.41261282944369,-1.5090819471201928,99.73387280926279,36.6361872131829,195.29045245262432,1.1720435678122074,12,36.09984502297997,37.15986942000771,36.03363651917416,37.068826960254164,0.11461034814279525,12.827379948597512
32397.987965237,52.41260403689404,-1.509086234867707,99.70585491482998,36.70254669968127,196.5663763137468,0.8924495170370667,13,36.12686063910374,37.26065246461627,36.1835837774354,37.32747412666172,0.10031616561596164,12.759238611224566
32497.571622774423,52.41259528772042,-1.5090908495419426,99.67613884253238,36.77272436917916,197.83520184225756,1.2579002951270715,9,36.362923380717845,37.64237142120254,36.196095305625654,37.668625926237276,0.16842748487053483,12.688255285108292
32602.316221747,52.41258658528615,-1.5090957887156886,99.64491744074289,36.846207741788014,199.0967188039948,1.1944793908388576,12,36.06389959177755,37.42906083788723,35.977071109568286,37.291148261173184,0.22744494335737775,12.615169617372153
32701.583325387925,52.412577934675745,-1.5091010489751036,99.61536462501046,36.915506175402214,200.35146498973518,1.6670601823789473,8,36.275555824860184,36.76114022938122,36.199519730880446,37.115473505776066,0.21722080175342667,12.547461857403299
32801.24823963411,52.412569339927,-1.509106627317889,99.58573151060216,36.98471926979221,201.5995717587897,1.0439953023524722,9,36.49775039407963,37.76544332143513,36.38734199370752,37.518142051978735,0.24553227361542151,12.481067690545848
32901.25669101853,52.41256080502356,-1.5091125206346894,99.55603761891474,37.0537776400259,202.84118182206657,1.7667342275351081,8,36.67716645348555,37.80660871309185,36.30386406339543,37.79287468335235,0.13003301407534687,12.416100632767968
32999.975506454306,52.41255233414852,-1.5091187255567826,99.52677017363594,37.12153215094761,204.0765473469679,1.7581381198044963,8,36.43156333494356,37.909140283813514,36.638734943104204,37.987297847036,0.07133117676221384,12.353655249013793
33098.20549125703,52.41254393129242,-1.5091252387052059,99.49769342449069,37.18851726636157,205.30587076351162,1.0476316430714387,13,36.93228255947858,37.5537806403668,36.84502762470825,37.57054351873948,0.23181588750431345,12.293234165437054
33200.15160911639,52.412535599730596,-1.5091320570710978,99.46756796472489,37.25755107891984,206.5291100327861,1.1480519554773205,9,36.70073487782738,37.89048660474012,36.87152028093734,37.89760579220408,0.14641494022373508,12.232392692745188
33298.645676576976,52.412527343784774,-1.5091391767419813,99.43851512162693,37.32375108914941,207.74665691221458,1.695555740873885,8,36.83210498613343,37.488185007469774,36.730084852948245,37.81551636356501,0.08668798611160723,12.175468794283875
33401.95023946684,52.41251916646845,-1.5091465947053608,99.40810189869278,37.39263199203818,208.9584350020101,1.7666222208961075,13,36.88244867949487,38.21972542250041,37.052647516938165,37.936164311340555,0.1926906739219052,12.117780897956262
33499.705885236996,52.41251107227718,-1.50915430659422,99.37938041043222,37.45726607951865,210.1649491907267,1.243439102836044,13,36.84497401795345,38.4244823541412,36.92202415582228,38.41654441420335,0.2192285824590742,12.06514188716623
33598.34900560642,52.41250306470134,-1.5091623087861543,99.35045829959492,37.52192224663285,211.3663486124209,1.1209970456408977,9,36.862785120368436,37.93166594123934,36.91725466793774,37.84783258889086,0.17479788173016325,12.013994216941636
33699.357228316694,52.41249514697331,-1.509170597779016,99.32090825941467,37.587514611120724,212.56272027985563,1.326094013251542,13,37.124397344979556,38.360371271048244,36.944143779072085,38.178726478939026,0.15881783042936923,11.963716674346902
33800.825862908554,52.412487322545935,-1.5091791697425043,99.29129328923331,37.652753626444564,213.75425947537963,1.4877692063657348,9,37.2277730562368,38.07907005029782,37.057594494510305,38.27449242402578,0.16929798272561541,11.915391955240054
33898.87255089439,52.412479595342944,-1.5091880202402819,99.26274634452476,37.715146199040426,214.94134112811082,1.0734745153749798,9,36.878087722813035,38.52051712603495,37.109225759589,38.42954058822815,0.15511666344485758,11.870816527312583
33998.35555920887,52.412471968584455,-1.5091971454599957,99.23385365699822,37.777778603571285,216.12411686810015,1.536473174619073,10,37.26716889366482,38.28771607934434,37.25693551051057,38.33902156712543,0.10787556688283118,11.82775739989288
34100.487374422984,52.412464445296436,-1.5092065416993845,99.20427058621046,37.841346303225905,217.30270336289232,0.8516573571146411,8,37.1886029677468,38.59565247209838,37.32101416680467,38.43293304953738,0.13796862898858506,11.785864947921016
34200.48993314222,52.41245702906486,-1.5092162044859865,99.17538466963457,37.902844520814725,218.4774187778038,0.8492944927644165,11,37.12570580803944,37.97684706879739,37.360799556583025,38.385116429811795,0.19457252762690772,11.747154149115378
34298.986113649255,52.412449723341716,-1.5092261293806337,99.14701447004602,37.962672446536786,219.64854810012855,1.1862877051455452,9,37.44655564675205,38.52586790643107,37.48723248986967,38.54496583851902,0.18251837464262943,11.71129322324769
34399.05792338876,52.41244253116606,-1.5092363123541612,99.11827519939268,38.02267732306786,220.81626758562913,1.1534731920607206,8,37.603835617071226,38.39293988748921,37.66192589666733,38.50901002086104,0.17504642417331662,11.677194855005087
34500.46409987471,52.41243545557273,-1.5092467492779378,99.08924280201124,38.082655718926766,221.98077510436121,1.1156332153671524,13,38.14475731231755,38.800141721066396,37.68747324900719,38.71646325783664,0.11182698880290781,11.645075187320884
34597.10383131701,52.412428500229424,-1.5092574350068928,99.06166214007838,38.13901810035268,223.1424522915678,1.2910197626689102,12,37.4601138858673,38.70907915307289,37.37919543622634,38.61831757456357,0.14910460325992905,11.616771872065671
34697.18507245125,52.4124216678643,-1.5092683656389392,99.03319168436619,38.1965451471108,224.30143821101353,1.1207335823115714,9,37.01980873470092,38.65295952438153,37.27657303158319,38.79020428948491,0.05073313975572344,11.589859194457592
34798.563111557494,52.412414961411436,-1.5092795368648377,99.0044510640394,38.253920302648744,225.457949260565,0.992257918468092,13,37.75388274343215,38.64537036966393,37.8607967122335,38.783473249716025,0.16673012099331885,11.565110495514876
34899.573105696574,52.41240838394103,-1.5092909440461593,98.97591654094843,38.310165674326115,226.61224820042526,1.109469549088601,13,37.7624169512002,38.99660515697489,37.57054730411738,39.01819497160976,0.22639977662003924,11.54298939860183
35000.6218151312,52.41240193844653,-1.5093025825503739,98.94747562808436,38.36548926433388,227.76458967752524,1.774904272810235,13,38.19401566186366,38.715309889098776,37.79930721203137,38.88966044791654,0.07957593496494272,11.523414771000942
35102.9507124339,52.412395627776135,-1.5093144478845373,98.91878393088938,38.42052910425439,228.91521115298997,1.2111134169948485,13,37.41276591475421,38.83847173347106,37.71181748074736,38.67565039823944,0.11959438479391621,11.506214754646697
35201.7153192464,52.4123894551718,-1.5093265347058138,98.89119895038715,38.47269061762494,230.06442433405164,1.2447127768583357,13,37.31441549148292,39.12792532844708,37.668485009082005,39.20029047596386,0.1594381194560684,11.492131810616344
35299.68012294007,52.41238342358222,-1.5093388380641204,98.86394419424536,38.5234767062292,231.21248619762252,1.3765449899511402,9,38.43176367761013,38.34659297888236,38.07557331904885,38.91217921166458,0.2039891757268984,11.48061863570968
35399.9619675842,52.412377535672164,-1.509351353450627,98.83615776229871,38.57446048930892,232.35962387237964,1.7833407684142266,11,38.23456224322575,38.92887077830054,38.160223422939666,39.00196476152156,0.1162323618658108,11.471376747570325
35497.99494127072,52.4123717944359,-1.5093640755457731,98.80910756759306,38.62330009295938,233.50610762063388,1.0416012764357632,10,37.840990103047,38.85665045191821,38.005991735003285,39.05947533569468,0.10228947257145965,11.464837482542935
35599.96297372801,52.41236620237862,-1.5093769999627626,98.78109304325977,38.67302992141394,234.6521735656048,1.4812821105324339,13,37.84933914786728,39.09631717758544,37.74843209908884,39.41782389164816,0.03650595151221327,11.4606594497089
35699.42268272216,52.41236076244464,-1.5093901212015273,98.75388972504263,38.72046561117516,235.79809009619612,1.515984693541724,13,37.60560513349943,38.6735996685577,38.107818110619085,38.914368046710685,0.1365703913652615,11.459165305913926
35800.64543712068,52.412355477253676,-1.509403434376492,98.72633077497737,38.76763683054184,236.94411641754152,1.4073244167930659,10,38.298959885112474,39.81186984991684,38.298313504063,39.79010297811227,0.22936117728051802,11.46026321345341
35898.345538112895,52.41235034972562,-1.5094169336904784,98.69985463943495,38.812090921371954,238.09049914031073,0.8885783396366441,9,38.11858658248215,39.77015179081229,38.05620842807789,39.5076941136655,0.1388990045620205,11.463827227692407
36001.03869302848,52.41234538224117,-1.5094306146079395,98.67215924026277,38.857659209195766,239.23752131401443,1.4768722758275765,8,38.533316213267845,39.48427405957539,38.356059411346614,39.42254142011,0.12339607059796569,11.470221737037306
36103.06547782601,52.41234057750017,-1.5094444716221405,98.64478222003036,38.9017381354531,240.38544699444503,0.8640947110361755,12,38.1747478061955,39.303656585345166,38.36925999319329,39.423208131876756,0.13381055974766937,11.479256804306045
36199.782479703084,52.412335938385745,-1.5094584984469737,98.61896018557886,38.94240784902647,241.53447521910618,1.396142649549897,12,38.517271950193276,39.60821447424601,38.50077683879757,39.518132063281215,0.11329750152775246,11.490282246610931
36300.803423444195,52.41233146726173,-1.5094726901706481,98.59212703421537,38.983711648695234,242.68490973606833,1.5395811772217427,8,38.29280815613573,39.506473322997515,38.470817365006816,39.5973671608662,0.07214947217873326,11.504345169621608
36401.380287983426,52.41232716670552,-1.50948704107588,98.56555456453846,39.02362398639653,243.83700161271724,1.0109698906199505,9,38.3907111815131,39.520032550356156,38.34175187854371,39.657764038061266,0.14888094150723372,11.520918766488908
36499.19755905623,52.41232303934235,-1.5095015450273759,98.53985034341446,39.061267849616044,244.99095015573448,1.641622007542774,12,38.53945919722425,39.45313429619404,38.712765859930194,39.6821723881906,0.11597534980373739,11.539485430172356
36600.44818496362,52.41231908752012,-1.509516196683266,98.51339109343583,39.098998823423194,246.1470730466542,0.8303538055330043,10,38.461987804576395,39.29983928959193,38.54063012204925,39.64711407227384,0.10310140081771114,11.561228909198034
36700.02518480156,52.41231531375145,-1.5095309898840232,98.4875178314816,39.13486678113519,247.30558295436094,1.6438128636583063,8,38.40346410668537,39.561289356965794,38.595634742928915,39.638569446572404,0.04941933387666167,11.585099077067008
36800.1953521971,52.41231172042994,-1.5095459186866254,98.46164176371883,39.16969392079641,248.46674067851245,1.2603290506427651,11,38.614542099782,39.71326648558462,38.489233425764375,39.68190716601324,0.1592778815191028,11.61157724151421
36898.45398043229,52.412308309979416,-1.5095609767188214,98.43640943910218,39.20262057027929,249.63073366673962,1.0175879399316445,9,38.76218011446588,39.69000197940875,38.59651401170386,39.70918621593619,0.12444444607887672,11.639929882271682
37000.04902034852,52.412305084649304,-1.5095761581793827,98.41047910504588,39.23536462314121,250.79790337746817,0.933778144993968,8,38.51416049539702,39.871660793037904,38.55939463112486,39.954760087089404,0.061182156095745246,11.671697107285466
37100.99599658249,52.41230204676524,-1.5095914566471589,98.38487666750927,39.266576872813445,251.9684735598271,1.7533071675823726,12,38.70659990305896,39.712989692902255,38.69920100379425,39.901673947658274,0.13532816668108433,11.705701823589921
37202.90228721559,52.41229919857778,-1.5096068657849349,98.35919787239814,39.29673520841904,253.14272005957037,0.8726655875811568,9,38.73717817427082,39.49018466128318,39.0197968881353,39.37045002980542,0.055885068033200765,11.742464997432362
37301.91854165217,52.41229654235337,-1.5096223787019027,98.33441051136477,39.32472667197922,254.32076974068275,0.9990934199359257,10,38.51008416604769,39.7101154842676,38.567873621485866,39.973366468887065,0.03807311418843792,11.780496811123827
37404.30636491502,52.41229408021084,-1.5096379890955116,98.30895088509764,39.35229997636511,255.5029880665063,1.147822347433046,9,38.54619083153861,40.08427506374567,38.55586924478934,39.92934363752483,0.033806594244744914,11.822183258235608
37498.465304874226,52.41229181434833,-1.5096536893205492,98.2856938564982,39.376416732064726,256.6892484309508,1.4202348489611205,9,39.56888140509133,39.72121195140128,39.05707879379833,39.921260786286425,-0.020230862482114934,11.862603644444551
37601.74464127344,52.4122897467126,-1.509669473401113,98.26035897170026,39.40149222328916,257.88016806822816,1.3448010852760985,10,38.60315143560102,39.73931727913232,38.818978556244915,39.88938818546833,0.08977963448740164,11.909196372773348
37700.366684011475,52.412287879357216,-1.5096853338573772,98.23633970071427,39.4240825432006,259.0757532904822,0.925643492412314,13,39.05172724266196,39.86147086954428,38.767911772604904,40.155971793249876,-0.029096147933285035,11.955852222540958
37804.37960586644,52.41228621420802,-1.5097012640176444,98.211193392749,39.44646421239737,260.27648362983666,1.0897279837382148,10,39.248380917014345,40.05192341476906,39.05372567165277,40.15258637983837,-0.0040238757049823395,12.00730339354461
37898.38340342929,52.41228475317943,-1.5097172557608753,98.18863331549844,39.46540933061858,261.48205815273286,1.0387517710860241,9,38.86886691433599,40.09299891901067,38.81440324149537,39.8984317313043,-0.05135914060097893,12.05574522896213
37998.32055631564,52.412283498033595,-1.5097333021877344,98.16482486877493,39.484206799491496,262.6929803401732,1.0135428544903413,10,39.55406679464682,40.21203251232588,39.209295443953835,40.10862683938934,0.04610470144353941,12.109221874403534
38098.801214709114,52.41228245051828,-1.5097493958096033,98.14107172806631,39.5017032245984,263.90947995276804,1.211144336479987,13,39.11814522784605,40.1030213560522,39.045500006680264,39.90778804472676,0.03836984149662643,12.16499612594829
38195.75220855138,52.41228161228812,-1.5097655287396015,98.11833086553438,39.51724462193886,265.13154707334434,1.504031452591657,8,38.952500985399105,39.96448730556721,38.87685455814937,39.860423191331584,0.02620811351470008,12.220671205763068
38298.94848995664,52.41228098495021,-1.5097816935868913,98.09431947879486,39.5323341300037,266.3597357050461,1.0174529322172359,10,39.290939963282646,39.778276246793396,39.301378537744725,39.99900472019803,-0.01293723599594896,12.281886317017817
38398.48173467689,52.41228057002436,-1.5097978822104574,98.0713526329682,39.54546260902991,267.5940140363032,1.1666788797029815,10,39.11889143923582,40.187273346775825,38.88102338756773,40.25385104759699,-0.023744019280544593,12.34278331257066
38500.30078757295,52.412280368956516,-1.5098140866726928,98.0480560643475,39.55743885124542,268.8347046367271,1.1909174268411622,9,39.31455197701739,40.12625908879927,39.10019119361775,40.28340447424273,0.05424552535215499,12.406906004240453
38600.68351195155,52.41228038309141,-1.5098302987164942,98.02528621869173,39.56780207219579,270.0818921655057,1.7764565294354102,8,38.91638557158233,40.49377920992742,39.03851312658697,40.22615961756244,-0.00043389978351684663,12.47187528778454
38703.75234167843,52.412280613709534,-1.509846510115854,98.00211414624819,39.576946312942795,271.33592516914564,1.7546663568790688,11,38.942298203498716,40.03155584858727,39.2008764348109,40.272544468500264,0.0386501617219108,12.540330036400219
38801.90084767637,52.412281061931374,-1.50986271225889,97.98024551271439,39.584241289060266,272.5966354549387,1.600137582752076,11,39.20580536722227,40.42924123052333,39.24563588816015,40.24938730833938,-0.026005805519853875,12.60710285792925
38898.846192688674,52.41228172875741,-1.5098788965762944,97.9588359501073,39.59009108566897,273.86408730321637,1.0416589208191853,12,38.85371063206164,40.25124479579383,39.009757182731505,40.07233108018219,0.02355969146894095,12.674518482778195
38998.2031706573,52.4122826151113,-1.5098950544506209,97.93709286869326,39.594686008178144,275.1385931253759,0.8680373140916697,10,38.876197755657564,40.62093075531977,38.88854964852673,40.25269503526953,0.07607301131611317,12.74505822159506
39100.98383834301,52.41228372184598,-1.5099111771003404,97.91481487106219,39.59794564447319,276.4205435149087,1.1169041377206248,10,39.319470520462204,40.23605213416636,39.07768940503653,40.318642169816364,0.036162512988021284,12.81950389532801
39197.35953358596,52.41228504960781,-1.5099272555347343,97.89412523677416,39.59962104871538,277.7096046165807,1.066794549433831,8,38.80963721371708,40.45979303070739,38.89857913681604,40.31620240887757,-0.01788135721204159,12.89061101672016
39303.66291753171,52.41228659905137,-1.5099432806999276,97.87153129171783,39.59991796473632,279.0066476257763,1.3059258001463938,13,39.30660303972016,40.85086336406779,39.31502105040873,40.3900828307244,0.0116320532641615,12.970430091956002
39402.358880241445,52.41228837060033,-1.5099592434055646,97.8507695102263,39.59873696413276,280.3112247290487,1.577727910067793,11,39.02888183718719,40.190606321538795,39.01756230883361,40.3151077753996,-0.017169533464188844,13.045771032723728
39499.06164869579,52.41229036452315,-1.5099751344168881,97.83063005929888,39.59621984692519,281.6232924921658,1.658322938878858,12,39.09847357997577,39.94967379040731,38.933312456801275,40.258667162439075,-0.008519017999515505,13.120677631171674
39596.57373094182,52.41229258095735,-1.5099909443727488,97.81052748408639,39.5923195845241,282.9430161251548,1.6448640854105085,8,38.573375734914926,39.994357953963075,39.01165003675859,40.37387439885094,-0.029750194430106135,13.197236329889801
39702.70774474833,52.412295019979304,-1.510006663559639,97.78888413256021,39.58652170481286,284.271181909721,1.1596755612230678,10,38.645560870168204,40.3388623308119,38.76314893960666,40.19562281138566,-0.025598705471857625,13.281657845662643
39799.77092030949,52.412297681450895,-1.5100222826007388,97.76930853585125,39.579804583996236,285.6071610439028,1.487234343460683,11,38.852404305987385,39.677836769539475,38.81140322310976,40.054984531813815,-0.010636294780754622,13.359791341818257
39902.475632623944,52.41230056509416,-1.5100377916209862,97.74882403351445,39.571228211860046,286.95149652788496,1.11283419752422,12,39.37226146692128,40.09107278335765,39.13742148724304,40.165845330827786,-0.07436454050140943,13.443354839821255
39996.81114468241,52.41230367044584,-1.5100531811978883,97.73021794198306,39.56202302802017,288.3035812623757,0.8609055432351828,9,38.739783735250455,40.15430339378484,38.835299629938476,40.06669492352921,4.742163750626317,13.52084734490712
40098.80124995409,52.41230705218374,-1.510069914163846,97.7103294013884,43.022157750082634,288.3304611134097,1.5015652656029423,11,42.427774425790425,42.958084354452815,42.82963476083659,42.9183472145263,4.483292448226291,0.2687985103394824
40200.010487399435,52.41231041697908,-1.5100865776981365,97.69082856923212,42.839981122681024,288.31567752092633,0.8098275525697879,12,43.07183210414422,42.89945614401702,42.93878382508287,42.80839308909835,-0.5832453333087737,-0.14783592483415575
40300.09396118753,52.41231376811128,-1.5101031708950967,97.67177724188377,42.65983086986245,288.3184311783474,1.2091825874584887,8,42.72471995701896,42.573145876939186,42.86088091544701,42.525880517698766,-0.5585875887550429,0.027536574211183752
40399.09986905704,52.412317102914315,-1.510119696038323,97.65316048361747,42.48162023569733,288.3051879668394,1.1293792693020759,9,42.35646490870947,42.694448828155195,42.60992293200254,42.423181048480664,-0.4949062213527151,-0.13243211507995295
40501.245699864696,52.412320421103594,-1.510136150842064,97.63419442256297,42.29775774024355,288.2927405668163,1.4933775385188524,12,42.339465215542646,41.77181873265011,42.47205136284292,41.971670278315145,-0.5415516009850916,-0.12447400023114014
40597.86475914124,52.41232372410427,-1.510152538826359,97.61648168784247,42.12384343354577,288.28388343790743,1.566245472760379,12,41.96165422852745,42.012992618308765,42.00040492723189,42.155688599509965,-0.4704931297016117,-0.08857128908925314
40699.71524102996,52.41232701383512,-1.5101688548881962,97.59805083502408,41.94051256614607,288.29024710170825,1.104094635971284,10,41.57297814354708,41.78161284235116,41.69906457764491,41.943653643133835,-0.5042038928678197,0.06363663800967295
40800.24059126342,52.412330287000664,-1.5101851018418917,97.58010409281916,41.75956693572585,288.27653196397387,1.6116270144448537,13,41.55336574320325,41.789518226334586,42.01671898937139,41.61676872318375,-0.6017093022672889,-0.13715137734511332
40901.02887766812,52.41233355214144,-1.5102012748552354,97.56235590737346,41.57814802019739,288.31250672702026,1.0939167605049338,11,41.69406671532857,41.892199462660116,41.50789008981019,41.70444633959029,-0.470207817020816,0.3597476304653148
41001.423229756176,52.412336798696955,-1.510217379958539,97.54492325970634,41.39743818643888,288.286878115651,1.2463263599865613,10,41.63141999949258,41.63453147870473,41.367726588780194,41.54081015207663,-0.4512646630909142,-0.2562861136938105
41097.75071581632,52.41234003074046,-1.5102334181021828,97.52842938070157,41.22404871153063,288.28152463739036,1.527018527014134,9,41.58056174909343,41.19887065423611,41.445548318231175,40.95651179261381,-0.5384644884976152,-0.053534782605582025
41196.93177165853,52.4123432466454,-1.5102493879501375,97.51168653486465,41.045522811014656,288.2689272705104,1.4929202292247887,13,40.90863923592746,40.673502420297574,41.142676402859756,40.91449716896355,-0.491002017423948,-0.1259736687996574
41302.555353643795,52.41234645466884,-1.510265280025252,97.49412529525794,40.85540036344117,288.31038013342163,1.7873684723122,12,40.8695080241321,41.08847734021677,40.91072384664593,40.748790509943156,-0.5521570527840454,0.4145286291111891
41400.66462802396,52.41234964977426,-1.5102811028924903,97.4780637978252,40.67880366955687,288.3160110129902,1.025161024215932,10,41.02712175394356,40.83713033863427,41.028459551534134,40.528457777806324,-0.4849856643703172,0.05630879568625176
41498.50302692689,52.412352836004956,-1.5102968545657174,97.46228838495463,40.5026945515316,288.34557118160274,1.4623179135395823,13,40.505732521114375,40.800293034606526,40.384821498430775,40.65077501308298,-0.5693191101654645,0.29560168612586435
41603.10230395105,52.41235600031952,-1.5103125368739245,97.4456915655824,40.31441585288812,288.3030130118093,1.4096819082757774,11,40.6190487840296,40.62222866719361,40.48376409064216,40.26352117671386,-0.5939761284809636,-0.42558169793449335
41700.231349268586,52.41235915218312,-1.510328150482596,97.43053025258507,40.13958357131655,288.3106634383854,1.7150984544900298,9,39.99783583970544,39.76848456791044,40.14520362293838,40.100642845816324,-0.5172815855233369,0.07650426576077533
41802.358594368125,52.41236229382888,-1.5103436902955854,97.41485020908029,39.95575453013738,288.3361494833424,0.9563621416448751,8,40.00329303852296,39.54320226087318,39.9868992982369,39.64716667422514,-0.5059456665493378,0.25486044957044224
41900.13503696282,52.41236542202455,-1.5103591614476477,97.40009078469811,39.77975693346692,288.3385067459959,1.5517981635869331,10,40.11337615525015,39.73532871754102,40.02187007055355,39.88195541672442,-0.524291238384839,0.023572626534907673
42004.121495849766,52.41236854050478,-1.510374557082031,97.38466672247256,39.592581307470425,288.36903051031845,1.3682686162687685,9,39.947563913503956,39.55251473077715,39.65888248156368,39.4103459819367,-0.5676406397162914,0.3052376432263031
42103.510681684886,52.41237164247586,-1.5103898844664294,97.37018886079784,39.413680772967204,288.35421128782775,1.0746658697879055,8,39.64456323217539,39.209320839831605,39.505404154249945,39.41628406835114,-0.508446392739752,-0.14819222490807507
42199.50207170304,52.41237473740722,-1.510405141086103,97.35645254184669,39.24089627093452,288.3945861179229,1.2744349141471742,10,39.54592195776674,39.45196024436611,39.390515210536535,39.30310070368132,-0.48261641291351437,0.4037483009509998
42301.94314190191,52.41237782844063,-1.5104203202000779,97.34206199105256,39.056502344576565,288.4604446979298,1.1337765970697977,9,38.98545046160526,39.568960535312684,38.96911721315845,39.29965256388609,-0.5067163519964367,0.6585858000696362
42401.29075189917,52.41238090364912,-1.5104354307291727,97.32837240309269,38.8776766465815,288.4500501388509,1.379313402788461,9,39.02524504357913,38.80378111494795,38.7519547983797,38.66936583857103,-0.4928602515029318,-0.1039455907889745
42502.737263115065,52.41238396237008,-1.5104504714032514,97.31466570825624,38.69507292639288,288.43728743173153,1.689000610814666,13,38.61818612637,38.27611664460111,38.53922642050908,38.22188914374704,-0.5254542629719005,-0.1276270711935043
42598.07015307884,52.41238701416365,-1.5104654417455632,97.30203689095443,38.523473724458086,288.4789238300059,1.369304984412202,10,38.03691935187801,38.38052969243037,38.20139314080468,38.57104623395626,-0.43800120377652096,0.41636398274336117
42701.372102919995,52.41239005840352,-1.5104803358928636,97.2886292424241,38.33753021474401,288.5241752386994,1.4317224183265842,9,38.90285360799332,38.47109795763178,38.631780206819684,38.63468706797912,-0.568925406564871,0.4525140869339662
42802.116848973696,52.412393085879714,-1.5104951608872723,97.27583216515802,38.15618967184735,288.50919640228335,1.3187478471147096,12,38.127282800111594,38.577873361820075,37.99469967390382,38.33833184049299,-0.46339803041355326,-0.1497883641598895
42896.48252102715,52.41239609798707,-1.5105099209236441,97.26409614480393,37.98633146215113,288.4971589366701,0.851165506445476,10,37.874181243363374,38.16075000187187,37.95826715995145,38.01262449668528,-0.42969703035443685,-0.12037465613314045
42997.63348297467,52.41239909439464,-1.5105246109061221,97.2517868161318,37.8042597306456,288.4890864022602,1.0328585568760942,9,37.675581769566506,37.7188349933116,37.76612472562581,37.726195283351096,-0.4745521319058701,-0.08072534409725883
43095.92153564448,52.41240207078316,-1.510539235424869,97.24009522785734,37.62734123583994,288.4505707322371,1.2920017294320827,13,37.74730953830585,37.65213556390464,37.69141777443794,37.73097623961264,-0.5146954697443314,-0.38515670023235393
43199.46118633111,52.412405028351685,-1.51055378973569,97.2280673400601,37.44096986460401,288.42425329254957,1.110235283744705,8,37.66235286711469,36.905419776348026,37.57533125653883,37.28306137266018,-0.5401987245009235,-0.2631743968751126
43301.43508451159,52.41240796698483,-1.5105682751150105,97.21651178937017,37.25741684787914,288.3954867785635,0.9817635977611943,8,37.43587608367358,37.11530337646144,37.39898343280477,37.3150981922244,-0.4570544368804009,-0.2876651398596195
43403.004714104194,52.412410887822084,-1.5105826912525826,97.20528977279288,37.07459151461246,288.37349099856306,1.3041328419184384,12,37.055845743985586,37.4943179494689,36.99825635346011,37.139373413335605,-0.5679315088862106,-0.21995780000443807
43500.14818956084,52.412413794731734,-1.510597039480664,97.19482650726987,36.89973325879049,288.37249734973307,1.1228097934478503,10,37.18895894847329,36.818517022174674,36.87552484645278,37.05575828282952,-0.5491375054863572,-0.009936488300745523
43603.25723109114,52.412416688040175,-1.5106113149854556,97.18401031754543,36.714136984035946,288.3792071075701,1.0581076431734147,13,36.949443164884,37.157713861740845,36.75253353669138,37.122543996741975,-0.5126069070814272,0.0670975783706402
43697.239797083574,52.41241957473608,-1.510625521048261,97.17441227372002,36.54496836524957,288.4236256747556,1.2639854174403808,9,36.52290168566805,36.80735448548463,36.488122012098415,36.62287700190145,-0.42145732219977716,0.44418567185600416
43796.59323512129,52.412422443000715,-1.5106396599412837,97.16453711843141,36.366132176781676,288.39502493825853,0.9332842580821732,9,36.78555922548338,36.05127852683418,36.61323708814727,36.27891468890231,-0.4876343869945337,-0.2860073649708229
43899.88890460221,52.41242530082329,-1.5106537242411666,97.15456690968095,36.18019997171603,288.42322369781505,1.7277457330754074,8,36.0511220289657,36.222943007145815,36.238206099056875,36.18952008995624,-0.5588395273669847,0.2819875955645135
44000.76813089788,52.412428143389555,-1.5106677184532518,97.14512296519155,35.99861736438381,288.4170933689966,1.6677020979192392,13,36.17911540298239,35.90867969969986,36.10727509568018,35.74106917914803,-0.5156296500232666,-0.061303288185020406
44099.93461050381,52.412430971650835,-1.5106816433895067,97.13612252701036,35.82011770109313,288.4156763380954,1.5076205857405354,12,36.24066477017252,35.72215866449868,35.91575178140485,35.71992629021266,-0.5184586194599066,-0.014170309010724599
44195.86511579992,52.412433789130255,-1.5106954996414106,97.12768377570784,35.647442791560145,288.4350084925127,0.9062138275884563,8,35.766761855183944,36.10854355855236,35.805798392037104,35.59799654818029,-0.5352073231545721,0.19332154417153957
44299.821759920975,52.412436587099656,-1.5107092857355453,97.11883743577324,35.46032083214225,288.40284487581164,1.575877254469693,8,35.350402856340324,35.07605952223473,35.500861529980426,35.371160987279914,-0.45487038506984345,-0.3216361670095776
44397.39106099899,52.41243937281148,-1.5107230026782095,97.11081787389841,35.28469609020182,288.4138001080621,1.607957328109019,12,34.98219915725735,35.498186836398595,35.096629768753694,35.31126163579852,-0.5723811194048785,0.1095523225050757
44501.33934509766,52.412442144443965,-1.5107366465048717,97.10257662090923,35.09758917882422,288.4185686125727,1.5677646177143378,10,34.95998467368007,34.95409750937492,35.151495829519305,34.98432426945193,-0.42791629594628555,0.04768504510620466
44600.73319649219,52.4124449039869,-1.5107502196690656,97.09498923760758,34.918680246314054,288.4326763020945,0.9139658871192412,9,34.68457222592357,35.21720599564679,34.82120399838897,35.081804236854474,-0.45054075381498915,0.14107689521774802
44698.12024042734,52.41244765086763,-1.5107637240431422,97.08783339682864,34.74338356723079,288.4409603735262,1.4439079570677649,10,34.60188186874542,34.82390907136398,34.66610222685342,34.74723804810186,-0.4410545906526545,0.0828407143171968
44798.97226616533,52.41245039345412,-1.510777152347686,97.08071407277933,34.56184992090241,288.5112995412537,1.6343247957493987,13,34.36711755561629,34.466236055692434,34.610353412006454,34.59304658810737,-0.5225503069234619,0.7033916772738739
44897.88157295622,52.412453119314215,-1.5107905129052401,97.07402028187674,34.3838131686788,288.4930296364914,1.3773534012196678,11,34.56529888597782,34.369597414826366,34.562599834845884,34.3302898521852,-0.5097529750542533,-0.18269904762169997
44999.87464180545,52.41245582846759,-1.5108038033055768,97.06741757472938,34.2002256447502,288.47781769426354,1.446407375228089,11,46.96449654137731,33.896591257225346,34.21016130310058,34.21442641974537,-0.5817293699381803,-0.1521194222795112
45101.910284641,52.41245852055957,-1.5108170237086558,97.06111736437185,34.0165614876462,288.4599660331596,1.2583634794263063,11,46.51221565801256,34.223473860081974,34.066837569722445,34.12055815296259,-0.5216178856080385,-0.17851661103849673
45198.02854790733,52.41246119673065,-1.5108301780899391,97.05546238300892,33.843548613766814,288.4440527858877,1.3287073198840527,12,46.94028008195297,33.76910587226494,34.081383591026395,33.71883808706983,-0.47306177859293214,-0.15913247271984052
45301.008093031036,52.41246385570078,-1.510843261813697,97.04970559814318,33.65818543254414,288.4257929897324,0.8343768583517253,8,46.38510545930374,33.668341887728396,33.69903944560477,33.56117097216369,-0.4374741890507643,-0.18259796155315586
45398.93948476326,52.41246650546475,-1.5108562744345144,97.04452124720055,33.48190892742613,288.45985580423417,1.4389630219732847,10,46.5886943897022,33.63395021940168,33.8144518019989,33.456943195916686,-0.5488732441012115,0.3406281450187414
45498.414254335476,52.41246914666532,-1.5108692143944484,97.03954537492031,33.30285434219615,288.5005502533294,0.8814472128911592,9,33.24962623273617,33.203179830404544,33.359350901321,33.14226106681669,-0.5203914331413334,0.4069444909511177
45599.78593928009,52.412471771154195,-1.5108820846836062,97.03477599317807,33.12038530929584,288.48419957642705,1.2350145943402233,11,33.03516092656622,33.02876049155685,32.89461453678465,33.0043225366804,-0.5063531135608538,-0.16350676902289454
45697.929515355165,52.4124743783943,-1.510894888104757,97.03044879413144,32.943726872360706,288.4603543457306,1.0926550976674079,10,32.87357948841571,32.72517832221646,33.05404364240715,32.86998182327204,-0.567556365382667,-0.23845230696532582
45798.892701389304,52.412476973082285,-1.5109076198937264,97.02629575495996,32.76199313749925,288.47385940661934,1.3454279502117132,11,32.95172278247071,32.765739505842404,32.805696834370714,32.882838708321344,-0.4696193600612358,0.13505060888876216
45897.604244214825,52.412479551565404,-1.51092028380095,97.02252839148308,32.584312360413314,288.4580393817258,0.9334163355232071,11,32.78790586560126,32.80472461863982,32.75975878899078,32.61122029797066,-0.5487913887784386,-0.15820024893582812
46003.92945026583,52.41248211733392,-1.510932871995699,97.01879500991744,32.392926989521506,288.47617154266425,1.4916434019733182,9,32.56158120412053,32.65926680408743,32.47175601097992,32.42639093717579,-0.5159352247816322,0.18132160938467076
46100.07052710394,52.41248467017018,-1.5109453925155223,97.0157093592739,32.219873051212915,288.4819848589947,1.5950115369284705,13,32.010078843852185,32.293736950438564,32.19934572957387,32.33223015758738,-0.5092752153910658,0.058133163304123374
46198.60054898402,52.41248720319718,-1.5109578472668492,97.01283324306326,32.042519011828766,288.4385619886891,0.9633544497431565,13,31.76276720001064,32.012231343326896,31.905555703567337,32.00486978364924,-0.5403605070798124,-0.4342287030556675
46300.42795982147,52.412489727578965,-1.510970227576314,97.01016559486187,31.859229672321355,288.4828947470945,0.9043130873518822,13,31.907131542969864,31.785075380362898,31.812136016410292,31.929494780185117,-0.5032892365655368,0.4433275840537764
46399.77534390062,52.412492244533674,-1.5109825346952899,97.00786169018876,31.68040438097888,288.5343428526895,0.9455154827873592,12,31.399349521422014,31.876903222646995,31.548946423301587,31.691073605125567,-0.5086057313770682,0.5144810559507418
46499.55806080093,52.41249474493144,-1.510994773296758,97.0058449529231,31.500795490558314,288.51678774984043,1.6771275618985018,8,31.50854221108129,31.63100623170039,31.435736057388542,31.526116191203947,-0.5222253678625963,-0.1755510284905192
46601.22833340009,52.412497229364085,-1.511006941586796,97.00409669246794,31.317788999879845,288.505680918293,1.3281892617563562,12,31.182044444704093,31.54288376314693,31.396662264597065,31.2396688140906,-0.5413154676319254,-0.11106831547485109
46701.5150154201,52.41249970053125,-1.511019039159793,97.00267560911807,31.13727297224382,288.51387035849166,1.2672609960075025,10,31.47436585215553,30.70184020446704,31.34145080037334,30.837265614599158,-0.4783004272225688,0.08189440198697642
46798.938997704776,52.41250215900805,-1.511031067926215,97.0015837560275,30.96190980413141,288.52345183973966,0.9067118191023543,12,30.815276802450995,30.891205974168688,31.00635709256411,30.94970213356243,-0.41065250682191057,0.09581481247874932
46898.84836351871,52.412504605607126,-1.5110430255056555,97.00075962268878,30.782072945666325,288.54231774346295,1.449556006756962,10,30.7107291606664,31.00185040729019,30.62615504305818,30.96601561703306,-0.4942828856103511,0.1886590372333283
46999.4498966057,52.41250704510057,-1.511054908728306,97.00023227636031,30.600990186109748,288.5999058614776,1.6679995918950898,10,30.724580537530134,30.84042501263117,30.628769010766963,30.741056156711398,-0.4415635746339905,0.5758811801467706
47095.396157670526,52.41250947018849,-1.5110667252372074,97.00001217830985,30.42828691619305,288.5948366968116,1.628185869323453,8,30.469761449944794,30.51050227489795,30.576284918161036,30.54343843094286,-0.5633103994324377,-0.050691646659751365
47196.969617875606,52.412511877844935,-1.5110784723214623,97.00008010953175,30.245454687823916,288.57196716535714,1.4260547089808013,9,30.27005201767352,30.251768384168606,30.182217754739543,30.384390336774416,-0.5104559051962182,-0.22869531454488204
47302.73374853489,52.41251426543532,-1.5110901481676047,97.00047976456028,30.055079252637196,288.53245258017387,0.8752787166516737,8,30.096347111531458,30.179903219471417,30.057206277369644,30.047482831506954,-0.570669209827058,-0.3951458518323764
47403.289935427005,52.412516636059436,-1.5111017551191854,97.00117089032919,29.87407811623139,288.5115129769699,0.912397027176013,13,29.804986271475887,29.9957451709588,29.885504073918113,29.88797877889643,-0.5657666948415904,-0.20939603204000326
47499.50192792089,52.412518992824324,-1.5111132948486579,97.00211601821763,29.7008965297424,288.51056395910314,0.8493089871098247,13,29.4587778267721,29.491347451758553,29.60808468927155,29.627080082533322,-0.5316265166207326,-0.009490178668564686
47601.15311392611,52.41252134134676,-1.5111247600378175,97.00341605550832,29.51792439493299,288.56197425493883,1.0574792164924693,12,29.280483671478,29.704274191198795,29.570664399832694,29.504317119989675,-0.4432064642498178,0.5141029583579162
47700.62250030909,52.41252367382477,-1.5111361566733224,97.00498792624504,29.338879499443642,288.5471457835073,0.9356614671603778,10,29.382809105987363,29.576323022358295,29.331530251288687,29.404278777009726,-0.46501082779349845,-0.148284714315283
47806.15776161691,52.41252599197328,-1.5111474790927066,97.00697963540652,29.148916029089566,288.5535568360747,1.060048040252434,11,28.966444973732248,29.31192794529757,29.19486600994175,29.29225870659371,-0.4918913876817325,0.06411052567393329
47902.23914982287,52.41252829631137,-1.5111587343648736,97.00908282865201,28.97596953031884,288.55308635475853,1.1850580557189616,11,28.887086767680245,28.971115619756898,28.873322248705175,28.95959001245551,-0.5606010359948193,-0.004704813161753342
47999.744164817035,52.41253059074647,-1.5111699192302503,97.01149945887495,28.800460503329333,288.5871313142436,1.7429827840711356,10,28.696519477955835,28.843977399041623,28.734369569973122,28.76429200147131,-0.49943845580921076,0.34044959485155785
48098.088919118796,52.412532879644566,-1.5111810306164535,97.01422470327523,28.62343994558617,288.6595225958024,1.4103760597816921,8,28.769984200871566,28.533462949680903,28.672620186608473,28.656931780176414,-0.4775223559110272,0.7239128155865663
48196.78710735949,52.41253515254816,-1.5111920740271634,97.01725007257399,28.44578320675293,288.64431432572053,1.6349737856829623,9,28.367467874304456,28.511430669632734,28.4103740023356,28.507150110209924,-0.49701820890341036,-0.1520827008181163
48300.40692727173,52.41253740891076,-1.5112030459330454,97.02073894931095,28.259267530910886,288.63029291852877,1.5103515007123323,8,28.41411641428194,27.78732234148826,28.460998479012634,28.089620526465666,-0.5964401570489208,-0.14021407191764992
48398.48729850943,52.41253965464926,-1.5112139473733759,97.02433600794713,28.082722862683013,288.6602059242232,0.9125031305266318,10,28.126589074548253,27.960474134437252,28.02403920798749,27.838478177632272,-0.5363873056736734,0.29913005694368106
48497.1554925808,52.4125418884379,-1.5112247786221615,97.02824345192849,27.905120113354556,288.6797406764439,1.5359204063739489,10,27.967946059027096,27.63521170267316,27.921169998080696,27.852670483608467,-0.5037527775126326,0.19534752220738202
48598.70685423152,52.41254411365394,-1.5112355355571936,97.03256718538874,27.72232766238327,288.7326449443242,1.0750988815591245,9,27.845166543845448,27.81883304512557,27.801218938923032,27.61127634341099,-0.474888983054067,0.5290426788028284
48697.83690399277,52.4125463264508,-1.5112462221968315,97.03708299215248,27.54389357281301,288.74937325460314,1.4391078469947063,12,27.44418537211164,27.450234321341348,27.379942773339934,27.495618602324676,-0.6214749636515704,0.1672831027895535
48803.37428327015,52.41254852282319,-1.5112568357788603,97.0422106631016,27.35392629011374,288.7390802943959,1.1409619736429886,12,26.9574094522753,27.304078703192737,27.165986107102793,27.33300617781656,-0.5179221375768129,-0.1029296020726486
48901.7632795139,52.41255070687497,-1.5112673795874172,97.04728775703693,27.17682609687498,288.7560013088697,1.7976722632646593,9,27.105388052341,27.05018596857162,27.003209436217762,27.13535488013109,-0.4843719901241055,0.1692101447384176
48999.984054717366,52.41255288026046,-1.5112778528303055,97.05264126993302,27.000028701508743,288.787763326819,1.0635514794967778,12,27.20470151035058,27.13251627487739,27.1216457021762,27.171648730391933,-0.46051092248388853,0.3176201794922159
49102.95988827778,52.41255504132832,-1.5112882527213922,97.05855926762833,26.814672201099995,288.81126840989305,1.0791304707742697,11,26.608695432191247,27.051100509787904,26.744649602343213,26.86058758261275,-0.4657838255329534,0.23505083074148514
49200.154736615295,52.41255718989492,-1.5112985838659827,97.06443117895184,26.639721474092468,288.82580074041266,1.7306722555623983,12,26.872704844469123,26.346604482665214,26.905540429731868,26.678458988741244,-0.45916529235846243,0.14532330519518097
49298.277431597344,52.4125593275551,-1.5113088446477534,97.07064044307096,26.463100623124785,288.85635871932607,0.8246444046363227,12,26.384106946220435,26.71258313629888,26.389293403951026,26.543109972926082,-0.5472258041832023,0.30557978913442846
49403.04624815454,52.41256145361465,-1.5113190302722284,97.07758160254747,26.27451675332183,288.889856570494,1.4966889878731968,12,26.26075971531338,26.214457660657462,26.278431538018303,26.170226904659785,-0.6024010780812299,0.3349785116789734
49501.07782008737,52.41256356966035,-1.5113291450962827,97.08436691838446,26.09805992384274,288.9294525088951,1.525326390735878,11,26.284448981438796,26.066627006162594,26.240645476331473,26.224897098717495,-0.5068507866950996,0.39595938401255243
49597.92550769135,52.412565673559435,-1.5113391912387149,97.0913454339346,25.92373408615557,288.94803667823885,1.6363785774103994,12,26.310063179872305,25.78507309173018,26.123104460060127,25.9244575441316,-0.44627216513073775,0.18584169343646292
49699.61932264383,52.41256776209432,-1.5113491667309238,97.09896676569022,25.7406852192411,288.9432490978976,1.7744393106384755,13,26.095559691738984,26.02382042848697,25.955172481730255,25.807502839438516,-0.4311354131284877,-0.04787580341242035
49798.24876349323,52.41256983666793,-1.5113590731729087,97.10664503634074,25.56315222571218,288.9474521354123,1.7756019191566526,11,25.516240243348793,25.335143047629874,25.684760421366818,25.45548472733976,-0.45851023962071363,0.042030375147175815
49897.23440053807,52.41257190040152,-1.5113689085282904,97.11463401889789,25.384978079031466,288.9820160712752,0.8652767575664639,9,25.552163538081235,25.097501906154534,25.472933799672095,25.2430724587008,-0.48754193786447925,0.3456393586280982
50001.85235509506,52.412573946393145,-1.5113786722933025,97.12338485829223,25.196665760828893,288.9586125882345,1.6218393227529027,8,25.43511049111596,25.411944479794318,25.26721824999401,25.268254712073233,-0.49747909943786417,-0.23403483040628323
50103.81883328094,52.41257597857107,-1.5113883643223458,97.13221689337666,25.013126100094308,288.9691743005433,1.4463099336573815,9,25.13462794739722,25.098085056178196,25.08611034124251,25.05567170755885,-0.5161822117312997,0.10561712308770121
50197.20286485236,52.41257799593753,-1.5113979918703682,97.14056714254511,24.845034843265744,288.9579059736109,1.4473421343730912,8,24.9307070839573,24.634134492677113,24.79545032924293,24.750203738229978,-0.4997707776587721,-0.11268326932523062
50301.12593847338,52.412579998198744,-1.5114075468841417,97.15015290066906,24.657973310747924,288.9587294521293,0.9283499266146948,9,24.824170541209877,24.599190933759374,24.57689375644378,24.57257576565506,-0.42028614873216835,0.008234785185079474
50398.698714861755,52.41258198989735,-1.5114170317553917,97.15943307822,24.482342313248836,288.99535440014824,1.4501871664456534,13,24.590323937611277,24.48332895535353,24.465098164921905,24.609545492011524,-0.541877427187318,0.366249480190186
50499.02574923247,52.412583967453365,-1.5114264463538412,97.16925719605587,24.301753651381564,289.00082898518156,1.7824825806012479,8,24.312953401918133,24.321787605692855,24.282683992694977,24.188650684331442,-0.41955230368891405,0.05474585033211952
50598.81521215152,52.412585930525076,-1.5114357912916536,97.17931131665124,24.122132618127264,289.00215929429385,1.711818569539447,8,24.20360516187547,24.41010717899317,24.077788067919283,24.281250109706836,-0.5142170807950257,0.01330309112251666
50698.27201846064,52.41258787518026,-1.5114450690457732,97.18961139923903,23.943110366770856,288.96320228548234,1.2391306608048507,10,24.045252816884673,23.902341927027543,24.02784610410463,23.838929635331162,-0.4369329723061645,-0.3895700881154822
50800.09704325589,52.41258980704447,-1.511454274597443,97.20044473358794,23.759825322139402,288.98458087537233,0.8399479732860944,8,23.843555527498285,23.873488421740934,23.84070620033703,23.830395790583143,-0.5705059537412397,0.2137858988997353
50898.33809976718,52.412591726329424,-1.5114634106212732,97.21117189606996,23.582991420419077,289.0030726350333,1.1622934900002049,8,23.54135160264634,23.76799327064747,23.582788240173436,23.560520724072827,-0.4718144659309518,0.18491759660920773
51000.54091365156,52.412593636622326,-1.5114724719953334,97.22261729307631,23.39902635542719,289.06504531786186,1.6263903116005554,10,23.692296146664088,23.484134430657775,23.508528409851852,23.484171262364452,-0.5407420668321918,0.6197268282857178
51099.8995237811,52.41259553147017,-1.5114814645888295,97.23402229566989,23.220180857194013,289.05622812091747,1.501499101465166,12,23.0235902966562,23.028686112656185,23.118193256987727,23.165580111325877,-0.5682163352329745,-0.08817196944396392
51199.52210390627,52.41259741228124,-1.5114903873981436,97.24573174526662,23.040860212968717,289.0625063153444,1.2593436555939563,12,23.196491182486756,23.080508250584707,23.02011477796605,23.02875412945361,-0.4847866701164871,0.06278194427026397
51298.18487267592,52.41259927926895,-1.5114992410511912,97.25759779597037,22.863267229183347,289.0696506316224,0.8551015351588311,10,22.851392310392047,23.10885200569366,22.79442174214053,22.870309299512417,-0.4478372941516869,0.07144316278025847
51398.84645733886,52.41260113568625,-1.5115080221416688,97.26997935338824,22.682076376790047,289.1148413392773,1.2268947278233027,11,22.33464870591385,22.49720727077009,22.49201478175307,22.611935652583924,-0.5505618463690127,0.45190707654758294
51501.51078245165,52.412602976725765,-1.5115167318345155,97.28289217697771,22.497280591587025,289.1121113233711,1.2690249397178834,8,22.532444758282676,22.521904380647538,22.4911005721629,22.562682228359034,-0.5803392406138794,-0.027300159061123014
51601.001834375245,52.41260480384545,-1.511525371778278,97.29567912779848,22.318196698124556,289.1201047012811,1.728555532894136,8,22.069447143428857,22.322448463765653,22.303638301681886,22.276064569593157,-0.4959275058636296,0.07993377909970588
51698.044889510405,52.41260661825416,-1.5115339431962507,97.3084093489151,22.14351919888127,289.1375196534748,1.4410861035821596,10,22.339129147114466,22.125341365596345,22.269480454340204,22.131306289215445,-0.5023638420278768,0.1741495219374557
51800.198664610856,52.412608418080055,-1.5115424431630669,97.32208382696709,21.959642403700464,289.1428656110626,1.111652916654649,10,22.11000806218726,21.767320924692946,22.012576931579503,21.87475919608397,-0.4812287304631194,0.0534595758774816
51901.50277424674,52.41261020181283,-1.5115508732012,97.33592054317813,21.77729500635586,289.13007623008934,1.3253182644507215,11,21.629708316775176,21.669116789274522,21.693961051929143,21.548246441482686,-0.4436765834990402,-0.12789380973257725
51996.66118943776,52.4126119720111,-1.5115592366529023,97.34916689405176,21.606009859012033,289.1356364988087,0.8660553078221601,13,21.777105424610518,21.842538682272764,21.763661173642713,21.592066316637283,-0.5019306244086569,0.05560268719398573
52101.08672038476,52.4126137295238,-1.51156752579958,97.36397944788584,21.41804390330744,289.16639378281786,1.7725682356497368,12,21.718532786966065,21.660299660850587,21.50837899347597,21.639079140032244,-0.41225874187117023,0.3075728400910513
52198.67475248211,52.41261547004818,-1.511575748429006,97.37808198001377,21.242385445532197,289.13698628568693,1.160059901930726,9,21.25158261254071,21.199166880132996,21.305458439483502,21.295429492736453,-0.48892445515431304,-0.294074971309309
52301.14119733719,52.41261719579084,-1.5115838994763784,97.39315820110203,21.057945844793064,289.1407955862528,1.2778673549131359,13,20.925729307448464,20.89499186880922,21.0371110901641,21.05808256191786,-0.5168181483123473,0.038093005659229046
52398.47348168692,52.41261890544944,-1.5115919836901894,97.40773251358625,20.882747732963555,289.1207386023302,1.1552839742369225,12,20.966012521687805,20.878431319770726,20.811831873561502,20.851535343319924,-0.5687009641088497,-0.20056983922637192
52496.39023579867,52.412620603600026,-1.5115999980113586,97.422642135269,20.70649757556239,289.1549741664096,1.4825117301162,8,20.86261635422504,20.83855493290964,20.659882252888078,20.72417022306827,-0.5088115596091082,0.34235564079365044
52596.74491512423,52.41262228324507,-1.51160794451689,97.43817937571941,20.52585915277638,289.1113380758827,1.4622321583295932,13,20.635869989598397,20.59940852056501,20.6354886796255,20.550583647959183,-0.5260841825071815,-0.4363609052685274
52700.096169893324,52.41262394632452,-1.5116158197629748,97.45445021048488,20.339826894192022,289.0953261444196,1.5153223105291356,10,20.604283834616393,20.236153945975136,20.50060580971636,20.236397171372992,-0.46142108488393807,-0.160119314631588
52800.51944500344,52.41262559552201,-1.5116236245112593,97.47052055692957,20.159064998993813,289.10613246863136,1.0681432296119209,11,20.414500562558548,20.19425714887101,20.27848506596135,20.25393249013948,-0.4721138109378349,0.10806324211706572
52898.191366749794,52.412627234030346,-1.5116313590932944,97.48639533342039,19.983255539850376,289.15098142843203,1.115668481164066,12,19.84954448900387,19.951658664848306,19.923508945247285,20.061209280872887,-0.5608628058669232,0.44848959800721505
53001.277184917555,52.41262885717065,-1.511639021943366,97.5034101052539,19.797701067148402,289.1490978222014,0.925251231096208,11,19.662076986113057,19.93656691954132,19.70990364237397,19.853702397497468,-0.4876012634936169,-0.018836062306827543
53096.67695987546,52.412630464945885,-1.5116466190600217,97.5193926705929,19.625981472224172,289.1331925273678,1.4555099718461126,12,19.765289926044492,19.742837342112633,19.644391024849824,19.653045366464244,-0.4629000801264356,-0.1590529483359058
53199.86784040271,52.41263206182182,-1.511654141817371,97.53693462480167,19.44023788727512,289.18708370770787,0.8397971273356526,13,19.440429317515445,19.316202031504176,19.278010701033757,19.466652958126918,-0.4258509513431466,0.5389118034007206
53297.577967600475,52.41263364095784,-1.5116615983916115,97.55378665657656,19.264359658319147,289.1456011651228,1.397682335523459,8,19.362785890692276,19.450395449718105,19.30844412251074,19.29699983720245,-0.45269602008352067,-0.4148254258506373
53398.6963277844,52.41263520021951,-1.5116689873295215,97.57147239142496,19.082346609988083,289.0826100144815,1.669695884851634,9,19.016130277990865,19.153179448148656,19.100153222788354,19.09836035292427,-0.4682497416398228,-0.6299115064127814
53500.09479734263,52.412636745549406,-1.5116763050371642,97.58945646177075,18.899829364783262,289.0952154999379,1.6908321482896336,11,19.04615459324227,19.01099115352771,18.85878678407989,18.878877275819697,-0.4959528139818233,0.12605485456412954
53598.27917326943,52.41263827531884,-1.5116835549468404,97.60710668011419,18.723097488115023,289.0808327058669,1.2490377603699616,11,18.560858623638254,18.548200948889008,18.61026617232846,18.673512142932523,-0.4784246286510847,-0.14382794071059388
53699.23088891154,52.41263978800493,-1.5116907357611966,97.62549487667623,18.541384399959234,289.0515765407059,1.2593036882130737,9,18.561858386848908,18.408841575059743,18.593014494964564,18.535422211999606,-0.44685828583718096,-0.29256165160922637
53802.01258561843,52.412641287133205,-1.511697844054985,97.64446499902452,18.35637734588683,289.07186945811645,0.8769691830080174,11,18.33924938314861,18.46578013727736,18.307911928530412,18.479544562268636,-0.565677188247515,0.20292917410567035
53898.84621626095,52.41264277255024,-1.511704884556132,97.66256499391623,18.18207681073029,289.0788538340871,1.4707650254430358,11,18.234383536808924,18.140657990923312,18.09378035040043,18.095168147191025,-0.516618962875107,0.06984375970683351
54001.67138422413,52.4126442416474,-1.5117118540676884,97.68202481440962,17.996991508396565,289.0626941716598,1.6212594203728456,12,17.873593829129693,18.044558337940163,17.797600214014444,17.88392839628458,-0.5358643625121473,-0.16159662427366484
54097.74058629068,52.412645693932966,-1.5117187581379796,97.70042755213932,17.82406694467677,289.0260161523919,1.044655054604713,12,17.876045812602612,17.88177180873477,17.839041797595925,17.818864187380544,-0.47951290439294986,-0.36678019267938505
54201.059608355834,52.41264713288344,-1.5117255891436319,97.72045585725405,17.6380927049595,289.0510102137498,1.2213008816333648,9,17.792625163580265,17.63180737348302,17.751504820701427,17.65322791293184,-0.4513452685940432,0.24994061357856026
54302.88313724132,52.41264855822191,-1.5117323484071237,97.74043234979395,17.45481035296563,289.0696371054155,1.6388393367652703,8,17.56595994112052,17.385839378981053,17.562138887848647,17.475521062513458,-0.5148414709458171,0.1862689166573292
54395.05671099974,52.41264996980966,-1.5117390435368459,97.75871771920086,17.28889792020047,289.06679592620344,1.677120467662288,13,17.306760380132825,17.410877720374764,17.258596855781047,17.30445527090573,-0.608322898992835,-0.028411792120615054
54498.40620948906,52.4126513699384,-1.5117456645103173,97.77944653907345,17.10286882291969,289.1196981792865,1.043179980264226,13,16.821814100601994,17.02946818577162,17.037298450563537,17.112008422625614,-0.5358546203877722,0.5290225308312387
54601.15414425436,52.41265275278871,-1.5117522151000322,97.8002898185994,16.917922540342154,289.08904250887065,1.3505706345413642,11,16.938671063017942,17.142959014847307,16.96382905417721,17.004502526576918,-0.45729556274626126,-0.3065567041586573
54699.593909227915,52.412654118139194,-1.5117586987906242,97.82047700182203,16.740730963389755,289.04533943195315,0.9924931506358271,8,16.714121368480086,16.589853208240495,16.693978252812947,16.61347629641701,-0.4720888735834681,-0.4370307691748053
54800.74229174674,52.41265546728707,-1.511765112732101,97.84143962575054,16.558663874855863,289.0255177258456,0.9018787641395566,9,16.49235389108841,16.62584564476221,16.587817951481767,16.494665052133413,-0.47658598860609214,-0.1982170610761907
54898.792029626566,52.4126568019669,-1.5117714583608384,97.86197088414379,16.382174346672187,289.02421178267457,1.7111205013919575,9,16.46472175639408,16.430392181416696,16.432979540505997,16.374805342837284,-0.5125768846642236,-0.013059431709921833
55000.173179574944,52.41265812224503,-1.5117777330403777,97.8834158417453,16.1996882767651,289.0311829443922,1.6205075042321093,12,16.259317015204292,16.0853842336242,16.275956839042273,16.096409911394588,-0.566193076567632,0.0697116171761391
55099.68864552922,52.412659427467624,-1.511783938595861,97.90467774341747,16.020560438047404,289.02427204040146,1.5600349018031738,11,16.15792280554846,15.964534429046763,16.017332614763195,16.006101985538603,-0.4796412452897271,-0.06910903990770724
55202.33556412332,52.412660718295776,-1.511790072210537,97.92682607191583,15.835795984578018,289.03435768458894,0.8487663188131405,10,15.942652765990823,15.918547321785375,15.818240742460388,15.945727442260779,-0.5437645808951999,0.1008564418753696
55300.508841686606,52.41266199240408,-1.5117961386883287,97.94821350915547,15.659084084964107,288.99850372113883,1.6437287927102575,9,15.584209399352957,15.677335662367106,15.620590188867393,15.643833088145186,-0.38664426633303894,-0.35853963450172843
55400.67520532415,52.41266325448256,-1.511802133824419,97.97023894578071,15.478784630416532,289.03986453035066,1.2380440759053837,11,15.396929437631924,15.518171471182763,15.408550390028882,15.512187141140343,-0.4681431505351432,0.41360809211887034
55499.17624606776,52.412664501956044,-1.5118080603731758,97.99209680875504,15.301482757078041,289.03751107244864,1.1423951232958598,8,15.283053967888783,15.178073055409968,15.288706781127607,15.223271817777606,-0.5249063706969634,-0.023534579019602576
55599.024787551854,52.412665736772745,-1.5118139161802402,98.01445250896907,15.121755382406661,289.0695192402575,1.3464763610253765,12,15.095006511503302,15.086714372114617,15.129172682545938,15.099218896717407,-0.5304658562609448,0.3200816780877966
55699.13488362436,52.41266695747959,-1.511819701863832,98.03706549886195,14.941557209476152,289.0793375981973,0.8913532427235559,13,15.006226581718073,14.929523872744644,14.991607891270316,14.923660588136881,-0.5090575021629373,0.09818357939800852
55800.78890428476,52.41266816403352,-1.5118254162432436,98.06022851887735,14.758579972287436,289.0924226140655,1.5566465493523989,8,14.649388192750473,14.588908978626366,14.70514141803925,14.74585904310887,-0.5120329646360896,0.13085015868262886
55899.15803103836,52.412669357093044,-1.5118310615080712,98.08283389738028,14.58151554413095,289.10874524429653,1.3824350768882958,9,14.578115431849087,14.697437977271738,14.660995161624978,14.663845445155937,-0.4436349247961026,0.16322630230976473
56000.579549713795,52.41267053597681,-1.5118366356624207,98.10633493325827,14.398956810515164,289.12157114976685,0.9865900968731676,9,14.422189379755242,14.366292641351656,14.377424461839414,14.437013885979784,-0.5031611179101256,0.1282590547043583
56104.150801597294,52.412671700675666,-1.5118421370329758,98.13053510366136,14.212528557124875,289.1399838005357,0.9882321997690456,8,14.247516778203295,14.07616417300018,14.202811328650764,14.157807463530368,-0.5394883361781053,0.18412650768705274
56201.74224940687,52.41267285318144,-1.5118475691530546,98.15352159846834,14.036863951067636,289.17806121568856,0.9842486515726743,9,13.921166660138296,13.949616206007988,13.977377786299508,14.068306594032292,-0.39347084408813504,0.3807741515286165
56299.34795293566,52.41267399158358,-1.511852933099482,98.17668734834834,13.861173684715808,289.18369113249287,0.857002387551934,11,13.785627790065417,13.766804179513894,13.724187660293175,13.891402594005138,-0.49918502951761995,0.05629916804434233
56402.402427844325,52.412675115895325,-1.5118582246094945,98.20133478475357,13.675675629880221,289.2040025939773,1.3877984493716848,9,13.671312763555934,13.654297907951108,13.714622012691617,13.747467762213152,-0.46114775699728244,0.20311461484369134
56499.183849253954,52.41267622574213,-1.511863448795645,98.22465588282438,13.501469071342886,289.2014318557001,1.6403481775885083,12,13.559596066600204,13.53747035514152,13.542453674060145,13.585632847198205,-0.5142146330855399,-0.025707382771671516
56595.92375092964,52.412677323539754,-1.511868604309645,98.24813315820049,13.327337248326643,289.24268817492487,0.8174982139873886,11,13.3478339792772,13.42201416933932,13.29330854889771,13.292198627207267,-0.4788441639233083,0.41256319224693533
56697.983827378164,52.41267840515601,-1.5118736893583993,98.2730792351608,13.143629110719301,289.22331096282323,0.8490046449712736,10,13.153891131671699,13.057654732024663,13.156102183351132,13.092079023392744,-0.4852811635136186,-0.19377212101567048
56796.25841615795,52.412679474970425,-1.5118787043925555,98.29727006817106,12.966734850915683,289.27490410580344,1.3727702766869458,9,12.999108507983241,12.936702015269558,12.96961942514567,12.925214723816081,-0.5977653287391811,0.5159314298012656
56899.29697303192,52.412680529422225,-1.5118836477289919,98.3228101348475,12.781265448542552,289.27375366526053,1.6194956853860525,9,12.669109954532683,12.794338650748633,12.701908164082031,12.76877037642697,-0.40868229597804034,-0.011504405429077711
57000.03683675838,52.412681566787306,-1.5118885221506104,98.34795259665225,12.599933693834911,289.23276497786856,1.1267388905686335,12,12.57978898377078,12.612733604912918,12.59215867573581,12.604473566537163,-0.4456075309354526,-0.4098868739188177
57103.35287462455,52.412682589029025,-1.511893324520818,98.37391213523416,12.413964825675814,289.2364348990243,1.149614398807722,12,12.438888010875182,12.459866739424102,12.45170451489982,12.464693284348241,-0.5214023107801633,0.03669921155690499
57200.65385474753,52.412683595864955,-1.5118980596993636,98.39851906604419,12.238823061454449,289.21692420622253,1.396346497496776,13,12.140893611125458,12.153028391672668,12.186384063447422,12.22609728083738,-0.5456357978173849,-0.1951069280185002
57299.561798942384,52.41268458925111,-1.5119027253126853,98.42368777226257,12.060788761903707,289.2410068699385,1.074212889124147,8,12.053153294099207,12.14393108516252,12.063816149117923,12.056465793389945,-0.48513431034690896,0.24082663715976477
57401.658811162364,52.41268556658607,-1.5119073203574132,98.44982970401463,11.877014139907747,289.22231057012687,0.8266083660776842,8,11.729620669207828,11.982891992137265,11.821152937974903,11.875584410696025,-0.4857049411282804,-0.18696299811530095
57495.577729381985,52.41268652939347,-1.5119118503498075,98.47402038886483,11.707960087112427,289.209528356321,1.535228518101596,8,11.706897672697238,11.564841569007648,11.735717881762389,11.662965520670697,-0.4792475974564712,-0.12782213805932058
57600.471229116214,52.41268747410514,-1.5119163087544714,98.50119681044447,11.519151787590811,289.1553970017703,1.425649912941453,12,11.526063725455149,11.530879477131467,11.542504608931102,11.590223076155137,-0.5053311327047681,-0.5413135455062178
57701.54173038778,52.4126884032912,-1.5119206970902368,98.52753878237229,11.337224885302007,289.14243938020036,1.3807559990556593,8,11.255490153569296,11.24262264834714,11.269925787563793,11.258373695338644,-0.4661169465152666,-0.1295762157003446
57797.04282750844,52.41268931519264,-1.5119250207022645,98.55256745785968,11.165322910484806,289.07300035246794,1.541684128991823,8,11.235975302232738,11.08775014027032,11.249559001062385,11.14148204287867,-0.42949915927699883,-0.6943902773242558
57902.28750808641,52.41269020956841,-1.5119292721186612,98.58030251715081,10.975882485444464,289.02762487899554,1.4752308375620375,10,10.961138707445008,11.071539697564779,10.964524782945333,11.043601288374687,-0.4806802530099335,-0.45375473472293276
58000.67699281499,52.41269109048306,-1.5119334543876795,98.60637331205778,10.798781412933023,289.0494091542341,1.0058819881783212,8,10.779533759266757,10.769775727322678,10.753754776690446,10.809135692607514,-0.5446875651599803,0.21784275238479986
58099.1694241722,52.41269195792135,-1.5119375674369178,98.6326065050294,10.621495036490035,289.07192067054984,1.1524810469433513,9,10.666047098549308,10.738814988907095,10.619611938743843,10.623809275234265,-0.433343284657425,0.22511516315701596
58201.26556373221,52.41269281087571,-1.511941609024839,98.65993951836069,10.437721985282028,289.08410913187595,0.926110141678625,13,10.445976173491093,10.490496775438533,10.48002394918468,10.428419077071366,-0.43139917568410113,0.12188461326102469
58304.54138571561,52.412693647468046,-1.5119455792953695,98.68773045505394,10.251825505711905,289.0564073059304,0.9298570134178811,12,10.161409432609126,10.24251917554144,10.222910505935669,10.2316442662331,-0.3401425852191665,-0.27701825945571057
58400.363732510115,52.41269446992846,-1.5119494828008742,98.71364094458023,10.079345281481793,289.05504047625936,1.4761957463565394,11,10.029931555085764,10.186097952474833,10.082463428472188,10.13406024913724,-0.5460623403044588,-0.013668296708905119
58500.4964411726,52.41269527767742,-1.5119533165062693,98.74084312399097,9.899106405889318,289.0549372711167,1.6586001069824983,13,9.891977903245747,9.865729925090207,9.91613374989529,9.811477340319053,-0.4846497635694805,-0.001032051427102337
58599.081278200916,52.412696069616246,-1.511957082240701,98.76774815716101,9.721653699238358,289.02175256720284,1.7627325838611392,10,9.746793129890776,9.738327405570548,9.763973882670353,9.765864579562354,-0.5986146103806091,-0.3318470391385803
58698.30031126107,52.412696848701344,-1.5119607778366868,98.79494718399933,9.543059439730085,289.06482175601195,1.4283471175494444,12,9.493200720123856,9.469675549800437,9.529890611534723,9.508480478480068,-0.4787910257614746,0.4306918880919653
58801.660671633086,52.412697613567225,-1.5119644008347342,98.82340759790911,9.357010791060445,289.08995633418897,0.984101323360957,12,9.271208444785183,9.362282196968305,9.331683195259565,9.358625638605371,-0.5273788176261481,0.25134578176958267
58898.287832348185,52.41269836397607,-1.5119679566241275,98.85012775884228,9.183081901773262,289.08362617689704,0.9056503454489307,9,9.134715974597531,9.203878293487262,9.15559626532032,9.164396418420608,-0.400033862362139,-0.0633015729201741
59000.14313247444,52.412699099431634,-1.5119714414062457,98.87840983130901,8.999742361546005,289.08439639944845,1.6128509715367578,13,9.010654084861432,9.02755872804808,9.002487630344476,9.021286209764597,-0.5406228803966339,0.007702225515274332
59099.04468510647,52.41269982055635,-1.511974857133166,98.90598311232935,8.821719566808353,289.0903661271577,1.3787564763599993,13,8.807267237904464,8.698929981979536,8.781142046597397,8.768066028391495,-0.5864962198410009,0.059697277092399734
59200.957959651496,52.41270052460234,-1.5119782030114908,98.93450796650178,8.638275672627307,289.0318747317351,1.41828502101372,8,8.540161513816136,8.592552515489592,8.564030453828565,8.627183082796133,-0.52761978479538,-0.5849139542270515
59300.667324210575,52.41270121377342,-1.5119814795123856,98.96252308206496,8.458798816420972,289.0247936213302,1.5814620887547093,9,8.459341175678496,8.520842370162033,8.476845769886541,8.523995091793054,-0.6015671891533944,-0.07081110404760464
59402.07507988851,52.41270188740587,-1.511984685685816,98.99112116946992,8.27626485620068,289.00525621177803,1.5032772277324518,8,8.276716330833802,8.219052771117719,8.315244947988564,8.222163445947736,-0.45822663475394315,-0.1953740955233856
59498.97996720229,52.41270254588208,-1.5119878248276137,99.01854637955441,8.101836059035868,288.9765619121565,1.6344582528560967,8,8.037122277044778,8.17455835101804,8.038385877960556,8.094722443868353,-0.5967170779150643,-0.2869429962141521
59599.460250129414,52.412703189395394,-1.5119908940398512,99.04708076129046,7.92097154976706,288.96850898195544,0.8562139054598785,12,7.859201400789151,7.841567470761218,7.892683293322422,7.896288272437745,-0.4962333843562001,-0.08052930201128268
59698.042472568435,52.41270382013742,-1.5119938935664832,99.07516964941723,7.74352354937681,289.0200089073935,1.5475206367465049,13,7.761035773342634,7.800207712630216,7.738858996673905,7.780538928739934,-0.6030184993689056,0.514999254380045
59799.11141347985,52.41270443663346,-1.5119968222994278,99.10406035854324,7.561599455736271,289.0383677030343,1.6508527573220955,8,7.547283759440898,7.6270254348598865,7.615283154501975,7.57065760745029,-0.5227952112709612,0.183587956408437
59900.75460098609,52.41270503771509,-1.5119996804513323,99.13320751156454,7.378641718225038,289.02200463030385,1.0861350424583143,10,7.373530176792223,7.435671639032106,7.386812762062665,7.352171202006592,-0.42604702974097786,-0.16363072730550113
