Time,GPS latitude,GPS longitude,GPS altitude,GPS speed,GPS orientation,GPS accuracy,GPS satellites,Wheel speed FL,Wheel speed FR,Wheel speed RL,Wheel speed RR,Longitudinal acceleration,Yaw rate
5.413699678799876,52.41001350026519,-1.5099999940584927,100.0016241098243,54.0146169712829,0.015381960352726765,1.543078800419358,12,53.522309457436954,54.34081689620416,53.963068757099585,54.00356596594269,0.6911292238938668,0.15381960352740595
101.25626541756893,52.4100270651777,-1.5100000044331023,100.03037636054623,54.27327513821163,359.97326919108775,1.0043147786476094,9,54.304239005717236,53.63671371875928,54.532170303007504,53.984558159339386,0.7300403123897443,-0.42112769264965877
201.81593889295308,52.410040697750524,-1.5100000070162414,100.06054067180297,54.54397876726149,359.9933774187265,1.509834591310355,11,54.82531823535533,54.673153153460824,54.74359372339753,54.62066333617685,0.7344850215941862,0.201082276386866
301.00765150764477,52.41005439672308,-1.5099999922051865,100.09028865957967,54.80965592182533,0.03778812075120186,1.7835550638612834,9,54.38722011751096,54.77697262726552,54.610797667936225,54.94304040717237,0.6921635351138455,0.44410702024748056
401.30223589588655,52.410068162312164,-1.509999952996141,100.1203583598154,55.07626010890823,0.0995516342025553,1.7736834479211236,12,55.624367093607425,55.33374501477918,54.946547643565296,54.97934408738062,0.8164945857215556,0.6176351345135598
499.3613639108139,52.4100819923954,-1.5099999115920129,100.14974615611828,55.33431059930444,0.10463469879937293,1.0333511504418147,10,55.22360092888849,55.63400697750771,55.174344227969286,55.5712451891183,0.7055962547841413,0.05083064596827291
598.3038460331927,52.41009588673919,-1.5099998666177408,100.17938408631143,55.59143346862088,0.11313133140259879,0.8671685483599652,10,55.83897536604737,55.103291302653886,55.51291627632233,55.61573607917166,0.7683900891919446,0.08496632603187632
701.2119306989898,52.410109846889746,-1.5099998225769122,100.21019122927505,55.854721647611214,0.1102610703234177,0.9488669747592375,9,56.07332763086248,56.154585225845565,55.883886022817805,55.98916301484889,0.6584490672714138,-0.028702610791721993
795.9636635119252,52.41012386652102,-1.5099997587740766,100.23853703428117,56.09281695014235,0.1590595084061306,1.0324511194252497,9,56.198486476923286,56.68923580730053,56.12583419342788,56.32904028918502,0.7220609918504806,0.4879843808271906
901.4802441141122,52.41013795102367,-1.5099996885572566,100.27007792058969,56.35241202066769,0.17424312956029553,1.393845379690759,8,56.23914478821192,55.84392683193886,56.344884878728486,55.751413572598864,0.7610168861385129,0.1518362115417242
1001.0576269881788,52.410152095277596,-1.509999628944659,100.2998159512424,56.59140356486628,0.1473039549653663,0.9507085525865315,10,57.020791143341626,56.72840070556528,57.01582526747092,56.354349850036336,0.6657737358848591,-0.26939174594924215
1098.8219989334268,52.41016629659913,-1.5099995592305975,100.32898363582422,56.81979900483738,0.17157250361378829,1.3170082171480908,13,56.66073744422959,56.4549791016363,56.67112907719598,56.937137703723664,0.7017677348907039,0.24268548648395688
1200.3773906188985,52.41018055544622,-1.509999496406248,100.35924902461065,57.04991028162572,0.15399261840116196,1.6689312201026172,9,57.432607056591685,57.00950761684086,57.47961028120346,56.735176854044916,0.6264849931681041,-0.17579885212586513
1298.482255887579,52.410194867975775,-1.5099994263359537,100.38845094221365,57.2647433712416,0.1711093002427333,0.9566269691490357,13,57.557110135996744,56.754699207069116,57.03325083756888,57.2710324421349,0.621695757626509,0.17116681841546014
1398.1335255673982,52.41020923306042,-1.5099993710391106,100.41807487279208,57.47491958910883,0.13453916024377577,0.9841765450796243,9,56.81818631566362,58.19621336081217,57.32158560232432,57.97679281760351,0.5779942220682591,-0.36570139998940004
1501.9101130185275,52.41022365055907,-1.5099993168853665,100.4488809885914,57.684621167612185,0.13127897264485,0.8177872963463648,8,57.0146281066937,57.38284492648738,57.72778691569643,57.689354655125726,0.5605643513856826,-0.032601875989294586
1600.3815886447435,52.41023811544918,-1.5099992335493817,100.47806763391107,57.87444062984283,0.20135990941440696,1.624940671857273,9,58.13606417518879,57.80868615694848,58.4954792530707,57.99402129596147,0.5175162741693705,0.7008093676953276
1703.9575146482257,52.41025262773448,-1.5099991641782737,100.50871714727026,58.06395835178585,0.16707018520691008,1.0513687580861206,9,57.54039916818688,58.021172244974984,57.997103234205454,58.07196885594405,0.4942283218086386,-0.3428972420746103
1805.2119345595825,52.41026718368847,-1.509999091757877,100.53862696594284,58.238698373395906,0.17389065874448306,0.9299556776302408,8,58.49188337722561,58.86605150054427,58.272333179263654,58.259970062415725,0.4955825252477923,0.06820473537541492
1901.3670177710778,52.410281778576916,-1.5099990051455499,100.56697940480653,58.39458966168008,0.20741224481344034,1.6803199321442126,11,57.27666943056172,58.31268244778523,57.64873217783196,58.094289904918156,0.4480884782144723,0.33521586068944775
2000.6053308971705,52.41029641102089,-1.5099989211057987,100.59618597066736,58.54482617635688,0.20073517127491414,1.3087568941581054,10,58.63385604087779,58.87028965311443,58.59754218484506,58.49348567945555,0.4518934331793922,-0.066770735385278
2103.387445850408,52.41031107937649,-1.509998823842822,100.62637357166788,58.68862953387172,0.23175073494212484,1.3585712694230538,8,58.79912263325615,59.000868998813196,58.580014568289286,59.04789570206938,0.3858300449589583,0.3101556366726053
2196.58782813853,52.41032577763588,-1.5099987206602652,100.65368985220466,58.80833382300046,0.2453550968024274,0.8162485257919185,11,59.14338189822985,58.48646320961382,58.95554180399256,58.870629538275644,0.4066334066113003,0.13604361860273304
2297.681761168903,52.41034050541407,-1.509998624668736,100.68325539485994,58.926365143923505,0.22779844144565686,1.5192311895157216,12,59.60901785239948,58.828306046429944,59.2560873857101,59.14832425080706,0.3328315170531367,-0.17556655356758039
2399.730318558788,52.410355259802884,-1.509998538055741,100.7130292934746,59.03274717133272,0.20517164346824757,1.3053385913671804,10,58.88001891327601,58.63820667140491,58.87747795473765,59.16387382215383,0.25914496820372185,-0.22626797977441923
2500.7810556854674,52.41037003728887,-1.5099984488350586,100.74243890786612,59.12518152140266,0.21101842774817214,1.2382235268728445,11,58.858887019121184,59.936906394111325,58.77031300476755,59.50946264135104,0.22906003834790617,0.05846784279931002
2600.3338092721856,52.41038483438114,-1.509998381238522,100.77133843222732,59.20345522146943,0.15966300553691326,1.554180904965163,10,59.87703909800334,59.07793638942693,59.67540001771608,59.1849811414726,0.1628000243034711,-0.5135542221125894
2700.3690037185643,52.4103996479099,-1.5099983291382009,100.80030100003506,59.26912424114468,0.12292453366393374,1.713009404170024,8,58.908134696552715,59.63987029673889,59.198914993865934,59.29164762293039,0.12208603458567979,-0.3673847187294226
2801.6154118285153,52.41041447469306,-1.5099982745862515,100.8295326849697,59.32216813675624,0.12859378250738018,1.470395159527315,11,59.24440017590606,58.710982348828765,59.36922543869976,59.0627030795878,0.20233234652983906,0.05669248843405405
2900.145919350634,52.410429311123714,-1.5099982348492549,100.85789862312039,59.360697613287066,0.09361007254727838,0.9548114562513697,10,58.88051784449119,59.31451993976282,59.202328629237435,59.24285772330414,0.15185428835071846,-0.3498370996009906
3001.2775740269985,52.41044415406021,-1.509998198152787,100.88692676667348,59.3867158331046,0.08640949513846863,1.158194405588039,11,59.03858372242373,59.47499269670992,59.33724397306343,59.883867832601695,0.10810240733222884,-0.07200577408794676
3100.6592925976092,52.41045900004513,-1.5099981762695496,100.91536426728314,59.39886904995056,0.05151809565751364,1.2074393706718882,9,59.20580096885099,59.57547408769619,59.18603988177343,59.47538657585992,-0.07488440736005111,-0.3489139948092943
3199.0057919542214,52.410473845745365,-1.5099981391406545,100.94341655593783,59.39777517158192,0.08741145786905236,1.0125188075752722,13,59.876982835414076,59.48965331888888,59.43479486185545,59.41627150205217,-0.032664845112796506,0.35893362211538765
3298.49186059792,52.41048868783894,-1.5099980910401314,100.97170104501048,59.38339180154758,0.11326909482880865,0.8848632857759258,12,59.76945611219216,58.83964565705697,59.333854958756085,59.09135215001502,-0.0654125135302795,0.2585763695971015
3398.1131871934963,52.41050352299031,-1.509998037464989,100.9999276181442,59.35564397802681,0.12621995182843193,1.2132106047322382,8,59.383768315088155,60.08798778121788,59.63353985734952,59.47771085031983,-0.06444550482520288,0.1295085699966441
3500.969503294363,52.41051834749442,-1.5099979816097835,101.02896663501332,59.31305690146752,0.13168614260212053,0.8716581279176533,9,59.344421199472784,59.46799768256575,58.947086259681654,59.2998435867205,-0.16556634387091781,0.05466190773687727
3599.766453367066,52.41053315847642,-1.5099979323003438,101.05675712687147,59.25892043905493,0.11635980304174609,1.6022840767927962,8,58.77441639311262,59.24210580154718,59.38357925826453,59.0400618755856,-0.1258992297282464,-0.1532633956039123
3703.803509590521,52.410547951759376,-1.5099978971248926,101.08591005219874,59.18804654351453,0.08310595987160241,1.25756734553848,12,59.04275651869271,58.98580920746549,59.029144260080535,59.00810390447776,-0.24216386077926286,-0.3325384317016691
3800.476253917538,52.41056272540561,-1.5099978362148672,101.11289409102815,59.10960461524418,0.1440978600990661,1.110286923984566,11,59.30277575833473,59.31589321427608,58.99520256984296,59.27445579383541,-0.1647686032212312,0.6099190022746381
3903.993304570739,52.41057747473998,-1.5099977679208987,101.1416731874729,59.01238120349421,0.16183264618700832,1.5885874980792614,10,58.51661026303058,59.52839729074181,58.86693102181374,59.158730708877506,-0.14463615256274517,0.17734786087965052
3998.013473000053,52.41059219909768,-1.5099977017020392,101.16770609011824,58.912435737057216,0.15718156504181025,1.020056651362287,13,59.72693795889213,58.954129237206246,59.38879022963919,58.64256325754776,-0.34935960080011436,-0.0465108114519827
4100.393599009983,52.41060689316146,-1.5099976302357947,101.19593627638132,58.79126670789281,0.169986772367281,1.5733763269625447,12,59.14155447858338,59.06019053751641,58.96637472375254,59.09954840983968,-0.36703840025674983,0.1280520732549844
4197.726710812782,52.41062155550062,-1.5099975473703513,101.22265861301095,58.66442625332366,0.19752671320156878,1.7909286679556864,13,58.586478449723906,58.7915464734407,58.816067692408645,58.64015841451994,-0.36078401557020207,0.2753994083425745
4300.000732959211,52.41063618151935,-1.509997448955122,101.25061260715808,58.51925238709631,0.2351749747988947,0.8659319454359531,13,58.475714131691696,58.928355033942665,58.7506769861835,58.74496218143304,-0.4005467525336501,0.37648261597307814
4402.051968304163,52.41065076833376,-1.509997330589319,101.27837532481317,58.3626178021133,0.2836087369001916,1.1450150239145,8,58.68399771324033,58.02928335056936,58.296613658096874,58.186282192046136,-0.4276813386700622,0.4843376210132232
4499.686804191422,52.410665315008096,-1.5099972036788276,101.30481199681621,58.20212641330833,0.3049208142192583,1.5176511496162348,11,58.11730294015848,57.99911916480578,58.00887920271894,57.9870879949762,-0.4473381753152971,0.213120773190549
4599.936841712184,52.410679817923445,-1.5099970869432064,101.33182734292754,58.02692176204875,0.281320874183109,1.3627400316165124,12,58.42118826015738,58.42021671579764,57.99690906953086,58.18939236873207,-0.5177028892403907,-0.23599940036151865
4701.299651666982,52.41069427399012,-1.5099969696148823,101.35900646312531,57.83948943206737,0.28366551222916314,1.4284537300026723,11,57.85781532697487,57.97462441639333,57.66207626990226,58.006872170133015,-0.560581986561736,0.02344638046062881
4804.309692886519,52.410708679907046,-1.509996846674663,101.38648420064916,57.63891227406732,0.29826789935526676,1.051774741998165,8,58.07303782154941,57.190786976996826,57.568702857960076,57.651517022725244,-0.541070690782058,0.14602387126103275
4898.779482288354,52.41072303772839,-1.5099967250970312,101.41155458313371,57.44646696847841,0.2959501970672136,1.7135153662640485,9,57.333154038903736,57.18815322416143,57.579708256102535,57.286708033076536,-0.5173114544482873,-0.023177022880461612
4998.489349319979,52.410737342697864,-1.509996602963171,101.43787888319474,57.235016325966264,0.2984025861613304,1.0197666541011439,12,57.653376879253386,57.239303982539745,57.641699719248926,57.008420500040764,-0.6565751188987512,0.024523890940990008
5099.307162992963,52.41075159228694,-1.5099965174770034,101.46435033622605,57.01304464106336,0.2096761002283074,0.8962987261777932,11,56.928235966862495,56.82462005580664,57.16268422046902,56.7852146073891,-0.6709993353544098,-0.8872648593301025
5200.294053542648,52.41076578433766,-1.5099964127433256,101.49071696847798,56.78302705558216,0.257926299451924,0.9715891638707445,8,57.27252205482407,56.18233113103465,57.03995067598877,56.48390002748104,-0.6954982563280458,0.4825019922360972
5299.041103921918,52.410779918463554,-1.5099963102892515,101.51635181394768,56.55124706332947,0.25334644148887264,1.6092822270606821,10,57.295241050122215,56.92440366657121,56.8110469852949,56.792888336523006,-0.6906992480539063,-0.04579857963061828
5401.117538812886,52.41079399101548,-1.5099961883504787,101.5426955221497,56.30512308670967,0.30284630364786835,1.5383439298765005,9,56.263377909755945,55.83571583017009,56.45694536647113,56.50496512094135,-0.6604737603327684,0.49499862159035735
5502.049620556674,52.41080800122967,-1.5099960560352108,101.56858585938726,56.05585320900507,0.33007888363204074,1.1683147955388575,8,56.11763755663215,56.30695115028792,56.18979504575888,56.06736171457278,-0.675977065919329,0.272325799841489
5598.14825148238,52.410821950891346,-1.5099959195611774,101.59308789542524,55.81364608364092,0.3419310640320532,1.1216251353972257,13,55.486604632143575,55.71009221839928,55.394404895750604,56.02127873147038,-0.7473876331732248,0.11852180400008569
5703.725728276988,52.41083583275353,-1.5099957604441734,101.61983704210111,55.54274375015302,0.40060756735402947,1.2910195095605654,9,55.040964968430636,55.442364667301284,55.501471624562534,55.28772300387973,-0.7076103539596691,0.5867650332199438
5797.732365676832,52.410849653451905,-1.5099956098904037,101.64350273068555,55.297890346823095,0.38072606863227065,1.400234483923501,9,55.272560214371836,55.30752654206,55.17686194062223,55.26353528408545,-0.6943415062415171,-0.19881498721761437
5901.220955815077,52.4108634058176,-1.5099954287673258,101.66938741885305,55.025045843802516,0.46030362510134637,1.1043031374293348,8,55.343524117916154,55.450241846136386,55.37110579694177,55.06388338797161,-0.7746627943328681,0.7957755646905711
6000.772060624227,52.41087709193133,-1.5099952474319163,101.69411857787537,54.75998428438732,0.4630739792830241,1.651757635280343,10,54.98880636428854,55.04994778654652,54.71473016802586,55.08917813377637,-0.7600463772052759,0.027703541816760525
6104.168037060678,52.41089070884064,-1.5099950878100186,101.71962712798391,54.482701475405584,0.4096980380696209,0.9951772208083276,11,55.11182472404695,54.678529493135,54.89974381408197,54.6963717631792,-0.7506145238152471,-0.5337594121341273
6199.246962649501,52.41090426176759,-1.5099949368267782,101.74292161240683,54.226567003609134,0.38935550565361154,0.9302762118678938,11,53.50829757180455,54.48401210503939,53.81619206424697,54.28636100016747,-0.8505598733815449,-0.20342532415973974
6300.460672687185,52.41091774640515,-1.5099947852516948,101.76754594281242,53.953357093135686,0.39286115847028213,1.6847116784489522,8,54.55536962494781,53.97144925508384,54.126666199866435,53.86468318003732,-0.7227836162254383,0.03505652816660884
6401.362418585173,52.41093116307759,-1.5099946545848382,101.79191414450888,53.681107441452205,0.3403869323324784,1.7197071459505269,10,54.123082076689876,53.48371492163847,53.889096524578065,53.7521150867759,-0.7464330437575759,-0.5247422613781646
6502.070250149548,52.410944512044296,-1.509994526101574,101.81605360607864,53.410189725340416,0.3363963563279526,0.990940248703773,9,53.73285265631765,53.21943105288214,53.448699336014734,53.46332297651332,-0.6909189214735231,-0.039905760045244945
6599.937679037013,52.41095779558373,-1.5099944033049206,101.8393357859616,53.1483394119035,0.3230914606388069,1.706514308070153,9,53.8214773377749,53.14247735203167,53.104866244822865,53.13488416877568,-0.7391968317103281,-0.13304895689170237
6703.879864621986,52.41097101020327,-1.5099942889332338,101.86387015745342,52.872482502391115,0.30249429524360494,1.2936884212311308,13,53.13732976464771,52.36355203965573,53.02753528510057,52.391751110559035,-0.6670904769334218,-0.20597165395197953
6797.989626165488,52.41098416306913,-1.509994181140831,101.88591007038413,52.62532653494037,0.2864319799086843,1.7440132337871281,13,53.173252074766594,53.32908812423905,52.988818064485606,52.86183780519823,-0.7558476282378729,-0.16062315334884433
6898.516420590662,52.41099725081878,-1.5099940824258142,101.9092682642396,52.36469295199693,0.2636164711546485,1.3349572366146751,8,52.55634748821952,52.741460482580145,52.301625652083054,52.52307401155694,-0.6896223162047342,-0.22815508754061237
7000.374249043529,52.41101027361214,-1.5099939820419277,101.93273893279671,52.10482433999264,0.2694101890691627,1.3037634617272587,12,52.07440042255867,52.634147132506335,52.064465178436514,52.57333095771971,-0.721237169339678,0.05793717914531447
7098.534309704914,52.41102323496485,-1.5099938791231087,101.95516783496875,51.859032360678526,0.27752264790689196,1.0213807468899176,12,51.71349857026807,51.50488263433392,51.90736659875444,51.647121148611504,-0.6649415458177104,0.08112458837700716
7197.234159803768,52.41103613585177,-1.5099937781324118,101.97753012790763,51.61708867337993,0.27359985364205386,1.0782772799164553,10,51.58837136432649,51.02621862481736,51.53207035642512,51.27401528556906,-0.6637977679021135,-0.039227942647991516
7302.964990992167,52.41104897357161,-1.5099936769540874,102.00127164768007,51.364362038130665,0.27545686783730616,1.1969102892269192,8,51.47773654373175,51.40090738671489,51.572782963251974,51.374839508680644,-0.6848185883635406,0.01857014195246345
7401.922916312184,52.41106175382711,-1.509993572991282,102.02328970145432,51.13448293364199,0.2843100752045302,0.9526455419558184,13,51.390414630550225,51.04213862798742,51.420575258761815,51.207870189812695,-0.5787332436035468,0.08853207367225503
7495.717575417838,52.41107448122322,-1.5099934635136893,102.04397607186893,50.92306370247822,0.30063466416515894,1.6983437554249765,11,51.28137414835912,51.17131879252523,51.07219874857046,51.18702065231798,-0.6389584579147032,0.16324588960621148
7601.985146906105,52.41108715079342,-1.509993352166414,102.06719596639445,50.69172951198861,0.30716442270403377,1.6512310986532661,8,50.81881690348152,50.76505377102567,50.753180023199256,50.80736660966696,-0.5956370287416042,0.06529758538885044
7702.384481274551,52.411099767810605,-1.5099932218831527,102.08891920987098,50.48173767137014,0.36089722665121826,1.216967070733184,12,50.487053808007204,50.490638679988976,50.55726067631202,50.46265248783322,-0.5712090771631051,0.5373280394714792
7797.906440924603,52.411112336875625,-1.5099930743677106,102.1093917095207,50.290168186267195,0.41018941979035617,1.068441924554505,9,49.820777212638085,49.9639696107777,49.88830933557393,49.97996070369418,-0.5480026457480344,0.492921931391758
7902.585529153858,52.41112485594925,-1.509992938208638,102.13160568979151,50.08996600847999,0.38012407908018986,0.8025560359544852,13,50.21304364551502,50.25419845218867,49.92791357677611,50.17738362962337,-0.47290013884117893,-0.3006534071015225
7997.0649719593275,52.41113733219808,-1.5099928134097014,102.15145472389518,49.91845077242725,0.34960595957551277,1.5048039390869028,8,49.56072363428637,50.04739538290143,49.59846859371469,50.02340548111194,-0.538392892655855,-0.30518119504720026
8099.011809283322,52.41114976478487,-1.5099926995949986,102.17265710571635,49.74360504281534,0.31995560035795734,1.606469645721401,12,49.79379180833162,49.6406476090769,49.983974010904305,49.62190624590442,-0.5097713747303451,-0.29650359217553146
8199.674930530455,52.4111621569054,-1.5099925782609753,102.193370957236,49.58180817444703,0.3422072190791141,1.3919604209775078,8,49.016722947404894,48.98175436598462,49.32570327523052,49.38678585381552,-0.4130447361921542,0.22251618721148209
8300.97161747491,52.4111745111781,-1.5099924633783246,102.21399081920458,49.430289750979675,0.3250049439437248,0.8935039472837802,8,49.414327246261344,49.30922660530348,49.47562892478457,49.36085394949962,-0.361175690930415,-0.17202275135346887
8400.78497762216,52.41118683095683,-1.5099923367965065,102.23408653604437,49.29245211331702,0.3591038788073888,1.127053149364662,8,49.65590695406435,49.62361991584685,49.61378503019559,49.50567335362001,-0.38777755313604023,0.34098934863669395
8500.442981370006,52.41119911929647,-1.5099922198845952,102.2539289212809,49.16652404130951,0.3325202049445011,0.9941586223484894,11,49.571227535868296,48.71693097595416,49.35048634367894,48.93758898066687,-0.2907640144126089,-0.265836738628883
8598.289607918443,52.41121137969983,-1.5099921177152433,102.27319287826833,49.0545566645267,0.2912523921311845,1.2343618391074225,11,49.46125864447929,49.022076130579805,49.09771224972131,49.210591163957204,-0.23198066262604145,-0.412678128133461
8703.083980816062,52.41122361346298,-1.5099920331764078,102.2935832918352,48.947770177560606,0.2415188219095512,1.4140414238135535,9,48.674455522475036,49.096400471613535,48.83129381173171,49.04044839002796,-0.1622530175346307,-0.4973357022161512
8801.33263864184,52.411235825389014,-1.5099919654992595,102.31247134383517,48.86024411993348,0.19369285118403923,1.1051241385081827,12,49.008382585618165,48.4590435790686,48.75738185112186,49.21866451249803,-0.22833921998628098,-0.4782597072553082
8898.923530748965,52.4112480186622,-1.5099919021052122,102.33101196626612,48.78558013213885,0.18171219763019053,1.3258906480812365,9,49.322550460560876,49.348913395961176,48.83907337368491,49.0867766056462,-0.13885056136366386,-0.11980653553849802
8998.86283727866,52.411260195994615,-1.5099918182622094,102.34976865218371,48.72198543246648,0.24064091497649542,1.165495703235659,8,48.878166259667395,48.50756730390867,48.77407785398741,48.57376783785282,-0.12724500465401625,0.5892871734633384
9102.814676495922,52.41127236026975,-1.5099917273035661,102.36902937396216,48.66981976289119,0.26134373264318356,0.9932974657184923,10,48.43550426410816,48.07952181017596,48.62939757378691,48.49946378627739,-0.09302213206531051,0.20702817666683634
9201.28361102289,52.41128451550899,-1.5099916351396454,102.38703813167456,48.63368099296441,0.2650035520928782,1.588990287984059,11,48.37291522686829,48.84523186488193,48.43322668438331,48.761978032413936,-0.0976514991892992,0.036598194496666285
9298.18980019638,52.41129666505205,-1.5099915501487506,102.4045351235644,48.61081296903877,0.24449342337180724,0.9283734574887973,9,48.49805537639855,48.692732177625174,48.301732658572206,48.71822413776101,-0.11378312276090201,-0.20510128721046883
9399.217686745627,52.41130881201136,-1.5099914685372662,102.42253587410515,48.60044099013315,0.23482191748945525,1.3917674223586034,12,48.1384997313606,48.32559400272445,48.536076868937144,48.56785748505508,0.005689473154373296,-0.09671505882351848
9502.056586321638,52.4113209598865,-1.50999139475509,102.44060534720549,48.60403058901918,0.212278746954496,0.8080343577153669,10,48.635460258124645,48.17962257552353,48.480033597326674,48.1797578459931,0.00378030796309943,-0.22543170534983772
9596.05478979278,52.4113331117092,-1.5099913249729309,102.45689571659281,48.61978953367072,0.20070517203890859,1.4531341263049478,13,48.88277321164833,48.45963653822139,48.86688380739982,48.44557682033055,0.02475149182892914,-0.11573574915564634
9698.266229929382,52.4113452711804,-1.509991253168621,102.47436307300082,48.65040856505826,0.2063912616230823,0.9598175663456103,13,48.73036385265881,49.09362345030902,48.93566715349301,48.9439846092728,0.08927723701222236,0.056860895841620046
9801.441575197518,52.411357441902574,-1.5099911748529184,102.4917329825531,48.69548322323068,0.224899055212461,1.5476816823595185,10,48.64606955072554,48.900731441506686,48.2982908656476,48.74707561868744,0.2175609895080329,0.18507793589401342
9897.553835924191,52.411369626302026,-1.5099911000556663,102.5076752051397,48.75017274074296,0.21455411429212745,0.9801459467254074,9,48.6084186404028,48.188737076585966,48.7857473838732,48.264723214098154,0.2200558936365553,-0.10344940920354219
10003.213559722471,52.41138182920718,-1.5099910186269625,102.52493371218551,48.82427682664382,0.23322185646162552,1.2525195897292982,10,49.8211019957077,48.11088766659478,49.31898767066939,48.40791951045327,0.18652533824068365,0.18667742169478815
10097.768580065074,52.411394051751074,-1.509990937816411,102.5401394292235,48.90284473170499,0.23107952821533218,1.1005508882886157,13,49.21398472001827,48.892834923789884,49.18657335519631,48.86737700880609,0.33984548601063214,-0.021423282462708592
10197.229242886171,52.411406298031366,-1.5099908607091306,102.55588893174817,48.99777784573926,0.22006268902083548,1.206195157824923,12,48.99743590215929,49.284876998028736,48.92567094841118,49.119058799482715,0.27391957437613473,-0.11016839194519597
10297.34067988235,52.411418571305035,-1.5099907790297058,102.57148615619518,49.10582167353756,0.2325986710043253,1.7290010521515686,11,48.92869940952443,49.256858317150936,49.29763759782534,49.13162815418907,0.30602718013677804,0.1253598198351258
10400.082919885766,52.411430875490026,-1.5099907022786239,102.58722527435884,49.22944975645328,0.21801527317575164,1.4374868133768528,12,48.96494417050618,49.24934162409638,49.27074549837484,49.02924353615143,0.37895526913914607,-0.145833978286068
10499.177889193576,52.41144321245651,-1.5099906244798387,102.60214695042762,49.360617451670066,0.22040409043006548,1.1603353004275718,13,48.91651564074457,49.35457311063754,49.41027185280695,49.13234169809746,0.38305872439311117,0.02388817254313066
10598.457342790525,52.4114555851219,-1.5099905466603616,102.61684016728302,49.503448083310786,0.21982661404604187,1.6050427058527093,9,49.755146747220365,49.67289450230005,49.857309630022776,49.481247231215384,0.45723423829594195,-0.005774763840148169
10700.22095482226,52.41146799722497,-1.5099904579184888,102.63163333791076,49.661346314377994,0.2498836402612028,1.136391768342524,12,49.812125380194416,49.241136912141336,49.481151201430784,49.57660903247681,0.36829914635632927,0.30057026215202404
10798.390696976987,52.41148045006182,-1.509990369698456,102.64564583334527,49.82431530286308,0.24760167282198609,0.8904170913982978,10,49.89469798342041,49.4825007092713,50.053355036886515,49.70384607451247,0.4017763987417538,-0.022819674392198716
10900.50709608296,52.411492947924174,-1.5099902775122482,102.65995109728392,50.004503441371554,0.257801026998834,0.8700588056908201,12,49.92909094459225,50.10370821844586,49.859049575570204,50.08056116598575,0.5658790695177551,0.10199354176817607
11001.298295492894,52.411505492817476,-1.5099901955187975,102.67379872819092,50.192567213970904,0.22843742307890125,1.4185669725307704,11,50.50671206736176,50.04567945772018,50.310623181911765,50.39214560177095,0.47368646549672366,-0.29363603919942316
11100.71788105075,52.41151808644828,-1.5099901155491096,102.6871918143391,50.38754523467277,0.22193696006058872,1.606658730538866,11,50.13264928694972,50.56677963489057,50.37006782333372,50.1259565478317,0.4953149191781808,-0.06500463018265631
11197.839057075058,52.41153072980455,-1.5099900217426456,102.70001881801413,50.586637071426615,0.2593132962373943,0.8987493254786239,11,50.745890458439646,50.87375362814162,50.583299185126585,50.97538995295498,0.557651788850013,0.3737633617677955
11301.804795514401,52.41154342861143,-1.509989913380573,102.71346753405854,50.80866547641864,0.2982413272908957,1.5223858087573454,9,51.37876906290816,50.61449533456129,51.305381980605574,50.79854047119108,0.6219586862421168,0.3892803105348706
11400.323562376481,52.4115561819709,-1.5099897974058742,102.72594102228177,51.02702732934648,0.3178275635439718,0.8297478073321225,9,51.074821808456925,50.93070126481819,50.870513999732395,51.07308275870399,0.6193456499690897,0.19586236253103165
11501.66605864835,52.41156899336875,-1.5099896865659166,102.73849595198662,51.25916788548512,0.3023800696572607,1.6368879193986738,8,51.49099797950601,50.997660414127964,51.60780849117955,51.194867498609746,0.7026285234981832,-0.1544749388670378
11601.951439360688,52.41158186393903,-1.5099895837028519,102.75064306000722,51.495815126303036,0.2793287191250897,1.0625445672321359,13,51.47104888700023,51.0905667133984,51.35486187257185,51.21967181928426,0.6354657488533278,-0.2305135053220774
11699.22352260014,52.411594793407836,-1.5099894891037773,102.76216090169184,51.73137163137637,0.25571763714378903,1.4131273675240918,12,51.949715976966246,51.50424392992905,51.7483004884866,51.692324170339525,0.5240786957003163,-0.2361108198127331
11801.566632101622,52.411607786280186,-1.5099893999352934,102.77399703390137,51.984989776112876,0.2398617709640689,0.8060584971513829,13,52.17309517480073,51.835969585117056,52.257129146811906,52.342176244903406,0.6905562918544227,-0.15855866179710074
11898.582092524643,52.411620840450524,-1.50998930640064,102.78494877995793,52.23028663236091,0.2504251034345657,1.0755286919557117,10,52.23668089410863,51.99172462214478,52.24030340017197,52.23473619457095,0.6759957484377184,0.10563332470481261
12001.173694590807,52.41163396060159,-1.5099892201148821,102.79624482784321,52.494199325379874,0.22985571862733423,1.107755050175784,13,52.78574954560656,53.02155472064863,52.56372530687565,52.36742499416182,0.6868646980228812,-0.20569384807223348
12096.75730434909,52.41164714312794,-1.5099891445286708,102.80650443675198,52.74366326794225,0.2004008319023569,1.1406985376240062,13,52.87097606785256,52.75017606575848,52.74714951724349,52.737750644943304,0.6836710111254386,-0.29454886725000606
12201.355070227792,52.41166039472589,-1.5099890814175598,102.81743774232687,53.01992017646043,0.16645379954479722,1.7033803832778616,10,52.787958408244734,53.790787145530985,53.037178011240165,53.15539807597204,0.6886806962992171,-0.33947032357559914
12300.052210960645,52.41167371210607,-1.509989025935923,102.8274716410184,53.28306341359924,0.1456085555718687,1.6287344326973243,11,53.40706903198926,52.98922408408744,53.484374855505756,53.17507513801862,0.768019941362771,-0.20845243972898328
12396.643432684006,52.41168709430365,-1.509988992977895,102.83702477834119,53.54228646720703,0.08607773218227521,1.5282760892759715,10,53.72017042712191,53.34175379509778,53.72486563356035,53.75775001890365,0.8269880008410915,-0.5953082338962942
12500.667946202362,52.41170054658205,-1.5099889765013514,102.84701703722818,53.82263470239876,0.04280825714522507,1.1827477431002804,12,53.42887459755509,53.72103430706883,53.69924676942745,53.89850631672121,0.8368559316985812,-0.4326947503701254
12598.935058948955,52.41171406516847,-1.509988970806265,102.8561733054813,54.08792011551077,0.01472401915299315,1.509186149823805,8,54.01566669307607,54.63228635061803,54.26792354814555,54.12903074606952,0.7132025189147672,-0.2808423799228015
12704.235454764046,52.41172765474252,-1.5099889689010784,102.86567877500883,54.37194034889012,0.004899920810942149,1.761053666919693,11,54.35402171175682,54.54464289289687,54.461770776601526,54.270193943672744,0.7288916851412927,-0.09824098342035244
12800.395047971497,52.41174130891608,-1.5099889487986409,102.87408155850359,54.630425054264386,0.05145653585850596,0.8565855675322084,11,54.445119263447275,54.21494666603537,54.792713945803506,54.61820190692679,0.7252465922702869,0.46556615047573596
12904.605974530701,52.41175503268213,-1.5099889197980418,102.88288781035065,54.90888848420166,0.07385685090781635,1.5736538907366255,10,55.209838977198224,55.10910284055273,55.0434396167402,54.91888183364388,0.7764488298820232,0.22400315049312447
13001.458047464272,52.41176882058096,-1.5099888882306596,102.89079153332133,55.1654921866405,0.0800198182045051,0.8967284903794629,13,55.389128658567785,55.42726872820531,55.30174517794495,55.280588059925044,0.7646273705599375,0.061629672967052275
13098.273817461868,52.41178267191897,-1.5099888746496615,102.89842128278757,55.419268677911525,0.034268671379777516,1.799589782555468,10,55.689362951890075,55.79656774961078,55.33053264125412,55.53218386162863,0.7501261604455204,-0.4575114682476661
13200.61126302302,52.41179658939777,-1.5099888669140957,102.90619080506852,55.68389155790057,0.019426244951546323,1.1833491764896757,13,55.76026690285043,55.98569617532202,55.526183010847916,55.82055101475375,0.8208231142012552,-0.1484242642823883
13300.48635522768,52.41181057036116,-1.5099888518339781,102.91347992553995,55.93790255209481,0.03769857455546344,1.1837859194394054,13,56.05726775616378,56.12939045738505,56.095624835177574,55.97439247452326,0.703542362572496,0.18272329603957485
13401.728329756419,52.41182461443821,-1.5099888219741366,102.92057218955196,56.19045571462669,0.07431071003298939,1.3712062856252545,13,56.04073766996336,56.2642254491928,56.22845647747423,56.4096261648022,0.6951806020804415,0.36612135477500335
13496.878137105572,52.41183871657542,-1.5099888189592274,102.92696481818689,56.42270786372235,0.007472168747028718,1.7636537951502003,9,56.467217058831636,56.167624759501294,56.732679028290605,56.22912246534416,0.6428382459024496,-0.6683854128593019
13599.49620609675,52.41185287977312,-1.5099888000723178,102.93356217963385,56.66702941919032,0.04660761172755201,1.1390954945798764,11,56.52638143204142,56.08573574404977,56.87556323445787,56.54500707913998,0.6074787164257561,0.3913544298048372
13698.843759482705,52.41186710042073,-1.5099887831591239,102.93965498099095,56.89688292798681,0.041568421827321345,1.0486312397747297,10,57.30264967815288,56.86638595489807,57.26619143305524,57.02928780304267,0.6111165596377899,-0.05039189900219318
13800.473991260827,52.4118813779817,-1.5099887554537363,102.94558755423722,57.12461858570119,0.06782149636603663,1.6070219998920723,10,56.93883736742186,56.99095213248728,57.05236230166298,57.04527088359715,0.5901580837760753,0.2625307453871132
13900.401560938015,52.41189570954796,-1.5099887343786211,102.95112410381488,57.3406769958921,0.051396499894224235,0.966561430346382,10,58.050303271005404,57.769508953736874,57.29364744540052,57.44424147225981,0.6646587804363927,-0.16424996471811057
14000.65568948054,52.41191009319778,-1.5099887139224444,102.95638261731055,57.54906212199814,0.04970643508835337,1.600100588969123,13,57.84145857004323,57.77593790878051,57.57371763094301,57.714575359351166,0.4896913510521011,-0.016900648058532246
14101.34897037398,52.41192452692059,-1.5099887076966663,102.96136506888956,57.74938470176667,0.015075531725130986,1.740427324202412,11,57.58419452721479,58.15637716098339,57.57974371533588,57.97091584071449,0.5384057441038022,-0.34630903363197807
14199.65188691749,52.41193900723268,-1.5099887003903956,102.96593959812263,57.93578934799905,0.017634988626753056,1.604633201545965,8,58.28267224865418,58.07252793158514,58.11065625586848,57.862880615515635,0.4535007383552902,0.025594569016024887
14301.560279430132,52.41195353332548,-1.509988674624301,102.97037933181095,58.11898938444091,0.06199504428724367,1.2397394336132892,12,57.98857517704836,57.9620627258754,58.61570670692949,58.21174742467456,0.505619416520229,0.44360055660466075
14399.2334837371,52.41196810078378,-1.5099886330868966,102.97434504426901,58.28454710987648,0.09965807524588399,1.464592899595345,10,58.66240354709857,58.211863312622725,58.46065459670381,58.43953879303667,0.4678087485456598,0.3766303095863156
14499.181363032105,52.41198270792874,-1.5099885814951886,102.97810936872703,58.443381080313685,0.12344436071538212,1.7427057661792822,10,59.158874384444296,58.07444497206461,58.75242227510657,58.64603799322237,0.3866781823053427,0.23786285469495622
14600.687078373117,52.41199735256385,-1.5099885394672423,102.98162787422852,58.593333412890814,0.10030360259315785,1.0938152189054269,12,58.69273874531052,58.46802522141104,58.47610956676846,58.3497931215208,0.4458732826291974,-0.23140758122211313
14700.3925506322,52.41201203113805,-1.509988500269518,102.98478489724161,58.72911199850311,0.09333272806770765,1.2012794039943968,9,58.91455524090643,59.14695939569477,58.954707626888585,59.11509079063654,0.36115370809890324,-0.06970874525411605
14798.034448006136,52.4120267401065,-1.5099884680903737,102.98758900996337,58.85069400766427,0.07646265554444653,1.7199736550866396,11,58.88381858746841,58.288918819690046,58.940586669878826,58.37930004549332,0.32315488584820057,-0.16870072523261817
14904.463110486893,52.41204147890071,-1.5099884316778702,102.99032102152705,58.97004158389264,0.08634667428714238,1.6249926038601146,10,58.871781752757215,58.852890278640345,58.62339671144882,58.94019597161425,0.26147502016109386,0.0988401874269766
14998.0572148681,52.41205624101072,-1.5099883832943175,102.99244367518294,59.06337920265698,0.11455290349164216,0.8795532892576853,10,59.05623213432584,58.76545665908273,59.027299709816674,58.97610983520274,0.26153452252176035,0.28206229204500516
15096.95533425226,52.412071024774264,-1.5099883491862778,102.9944017815552,59.14995566564946,0.08063597225242347,1.0140948392210043,11,58.46122742359903,59.0422506647068,58.996805689358574,59.01444816269575,0.19246971572246532,-0.3391693123923346
15202.267405981553,52.41208582812429,-1.5099883215496308,102.99616489282023,59.228301081494365,0.06525030014239519,1.205561672651768,9,60.09106337685111,59.17980949900332,59.600358453798094,59.14435928198243,0.22189876522408336,-0.15385672110066614
15301.056373468904,52.41210064654156,-1.5099882825789275,102.9975167443506,59.28862306072901,0.09191648633537852,1.281840799247129,8,58.90095452528297,59.206606795877136,58.734826649072566,59.30869813874555,0.15009332084046786,0.26666186193008035
15400.78692152031,52.41211547689312,-1.5099882301458163,102.99858475167069,59.33643392150253,0.12356938050504596,1.5193867579061213,12,59.11623165405362,59.472519309982815,59.18554200269318,59.532313938452674,0.07825912786876398,0.31652894169684914
15498.738986733997,52.41213031577046,-1.5099881924329237,102.99934340195482,59.370478947301216,0.08882716736798102,1.214582670991191,12,59.731735461996394,59.66940188959704,59.4328946293267,59.73400722080361,0.10364840763091376,-0.34742213137098843
15597.203420643456,52.41214515995797,-1.5099881556687185,102.99981598572458,59.391721389107055,0.08656170043485645,1.4496331887698697,12,59.287389338871435,58.33432306306777,59.18312673988054,58.80907625042158,0.042087740067871575,-0.02265466933128343
15699.561378567807,52.41216000618595,-1.509988103812857,102.99999894112389,59.39995235064208,0.12207828849551561,1.6188154927821987,10,60.40670795944203,60.05193563990892,59.70320014827387,59.60393133117533,0.1156412201278876,0.35516588060698256
15799.908647040518,52.41217485097753,-1.5099880369602472,102.99987319160232,59.39429458686948,0.1573984792388501,1.6675787531358748,11,59.85496000866501,59.493138694211524,59.65874390895526,59.270449614990426,-0.07014704489982657,0.35320190743325797
15900.02484198051,52.41218969098391,-1.5099879746013003,102.99944670228523,59.37511996639478,0.14686594169546652,1.2159215833176917,13,58.88182230032321,59.768401716815035,59.493655915850766,59.317382846396725,-0.07224854811783418,-0.10532537543389849
16000.187255969462,52.412204522804906,-1.50998789913724,102.9987191682633,59.34246094482481,0.17782862059209492,0.8792975647720592,13,58.82248372657468,59.29401461147984,59.21598378527884,59.71543085743179,-0.08731950911046168,0.3096267889661027
16102.48162522633,52.41221934282491,-1.5099878192345957,102.9976656317869,59.29528003088884,0.18843785749766084,1.672228682549171,8,59.219880234864,59.3221761894292,59.067325035791484,59.24491376205563,-0.1718210992843428,0.10609236905599385
16197.804613953871,52.41223414876156,-1.5099877510587243,102.99640155144591,59.23884544119992,0.16093519506841858,1.0965031154424179,8,59.203267706313376,59.38953837692567,59.343693749806235,59.32667051872511,-0.13168714438367193,-0.2750266242923571
16296.183982357534,52.41224893698251,-1.509987662461294,102.99481144217575,59.168126258618244,0.20939225907630998,0.8221332387575002,8,58.92744397604442,59.121966198838784,59.27208322478053,59.38352297435741,-0.23068363553908713,0.48457064007878475
16399.239792995897,52.412263703348486,-1.509987578969719,102.99283490545004,59.080640774414306,0.19761716538533847,0.9662809577451361,12,59.438781451450495,59.37516980336021,59.172840163027566,59.143600002407524,-0.1944316969094672,-0.1177509369097698
16496.667881642858,52.412278445944956,-1.5099874970501606,102.99067401138703,58.98552628521601,0.19420898691379307,1.4640683570658928,11,59.08930218256561,59.1310587553342,58.964889820694076,59.24239528219093,-0.30323962470966515,-0.03408178471541844
16594.526010808706,52.41229316172294,-1.5099874343743565,102.98821781784386,58.87808529784298,0.14885830536906042,1.74666683694881,12,58.53858020505409,58.66572941403341,59.00894582217981,58.95962879494819,-0.3152975756795742,-0.45350681544737714
16703.045124221335,52.41230784432153,-1.5099873778320045,102.98515943334624,58.74529778551973,0.13459455978340884,1.6001825319160785,12,58.580183567317945,58.57857959652676,58.6616503566171,58.70440606082839,-0.2907421508719754,-0.1426374558566494
16800.356018182716,52.41232249419908,-1.5099873300126812,102.98211796432469,58.61433486481574,0.11408438851771052,1.3419907736410104,13,58.88266250953948,58.561569749714074,58.725010996004336,58.921256963408446,-0.41666961815086734,-0.2051017126567991
16898.746389189753,52.412337108226204,-1.5099873036405274,102.97875565428588,58.47081639590054,0.063071459290029,1.7173756723599316,10,58.48566657192634,58.45420930887028,58.58241926178037,58.53629004400543,-0.35029057349554776,-0.5101292922770521
16999.21782206608,52.412351682830675,-1.509987272142579,102.97502465605294,58.31310145553681,0.07553401963770057,1.1411371952970506,10,58.19803931379227,58.08194904794358,58.27349487658336,58.276246918135605,-0.48438742498557397,0.12462560347680918
17103.486953894244,52.412366213657606,-1.5099872492664324,102.97083508265312,58.137923506025274,0.055023697610693034,0.8622817803928475,9,58.4545858208469,57.79903336853459,57.935547073424345,58.03888044907522,-0.5183683666272826,-0.20510322026995723
17202.260036105497,52.41238070040679,-1.5099872154578973,102.96656843546482,57.96160018149789,0.08156662260171288,1.7865581507830797,8,57.68597188387704,57.740611436795234,57.82121398319604,57.7286620594357,-0.5268409912839964,0.2654292499103987
17301.79559262224,52.41239514030673,-1.5099871853078997,102.9619760736847,57.774144254661586,0.07297602849860141,0.9208199445590926,11,57.95850775091368,58.36277912897069,57.88921286150038,58.00896787092491,-0.5963097557790004,-0.0859059410316098
17400.661731240896,52.41240953134426,-1.5099871419258204,102.95712409987651,57.57869605875214,0.10535984634259421,1.6425934150836545,12,57.395515053633005,58.25635072096806,57.68717062748746,57.917902987881696,-0.4646166601741601,0.32383817844023205
17497.873902212763,52.41242387221718,-1.5099870980515662,102.95207146446575,57.37798985982898,0.10692789518191148,0.8364093612981898,11,57.886416304367835,57.82880972651204,57.5991797971611,57.724011933832045,-0.5941334931971447,0.015680488393072473
17599.74923839722,52.41243815838442,-1.5099870565579285,102.94647709922134,57.159101972444674,0.10151323923929567,0.8273653383200222,9,57.09511422714834,57.5288865155104,57.139449701867285,57.12364098897705,-0.6585172188180531,-0.054146559426031304
17698.108823750532,52.41245238978894,-1.5099870175627723,102.94078563856404,56.939985962665325,0.09576787684062538,1.287671726390165,10,56.432153784424415,56.85414912447802,56.773861322658256,57.20936601415104,-0.6659603325158722,-0.05745362398674047
17804.05908836984,52.412466560226704,-1.5099869885830446,102.93433668001518,56.69602228873528,0.0714773051361135,0.9110211956683943,13,57.008061406201904,56.37534656516638,56.43199928764809,56.406397085642304,-0.6237662870969111,-0.24290571704490857
17897.907283228156,52.41248067507316,-1.5099869654756781,102.92834922172493,56.47358530479513,0.05721784688967091,1.0824449938256868,12,56.81557856839825,56.447515964249355,56.51106385389012,56.354627013370425,-0.6226774269545069,-0.1425945824649714
17997.387035389824,52.41249472949801,-1.509986932977587,102.921720894207,56.231865947229736,0.08081683678011586,1.494898914885208,10,56.67365668889673,56.17686189489195,56.752896745271485,56.144494713069534,-0.7530277284876808,0.23598989890463207
18096.734152006367,52.412508722202475,-1.5099868912837753,102.91481284430915,55.98495901689582,0.1041422175766229,0.9345180914195801,12,55.57540145314199,56.26008052035422,55.80981119405931,55.7066922103141,-0.6227705917791218,0.23325380796543763
18201.604258739764,52.412522648442,-1.509986851294702,102.90720865061809,55.719025547995194,0.10036086544153022,1.7046532505913987,11,55.134602501874014,55.42350259060514,55.786178820765706,56.046981894048535,-0.6820127686486905,-0.03781352135098641
18296.66492643834,52.412536513407765,-1.5099868124939155,102.9000394589479,55.47386431463468,0.09780896527018967,1.505844712476562,11,55.44688125270799,55.24431243015736,55.30723528065379,55.491840159836144,-0.7613310253739135,-0.025519001713880232
18401.217714583603,52.412550310037645,-1.5099867893681953,102.89185180658924,55.200400193751555,0.05858405970752756,0.8496577835965956,9,55.38114140251246,56.04667710265301,55.49542622140685,55.51461903040142,-0.7489968152895449,-0.3922490556262798
18500.57294597592,52.41256404095702,-1.5099867719480107,102.88377823469573,54.937479795987606,0.04434150356013333,1.0218926948726965,11,54.64586952783168,55.27235443713747,54.92986860243507,55.26735502680814,-0.7413794523382241,-0.1424255614739589
18599.58841540345,52.41257770581451,-1.5099867605847859,102.8754490606284,54.673156511282166,0.029063894518003508,1.2574014295225742,8,54.925872806101076,55.000932254358354,55.11429731888554,55.09926144929198,-0.7953958714808019,-0.15277609042121615
18704.987980371505,52.41259129990063,-1.5099867640677636,102.86627311779846,54.38999361636614,359.9910451562878,1.1438167259499479,8,54.1980918724733,54.574436686926305,54.46974608572418,54.693543362623416,-0.7849271417903245,-0.3801873823025158
18798.905480223395,52.41260483068849,-1.5099867542929528,102.85782848446374,54.13674157354008,0.02524890792756196,1.2504581140119115,8,54.18622328801079,54.549192708818495,54.07289658607502,54.26308136441311,-0.6463158565730941,0.3420375163981347
18900.993453908268,52.41261829259227,-1.5099867468098094,102.84836330363962,53.86113397272029,0.01942830590127187,1.425748401434357,13,53.730988330288206,53.82981106533286,53.83243342056497,53.481289403678325,-0.7908892969192831,-0.058206020263147105
18997.528771477067,52.41263168943857,-1.50998674072684,102.83913985309404,53.6008377063431,0.01586976196364276,0.8149051367304215,13,52.83004271055182,53.692950351197695,53.18140021495271,53.526282332410865,-0.7200119413624922,-0.035585439376257334
19098.40314407853,52.4126450185512,-1.5099867261828834,102.82921915735282,53.32984476577116,0.038136306443050216,1.3818236891404716,8,53.69552768144816,53.31174968795155,53.30556409065945,53.397051547900574,-0.7847285310410151,0.22266544479407788
19201.508242866566,52.41265827887902,-1.509986721725547,102.81878157556284,53.05462574867999,0.011748394114363236,1.4984816932046452,8,53.206643500337975,53.28963805553133,53.24859480318874,53.32721405271861,-0.784606405654698,-0.26387912328683416
19298.45591871206,52.412671475095046,-1.5099867099089923,102.80869396020006,52.79812097250337,0.03129671626987829,1.7224629742942636,12,52.8543615259793,52.550399406274295,52.695415914630104,52.70042263632949,-0.7121680094400488,0.19548322155525066
19399.931136726053,52.41268460496508,-1.5099867225300496,102.79785249726666,52.53267155156093,359.96640360918997,1.3852357099232344,11,52.48037138587071,52.29105514923428,52.595671529205234,52.48009232971525,-0.7217352511727098,-0.6489310707993525
19501.376816848835,52.41269766944944,-1.509986741267835,102.786726217236,52.27107422519036,359.9498716701608,1.0805536248345564,8,51.763364701421494,52.525973983329614,52.11542734152346,52.495013362368184,-0.755138213472378,-0.16531939029124773
19600.16304671553,52.412710671313754,-1.509986781354884,102.77561600148638,52.02060311065747,359.89224056477985,1.1835452962158377,8,52.04675556519627,51.88865446527994,52.03557817235829,51.73237969908058,-0.661695109462852,-0.576311053809793
19699.16961776773,52.41272361165991,-1.5099868081641286,102.76420923611826,51.7744180518978,359.92759045532154,1.5419450942575936,9,51.508086219817045,52.0308493668485,51.63303757446083,51.73488692194877,-0.6793657121745013,0.353498905416764
19800.107322915836,52.41273649068425,-1.5099868270282872,102.75230105523066,51.52904851458511,359.94880686557326,1.622562288892942,13,52.33026439280551,51.88382931589481,51.729616149669376,51.63942749341768,-0.668107821366367,0.21216410251706458
19895.769773804575,52.41274931303151,-1.5099868525522604,102.74075639158781,51.30230047880579,359.9304274549407,1.3895142430407994,11,51.5556224950554,51.591361184728235,51.12003065623074,51.51596195077978,-0.6994810948379021,-0.18379410632522533
19999.440979570954,52.41276207570685,-1.5099868779011454,102.72796206658955,51.06355257287747,359.9305816498182,1.4360551582150147,13,51.7380482449934,50.845029914826654,51.03285246893283,51.100408764624646,-25.118589530150334,0.0015419487746994025
20102.125420832283,52.41277037824725,-1.5099865519802802,102.71500049794565,33.22802003208716,1.371751797987315,1.480116119131259,9,32.991935476893296,34.04473062652649,32.98456780047011,34.09121667242053,-24.95421016549933,14.411701481691123
20203.504028845353,52.412778661615896,-1.5099858827119768,102.70192292305595,33.18202001995464,2.821625305927853,1.611541571825769,11,32.39295983818785,33.55780599353128,32.55830664866674,33.70720506070224,-0.14619046334074953,14.498735079405368
20301.391093449092,52.412786921115895,-1.5099848694131743,102.6890322232876,33.13870336147409,4.279887170999814,1.1798061684238128,12,32.31363657692242,33.59223656805055,32.462004646928335,33.5538893308185,-0.06827495879613407,14.582618650720033
20400.307321668035,52.41279515148,-1.5099835116232951,102.67574426253684,33.09604532281988,5.746602902261316,1.6914823666931755,11,32.150344716813215,33.605963446142965,32.33633914400293,33.858673087682405,-0.1359954919601642,14.667157312614725
20500.335276488233,52.412803347383125,-1.509981809090021,102.66204072835407,33.054063644824005,7.221836752648471,1.6783361268638504,12,32.19845379745792,33.902287260347656,32.340593913923016,33.81290638463765,-0.11144829382022202,14.752338503871698
20598.46813985074,52.41281150375836,-1.5099797617588988,102.64833797832407,33.014022935290015,8.705389903246157,1.027076441193675,10,32.17453015904335,33.35168250655329,32.30970914059907,33.45726526683261,-0.08546953065605671,14.835531505976812
20701.9245983403,52.41281961476614,-1.5099773698850778,102.63361573332452,32.97305581253964,10.197665516606321,0.9242822281941859,11,32.58326303462531,33.313414868735315,32.46693508488628,33.566689821827644,-0.08007234254615334,14.922756133601395
20801.805651718467,52.41282767540289,-1.5099746338022955,102.61913482895409,32.934733781030715,11.698307517239073,1.7150197023378122,11,32.683515617512676,33.8056239808849,32.41101680145513,33.541078521443204,-0.09935207321563033,15.00642000632799
20898.924181686096,52.41283568051978,-1.5099715541339456,102.60480387799949,32.898644406822804,13.207025818977911,1.2568419157699573,10,32.2897638505546,33.605492985884,32.41042533158992,33.454600947138566,-0.11740835472494884,15.087183017388435
20996.90065779129,52.41284362459021,-1.5099681318461078,102.59009738281254,32.863421852006745,14.723826101384418,0.857216489904344,12,32.02323298138822,33.77183805662923,31.985086797104593,33.746545094105564,-0.13707567296328427,15.16800282406479
21100.870505844025,52.412851501624274,-1.5099643682570107,102.5742193900485,32.8273620633382,16.249122853236486,1.207475770402986,8,31.86661596429571,33.33837416340397,32.09872905595929,33.25635033615412,-0.12292218583943329,15.252967518520894
21202.519807379096,52.41285930632223,-1.5099602646868633,102.55842675541201,32.79343318024781,17.782639125411038,1.7925090585232595,12,31.689120863702236,33.69466135261795,31.866898139451298,33.60935795986428,-0.12167664645392604,15.335162721745592
21299.104203296145,52.4128670335552,-1.5099558226806313,102.5431760792895,32.76242250502787,19.323878360387425,1.1287861632981198,8,32.67418255756867,33.518257100351285,32.432527998910345,33.66623217210397,-0.1453013562085868,15.41239234976378
21400.532413558445,52.41287467740315,-1.5099510443822164,102.52690520621348,32.73115724603019,20.87312939252297,0.9283658087421746,9,32.08883631489316,33.57417799844367,32.07540185472615,33.428440001050646,0.00043349960925148645,15.492510321355514
21500.825160322856,52.412882232389364,-1.5099459319813167,102.51056086649972,32.701564551643756,22.430196180505106,1.1414540001857785,8,32.06098046008282,33.248975228908066,31.86648312474185,33.51869375922184,-0.05447072911424139,15.570667879821233
21601.977545690155,52.4128896928868,-1.5099404880225267,102.49382065743349,32.67306241946926,23.995031385639265,1.384225227591879,12,31.616831444937347,33.03152269497028,31.88214400326923,33.24776497505913,-0.08385490468283045,15.648352051341377
21701.02766545807,52.41289705345993,-1.5099347152339113,102.47718108984674,32.64647199987629,25.567355428286817,0.9681572588130364,9,32.05370638507222,33.64003318311312,32.065569290943834,33.46400186396662,-0.007220740536468734,15.72324042647584
21798.143590336753,52.4129043086542,-1.509928616666686,102.4606304798656,32.6216784686688,27.146902160812886,0.9823151527315653,13,31.253467989329717,33.480337624631304,31.392166663316136,33.221430633051156,-0.0912051842220696,15.795467325260333
21901.69380779612,52.412911452542545,-1.509922195954832,102.44272772309574,32.59664641230642,28.734012380345064,1.341731012094038,10,31.463085345903732,33.37725122452192,31.716942285556094,33.53683463073068,-0.09388574619724897,15.871102195321825
21999.403128511374,52.412918479901535,-1.5099154565464536,102.42559458499962,32.57436463393029,30.328122681365983,0.8710116707912782,13,31.62640569223076,33.30775191818734,31.732852545868536,33.4311606239365,0.021631345672578697,15.941103010209305
22100.058282951475,52.41292538506526,-1.5099084025496914,102.4077027679769,32.55277907776616,31.92929875737974,1.2573531434963725,8,31.464257051186603,33.39942518500251,31.559934871459497,33.27405118052096,-0.0524218033845492,16.011760760137616
22201.778061768455,52.41293216250141,-1.5099010382686884,102.38937389955073,32.53238445179707,33.537458981247994,1.1771774619410473,8,31.92799993166733,33.12738107185804,31.8908820355043,33.08780717097876,-0.03138633218838749,16.081602238682493
22296.32147827332,52.412938807068095,-1.5098933680464381,102.37211642121004,32.514715319271474,35.15196400223158,1.7924308393924626,12,32.03856455565362,33.18576515786595,31.652921136220158,33.39233438362054,-0.044325539139390684,16.14505020983563
22401.727191204125,52.41294531293515,-1.5098853971593331,102.35262629522252,32.49648546981728,36.77336985749969,1.2090995438024548,12,32.114870757022665,33.519883812269754,31.703457862401667,33.17849332927022,-0.022988348164240356,16.214058552681276
22497.84681899109,52.41295167508831,-1.5098771304592036,102.33462530800564,32.48121869738925,38.40090402441467,0.9989247161302628,8,31.84615803536279,33.26753986936402,31.83934683193753,33.273847546629106,-0.029730919084768714,16.275341669149824
22598.83923403355,52.41295788807837,-1.5098685736155624,102.31547941773108,32.46657898340587,40.03470229164003,1.4005264722252226,10,31.70525163798966,33.58426125027333,31.744487839752153,33.19076611124669,-0.06727045718705446,16.33798267225371
22702.418054569145,52.412963946610965,-1.5098597324613408,102.2955979063837,32.45306175657869,41.674733005233236,1.7295503448225769,9,31.61995911203952,33.31594563084369,31.840173013952104,33.26120980244202,-0.07351341584919252,16.400307135932085
22802.403488056636,52.41296984563328,-1.5098506129556593,102.27617249197591,32.44145721274976,43.320589851862735,1.293240727761354,13,31.99265809285648,33.442342025494185,31.944726287763586,33.14270397298012,0.043226770400423095,16.458568466295162
22898.359073672553,52.412975580170624,-1.5098412214110997,102.25731600447386,32.43165841308352,44.971857486316765,1.3534952014780959,13,31.735627188585568,32.8308843347199,31.705853751276752,32.924777129978544,-0.006897036202444619,16.51267634454012
22997.940845686076,52.41298114517742,-1.5098315646242326,102.23752717864214,32.422878966616096,46.628548553726205,1.554438093012143,10,31.6401529393687,33.09126574364518,31.66723993903715,33.18595834637446,0.0075593592008750266,16.566910674094107
23096.950288926484,52.41298653578763,-1.5098216495642316,102.21763210784111,32.41555662226241,48.29043344809554,1.6614874725007724,13,31.90346955029312,33.132265035687816,31.823067591375253,33.352420775428044,-0.0048990762708915215,16.618848943693834
23198.29028019737,52.412991747199314,-1.509811483524048,102.1970436244005,32.40951742070348,49.957424729644345,1.7970654625732836,8,31.291368556304825,33.40857023587089,31.32093409430418,33.23616077625254,0.03401547011177325,16.669912815487482
23303.20563107385,52.41299677471611,-1.5098010740428334,102.1754910775059,32.404819037211766,51.6294740734665,1.755092324692725,9,31.558601668769672,33.02169482161819,31.54462625284483,33.08480418082792,0.03229129126656866,16.720493438221723
23400.370957974934,52.41300161386626,-1.5097904288576394,102.15531697029547,32.40187947847251,53.30599621220267,1.3293482741679168,13,31.31098347699924,33.036692123994484,31.64271317000424,33.046435530600405,-0.08742446238273888,16.765221387361628
23498.01196341556,52.41300626023939,-1.5097795561000464,102.13483912198204,32.40029429027543,54.98680409065872,1.2643987110887303,13,31.344101870340012,33.1158053179864,31.392583853756665,33.1204225990009,-0.0008996916520889412,16.808078784560646
23599.736187726434,52.413010709547194,-1.5097684641314404,102.11328847217156,32.40010282856282,56.671850191484566,1.117174076390052,8,31.578625479227675,33.177613783296295,31.684976437316394,33.26696317494087,0.029238111540570218,16.850461008258293
23697.32981653074,52.41301495766596,-1.5097571615887921,102.09240733730057,32.401319612780206,58.36074132570815,1.4629970115838717,8,32.05576746345479,32.85767319605797,31.774550845614357,32.978906675527575,-0.022711944647892775,16.888911342235982
23799.82140311658,52.4130190006158,-1.509745657291106,102.0702637275395,32.40407336815183,60.05343372564846,0.9527057209134195,11,31.646522998467777,33.56982835456132,31.564119327783178,33.40235191037281,0.041106096442410645,16.92692399940305
23901.397132808364,52.41302283456763,-1.5097339603294586,102.0481034212564,32.408293216729376,61.74965065383071,1.7129768262766507,9,31.4549674986154,32.84313320554248,31.461879416465383,33.10612079366048,-0.043731725659290115,16.962169281822685
23997.181748639796,52.41302645583936,-1.509722080175575,102.02701290942434,32.41363043009703,63.448966809086585,1.1935171233597948,11,31.645155436842884,33.13337024858634,31.60383238609833,33.15582052778422,0.03875972503909002,16.99316155255891
24101.74181403361,52.413029860982356,-1.5097100261754455,102.00377791876343,32.4209590421183,65.15141444767625,1.0075368066929298,13,31.894325158716526,33.698856778345295,31.627613039615078,33.434004192905455,0.020213480037184817,17.024476385896616
24203.171624788032,52.41303304665499,-1.509697808161016,101.98102917060154,32.429563810444094,66.8566459633671,1.7572875693924106,10,31.595304611151022,32.98280983693404,31.477347482448934,33.16682412678135,0.008634966805723683,17.052315156908172
24301.85931568127,52.41303600970074,-1.5096854362131713,101.95869979022508,32.43934619845269,68.56434366122795,1.6431624166476193,8,31.50739391686195,32.95219429603643,31.38913620769828,33.18355287208838,0.08942385757540358,17.07697697860888
24398.898247993828,52.41303874716051,-1.5096729206040997,101.93655744372998,32.45031768998654,70.2742310684448,1.3849304565136178,12,31.481538793509355,33.023356825536105,31.511403567009033,33.07676423693606,-0.050800579932015075,17.098874072168293
24501.88408995468,52.41304125632914,-1.5096602714088798,101.91285871695652,32.463423858025585,71.98618512628764,0.8652517922681282,13,31.237157758669085,32.67558963228053,31.403188321460014,33.09993890709711,0.06277546344122505,17.119540578428442
24598.04930129988,52.41304353458502,-1.50964749951877,101.89054631041645,32.47701670019317,73.69982808957917,1.4133810458368563,8,31.985756603794595,33.31761835783068,31.608095541568428,33.522196733600616,0.007859941851416662,17.136429632915394
24697.89029880485,52.41304557960827,-1.5096346154234486,101.8671960866768,32.49250785257827,75.41497684010812,1.6668888011849115,13,31.896385041685196,33.27193050118943,31.761810972909075,33.35715970694755,0.022592617508727837,17.15148750528927
24804.330842234027,52.41304738930158,-1.5096216294790425,101.84209747108217,32.51056302779346,77.13145152757181,0.9817689640325177,8,31.901754777626397,33.0437726841969,31.855822851796866,33.38794693241609,0.06344846585857596,17.1647468746375
24897.465519648355,52.41304896160252,-1.5096085535849733,101.81996507569126,32.52765860842801,78.84884884534358,0.9930539674360662,12,32.08680619677265,33.408871893422464,31.94672916204295,33.31619422185375,0.04802566034304455,17.173973177717638
24998.394313657005,52.41305029485673,-1.509595398250756,101.79580232477392,32.54754484902781,80.56699480247318,1.5272650877859837,13,31.613657752184363,32.97070538443923,31.673763737668178,32.93261782911999,0.15042830183914063,17.181459571295854
25099.493041234437,52.413051387551214,-1.5095821746237863,101.7714155001938,32.56887482832114,82.28562804143513,0.829783272296113,12,31.289467778643733,33.6821190261532,31.610555239404118,33.673281573819956,0.09158149959312918,17.18633238961953
25200.181397487933,52.41305223838854,-1.5095688939924565,101.74694770804763,32.591512436835025,84.00448489879028,1.0751575864110823,9,31.84694023452425,33.06891923065304,31.796426597755755,33.157760374620565,0.08319241536499365,17.188568573551226
25302.643430693184,52.413052846305106,-1.5095555675081351,101.72186710443813,32.61596767971466,85.72330100920402,0.8376775520768001,9,31.58564682767267,33.515859996022144,31.54004783766544,33.388252113309036,0.08311311487467662,17.188161104137553
25401.588257012936,52.41305321043604,-1.5095422069127338,101.6974758453942,32.64093226956463,87.44182093553707,1.6852753560777125,10,31.770406936410513,33.236319120173235,31.73640398844597,33.344053217352844,0.0481336534916502,17.185199263330876
25502.71942395509,52.41305333016716,-1.5095288234166413,101.67237391007899,32.66780771138639,89.15977763078325,1.0494953339649773,9,32.1380489476896,33.17936420429416,31.964024604576057,33.55374952987467,0.1887410253169062,17.179566952461613
25601.54394007865,52.41305320510013,-1.5095154287502957,101.64767925993934,32.69538712073219,90.87693002710517,1.0151561444322397,13,31.63643653406717,33.347667288394724,31.73168620310288,33.37882866809802,0.14843844977386494,17.17152396321922
25700.588433253066,52.413052835069614,-1.5095020343877674,101.62276818946904,32.724323134818164,92.59302522448581,1.0657207955653918,11,32.085005392429174,33.47060764930898,31.79293625351757,33.436765660760074,0.04436920823326197,17.16095197380654
25797.216961877773,52.41305222014617,-1.509488652136139,101.5983113365418,32.753792075742574,94.3078476356078,1.6443563164455064,9,32.022515252844926,33.196572089773994,31.878092982607548,33.532648637153805,0.09826639811091112,17.14822411121987
25900.294972942127,52.4130513605847,-1.5094752926503963,101.57205765663952,32.78656409124284,96.02105073197572,1.1433911293588013,10,32.10790366738759,33.66585663315913,31.934441269559247,33.69895298794859,0.06372694279822091,17.13203096367906
25998.541067326114,52.41305025692992,-1.509461968009112,101.54687914190457,32.81907123012303,97.73246047673877,1.2172854218708649,12,32.65037638953999,33.555258669997585,32.365466807706376,33.568732397493065,0.0254157983080244,17.11409744762991
26098.559780503852,52.41304890990307,-1.5094486893798325,101.52109298209461,32.85342633172471,99.44179556007032,1.2740452190855671,13,32.084731758493824,33.59277468586837,31.988248749429395,33.577063003833466,0.18353086951968173,17.09335083331605
26199.42948646715,52.41304732045194,-1.5094354679811972,101.49493331994616,32.88934887038366,101.1487858237976,1.3272444411043498,13,31.904064487182897,33.43183256512865,32.12651572076074,33.44150381235861,0.006846546266552053,17.06990263727259
26304.1810782984,52.413045489689296,-1.5094223144882741,101.46760596482164,32.92799362461655,102.85307492606535,1.0942673007211252,12,32.364014042034555,33.48025947329795,32.152950342939214,33.48206256138706,0.15393903878868373,17.04289102267775
26402.00811229602,52.413043419143584,-1.509409241114098,101.44193959124951,32.96530168594818,104.55459891471207,1.6167488510800754,12,32.02892220611651,33.8454367667895,32.13171802431748,33.556582474264204,0.12471712977574057,17.01523988646693
26502.06383172002,52.41304111038525,-1.509396258606041,101.41554576252511,33.004661240652396,106.25305504638601,1.180725173870137,10,32.123783644335646,33.627551086387314,32.16786124876482,33.72895352297132,0.0016823731345412263,16.98456131673963
26597.83776344593,52.413038565359784,-1.50938337862746,101.39014865235966,33.043460193231354,107.94835003097364,1.337101846336346,12,32.492330607971525,33.84261990923349,32.359569358388185,33.910446880251264,0.12296094338287672,16.952949845876457
26699.999290077823,52.41303578592229,-1.509370610996537,101.36291719922029,33.086042136641964,109.64003389152299,1.1351652227277436,9,32.3811293793327,33.8560561896812,32.37616307521202,33.74471739667964,0.08185312308489404,16.916838605493258
26799.560236903162,52.41303277440117,-1.5093579668323989,101.336242054149,33.12871069991764,111.32796420369056,1.6947202818746414,12,32.3670810851509,34.20843425295011,32.315133347103156,34.04586416020959,0.10080088725652038,16.879303121675537
26900.58559026169,52.41302953318796,-1.509345456432241,101.30903917822022,33.17317042842471,113.01185277126433,1.109546528148319,12,32.66718293169381,34.123322751317666,32.575593094704296,34.1156581772198,0.08413921764686927,16.838885675738023
27001.668709043253,52.41302606492051,-1.5093330901558022,101.28168703284469,33.21881056449029,114.6914660933399,1.5584650322694267,9,32.28731205206563,34.17729317437688,32.48569568944678,33.9662340952074,0.12937972213588553,16.796133220755298
27099.71913633783,52.413022372570346,-1.5093208787301169,101.25503035412744,33.26416761332355,116.36671519916035,1.2533858595201024,11,32.38456348684307,34.272549439053016,32.42450106327874,34.1897301570746,0.13866967525380783,16.75249105820454
27200.2382899248,52.41301845903925,-1.5093088317432177,101.22757728120696,33.311758624961676,118.03727212323031,1.011202041143773,12,32.61567436446584,33.886355205922406,32.62918828833386,34.0072560605523,0.16637145869719372,16.705569240699877
27301.331429172318,52.413014327496526,-1.5092969588997458,101.19984235175532,33.36071713115271,119.70289166109887,1.7998278775443435,9,32.971186653901555,33.9706589142146,32.70670207103998,33.81779700755967,0.16644644079568077,16.656195378685123
27400.815172899573,52.41300998141066,-1.509285270084405,101.17242923756983,33.40994958330601,121.36344298613,1.5346018755386401,11,32.42326768532317,34.47981610935022,32.52142142389948,34.36896010010309,0.19379577530494413,16.605513250311713
27501.615685486682,52.41300542424565,-1.5092737744433926,101.14453494663286,33.46087935151752,123.01865177255127,1.2900794047204838,12,32.924625439893546,34.35818925214243,32.705123236494316,34.1126641379969,0.18593036910587477,16.552087864212695
27594.527071109875,52.41300066023833,-1.509262482565916,101.1187207336667,33.50873755247943,124.66875559059127,1.1084166704992993,13,32.874655992655214,34.316287945147415,32.73357192627768,34.479184974579454,0.13209615603420485,16.50103818039998
27698.02969429033,52.41299569251019,-1.5092514014876628,101.08985027030764,33.5630633849746,126.3129735399121,1.553930929606965,9,33.11306079186153,34.351434948012646,33.14313104860943,34.19870463536415,0.18531327534458814,16.442179493208332
27799.689448499015,52.412990525207974,-1.5092405401898215,101.06138017625953,33.61743857553665,127.95121159324418,1.0983705889209163,11,32.87957868511104,33.90761351000942,32.96114794120968,34.06468146834423,0.12605145135967954,16.382380533320898
27897.973543975,52.412985162756556,-1.509229907694092,101.03375112707644,33.67094482905,129.58348624074017,1.7703313274012098,12,32.79888173548916,34.337120972712206,32.8658048267837,34.45261369578117,0.18028734592537707,16.322746474960073
27997.825128220487,52.41297960931858,-1.509219511887047,101.00557919052875,33.72622585411869,131.20952446570305,0.9054658509842365,8,32.9033055961221,34.32524258271976,33.03077331562044,34.21772867818248,0.20990894038976698,16.260382249628893
28094.86446615765,52.412973869566486,-1.5092093611718211,100.97810460747607,33.78081896377271,132.82933538293355,1.309803042971609,8,33.2962211078084,34.72858829700321,33.30416997911213,34.63179431735735,0.11607398539423397,16.198109172305088
28201.32205839586,52.41296794716544,-1.5091994615010975,100.94785760015024,33.84167137776896,134.44213210098502,1.0932417805966372,10,33.07818656059186,34.5853365880447,32.938375654130056,34.405636907823805,0.1958781844385057,16.127967180514645
28299.334158399222,52.41296184758887,-1.5091898216720245,100.91991509081274,33.89856194865401,136.04830822272578,1.7731843978077555,8,33.384312253237646,34.610686362332146,33.27249309636682,34.60354970074633,0.14897681779286032,16.06176121740769
28398.142795452415,52.4129555755214,-1.5091804486220577,100.89165605222144,33.95673213628288,137.6476578864644,1.1945789787895942,10,33.33035757631088,34.95569017586837,33.355752359593104,34.89469409432383,0.18226367704521312,15.993496637386247
28503.431900332704,52.41294913513495,-1.5091713480119076,100.86144787715675,34.01959506225479,139.23957208182765,1.5593187759023497,8,33.2545401104067,34.41207288487727,33.23457617941567,34.65764238417024,0.22618991309140885,15.919141953632135
28599.06248742863,52.41294253244787,-1.5091625279436065,100.83392795011882,34.077453114919074,140.82459477471537,1.5917389700421571,9,33.59411096115146,34.72443628579633,33.49225631154948,34.924810189243765,0.15007679548384686,15.850226928877104
28701.720194071568,52.41293577169538,-1.5091539934670686,100.80430099884715,34.140344782829146,142.40207992138846,1.2610995863431609,10,33.17988351604108,35.0437448171795,33.36959099050352,35.004719797627565,0.16030680538226774,15.774851466730787
28800.460174088043,52.412928858457136,-1.509145751115598,100.77572469256715,34.201576233032704,143.9721852632552,1.211238053773656,12,33.57192894360127,34.94964978870871,33.5299642263134,34.826440419226884,0.2809230079599259,15.701053418667659
28901.23731598646,52.41292179766927,-1.5091378061829581,100.74648084577235,34.26479400023308,145.5346339974862,1.245119694593849,9,33.410349272008744,34.946239105923226,33.654942614021046,35.000197399156214,0.07072076844323372,15.624487342310081
28995.894874156464,52.41291459535914,-1.5091301649486175,100.71894369876773,34.32481539640986,147.08978267462646,1.3663353331010204,12,33.51412995422401,35.17379579500069,33.55524105792319,35.19951716595924,0.28139374490445096,15.551486771402802
29099.666707767992,52.412907255643155,-1.509122831078675,100.68868115888722,34.39130512926665,148.63681487688933,1.2258244554181559,12,33.41142234924542,34.96989879644015,33.663873354582755,35.09918136845561,0.29120442309233674,15.470322022628514
29199.108254434846,52.412899784454666,-1.5091158099233035,100.65961181640742,34.45567083584582,150.17596495455342,1.2234958276105958,10,33.76906459013276,35.160666894662434,33.86928454469629,35.31319074213296,0.11400419796945267,15.39150077664112
29301.371747529538,52.41289218679841,-1.5091091055160755,100.62964954551708,34.52249993418048,151.70691021389985,1.6317238418654483,10,33.676579159595136,35.51375769132486,33.764247838706645,35.419052432033084,0.28135540227036737,15.309452593464199
29405.570019335497,52.41288446782606,-1.509102721713723,100.59905269493315,34.59122891181933,153.22940007616626,1.3784462588335715,13,33.61653923309465,35.482610692581375,33.667114029551705,35.43447318269485,0.18045932715453325,15.224898622664746
29503.04750091576,52.41287663396855,-1.5090966632464946,100.5703703940606,34.65607933027432,154.74390005633734,1.1612180905322684,10,33.96151870348764,35.551566841228315,33.78426974483781,35.47966129388211,0.14527729548354218,15.144999801710455
29602.58045986189,52.41286869040219,-1.509090933434276,100.54102737660246,34.72282409249612,156.25016927888691,1.4543284175824158,10,34.160164998615016,35.44333220522462,34.22998166264142,35.584586160815014,0.1996970978597045,15.06269222549543
29697.0433612711,52.41286064339391,-1.5090855361948983,100.51312942977097,34.786637475777475,157.74856597435848,0.9803865038055728,9,34.27336810086707,35.608094886893745,34.1039812751557,35.376631331099574,0.12515517258197617,14.983966954716172
29800.42846838729,52.41285249707416,-1.5090804735156116,100.48254407853139,34.85697369224718,159.2382860485776,1.4118343318965971,8,34.418230855698916,35.438763868193035,34.28481217758401,35.55998951842441,0.20614881223142617,14.897200742191183
29899.518980103945,52.41284425762765,-1.5090757485801323,100.45318078677697,34.92484719386946,160.71963806509984,1.2063558383591504,10,34.07560385542829,35.43830661450409,34.18906615748578,35.47736993120068,0.24559834251321624,14.813520165221982
29997.158101048066,52.41283593079718,-1.509071364002083,100.4242040446637,34.992139700079235,162.1927022414967,1.5535381354190916,12,34.03360243051347,35.266706920723514,34.01818691846669,35.62719386312656,0.2098295575309544,14.73064176396893
30100.643319170456,52.41282752113475,-1.509067321393834,100.39344824849269,35.06388027901726,163.65694441398546,1.3274662277646763,13,34.29809932153028,35.613429477552785,34.30498357778443,35.679415001421944,0.2944064910330286,14.642421724887223
30202.014648264354,52.41281903447596,-1.5090636228445902,100.36327982564771,35.13454440555449,165.1125149739088,0.922681560486267,8,34.18500592216506,35.91993463268814,34.2960012229239,35.913504900091425,0.20508371447798757,14.55570559923312
30300.659567304876,52.41281047674794,-1.5090602702398916,100.33388692589482,35.20364975894669,166.55962650163747,1.2348461051026955,11,34.53874874474711,35.771278579076736,34.54015707028212,35.825291524049476,0.15557375899151035,14.471115277286502
30401.841050344683,52.41280185297156,-1.5090572647863654,100.30370448648326,35.274853866438185,167.99804815771506,1.5495638228473876,11,34.38760425427369,36.32014225559788,34.750318673400955,36.07349861666376,0.2520456881368224,14.38421656077684
30502.69827504986,52.41279316862459,-1.5090546076520983,100.27358782729124,35.34612533267929,169.4278022559365,1.6350616511120353,8,34.730609490907206,35.5881520460035,34.67307257429692,35.614711585862445,0.16959450006020615,14.297540982213858
30599.244277013942,52.41278442984525,-1.5090523000321958,100.24473241722866,35.41459986010918,170.84926145640202,1.1540261680712591,11,34.75095785438008,35.77929184175887,34.542892415662976,36.31269532797783,0.1992360854032681,14.2145920046562
30703.910839775923,52.41277564057675,-1.5090503421314458,100.21342427058089,35.4890795892518,172.26173865166766,1.541496350591053,11,34.82586964341359,35.91083566593154,34.77177591542698,36.05432002158491,0.2130378225812575,14.124771952656415
30798.28339157742,52.41276680794679,-1.5090487349099448,100.185175155569,35.55642705139036,173.66613381225136,0.9629542261946901,10,34.96087104556031,36.078582677078074,34.93503429411416,35.90888607644139,0.24200617520134857,14.043951605836593
30899.555579510114,52.41275793601667,-1.5090474783029266,100.15484245378521,35.62887344521663,175.06188119338026,1.4038631584967276,11,34.73633424308729,36.390357460774354,34.991136965629,36.36257561974623,0.1357583911416684,13.957473811288384
30999.897594272516,52.41274903018579,-1.509046572334968,100.1247726824419,35.7008046727545,176.44909355960658,1.291758978765309,11,35.13507899046966,36.63560424669115,34.98876820513113,36.45900221354091,0.2586843501711246,13.872123662264114
31099.121743953754,52.412740095840626,-1.50904601682474,100.09502554028082,35.77205314092941,177.82790622539005,1.2902764026877922,13,35.210613415747126,36.61188644958768,35.10339745926748,36.49535999830107,0.15596632335552216,13.788126657834718
31196.997917529865,52.41273113836028,-1.509045811391216,100.06567333904029,35.842421757267395,179.19847978083817,1.2518143480500523,11,35.568671700300236,36.739306653869825,35.35290221853743,36.761601169618345,0.2776797549028222,13.70573555448045
31302.116713850828,52.412722161526766,-1.509045955295078,100.03414220954805,35.91806400382296,180.56026410243805,1.3303687129455692,10,35.566946140418274,36.636503749095944,35.33483454190293,36.524110882961416,0.16660474004870646,13.617843215998889
31403.70993432546,52.41271317100039,-1.5090464477257792,100.00366497956011,35.99120405561952,181.9136206024907,0.9610962988465037,10,35.10378126228569,36.679973301572026,35.1989051801116,36.60264845064167,0.30517486861072063,13.533565000526451
31501.00450067337,52.41270417252548,-1.5090472876908727,99.97447691847447,36.061253178762215,183.25897459909356,1.6581150358751353,12,35.226722246312164,36.64207487567383,35.25701993168731,36.69891300866123,0.14783464984776612,13.453539966029068
31600.229161753065,52.41269517066743,-1.5090484740354266,99.94471234233615,36.13266784325695,184.59624375842395,1.59862463346949,10,35.84084238608911,36.419959114171036,35.58951445353272,36.59269818559293,0.18036413191213047,13.372691593303212
31699.263025006105,52.41268617031332,-1.5090500054102436,99.91501042587625,36.20389310826073,185.92552766336053,0.9203980401368507,8,35.422171959598195,36.64186363835681,35.709164989190846,36.67287469107602,0.24594748191879776,13.2928390493658
31800.918686136592,52.412677175784054,-1.5090518803460915,99.88453088438125,36.27692052631013,187.24670963264361,1.0330735556949167,12,35.903863419241276,37.17805563282518,35.846149606409476,37.06952862278265,0.25867099266988147,13.211819692831392
31901.171025366246,52.41266819205869,-1.5090540971187625,99.85448377480515,36.34882785826743,188.56000277037344,0.8382462165252539,12,35.631873068297594,37.10742093651266,35.79227098302963,37.00966347358069,0.19425525132011381,13.132931377298418
31999.636192620626,52.412659224120645,-1.5090566538383121,99.82498652593499,36.41931698018952,189.86565252910282,0.8750036802581844,13,35.736693293273895,37.25174622496261,35.881370670961076,36.93324845228774,0.26440155057128406,13.05649758729372
32098.793529068316,52.41265027644917,-1.5090595485582465,99.79529907787422,36.490137215653334,191.16371695099645,1.6994451154958496,8,36.07834438942431,37.12038343999003,35.934646879601495,37.11073701689458,0.20191451251147385,12.980644218936318
32194.89467948609,52.412641354120446,-1.5090627790256697,99.76654582080374,36.558590993694445,192.4545431837696,0.8766746935706058,10,35.90461209195224,37.59637424717166,35.92134542133003,37.30736186719458,0.24378045373491478,12.908262327731267
32299.936146051394,52.41263246004541,-1.5090663434528757,99.73514239682989,36.63317611591291,193.73759265757712,1.3550934782547865,12,35.899959849638826,37.50851759627241,35.86799258424426,37.14306355069777,0.2052766515020803,12.83049473807517
32402.8143776864,52.412623599008285,-1.5090702392954973,99.70441400201224,36.70595457478877,195.01316922005356,1.7323750865565795,9,36.45418980371749,37.45280072848664,36.23831428483067,37.280885790929425,0.21353720747867833,12.75576562476408
32500.121941618443,52.41261477631007,-1.5090744636710032,99.67537822869932,36.774517699292275,196.2818148519534,1.4449058851676628,13,36.32144621056228,37.45686395887628,36.12256797683143,37.49270481636659,0.19371696487187953,12.686456318998559
32596.91521455022,52.41260599631719,-1.509079013924609,99.64652640494037,36.842427480218575,197.5437046052748,0.9996540049589496,8,36.51586002596698,37.512655034166656,36.42781364474634,37.58337384928324,0.09961912708509174,12.618897533214705
32698.357780848164,52.41259726246272,-1.509083887673094,99.61632432205582,36.91325994517399,198.79866835364624,1.0423997561653082,8,36.37575551762108,37.09981589724848,36.28236979789133,37.125240986662625,0.1913957865888944,12.549637483713793
32796.801658684795,52.41258857939932,-1.5090890818064084,99.58705274599761,36.981639440919615,200.04706787490682,0.8872337997884453,13,36.416946240128325,37.570878423805475,36.25192436883534,37.3925221168348,0.15677431523559307,12.483995212605441
32895.86232728613,52.41257995111591,-1.5090945934215514,99.55763817373388,37.05006320447332,201.28902403479879,1.1375281561126815,10,36.361582578075115,37.843081974862756,36.53496556936835,37.79549408502042,0.27123066940568696,12.419561598920584
33003.019494022155,52.41257138033112,-1.5091004202036524,99.5258684323785,37.12361454358603,202.52419972834787,1.1834506202378754,10,36.27347609328358,37.81384374756309,36.53624385596531,37.539533909247425,0.14697494950654982,12.351756935490458
33100.349366412534,52.412562872585774,-1.5091065580016487,99.49705935300007,37.18997419914284,203.75339322302375,1.2168749684734816,13,36.457503157440456,37.771207895433456,36.462460402916804,37.75732182130704,0.13322843509999385,12.291934946758008
33200.92685500546,52.41255443127599,-1.5091130039105416,99.46733908469335,37.25807407768891,204.97658696796293,0.8984275637652919,8,36.55559725747831,38.13497294980021,36.42999588997681,38.07785850260896,0.2195757702761638,12.231937449392062
33295.587115914976,52.41254606116509,-1.5091197539530439,99.43941650184883,37.32170295920394,206.1943078179861,1.1091600669531179,13,37.055263973314325,37.966694173246474,36.82547566559588,37.96807022128368,0.15901026530728482,12.177208500231874
33401.088318478636,52.41253776439665,-1.5091268059442016,99.40835539442742,37.39205970316511,207.406133170683,1.188025537080619,13,36.76684252753945,38.09219680261586,36.75139357586858,37.99069716348489,0.17010261887413586,12.118253526969529
33501.396591467754,52.41252954548754,-1.509134155749741,99.37888417956266,37.45837911153945,208.61255801512357,1.551176552394926,13,37.16089311795729,38.26598194852706,36.955724525164904,38.05331786035283,0.13639792928658315,12.064248444405266
33602.50588726578,52.41252140800355,-1.5091417998833652,99.34924087220088,37.524634066069375,209.8137463082719,1.2359332212161773,13,37.084921381093935,37.70290138413447,37.01189570036358,38.079133643511604,0.18755230330132658,12.011882931483939
33697.90330532974,52.412513356389496,-1.509149733968954,99.32133312155649,37.586574999347505,211.0101888193526,0.9330778834955177,8,36.87743256157624,38.21427112891337,37.12548034680979,38.18248085397072,0.17806604040231694,11.96442511080712
33797.437359412914,52.41250539363613,-1.5091579548262084,99.29228110830005,37.650585832939505,212.2018858157918,1.1553735379581813,8,37.143357636964595,38.222559217496425,37.08043137039035,38.38338370661402,0.16195189137676036,11.916969964391564
33902.553462900316,52.41249752250913,-1.509166459395175,99.2616759857233,37.71747587329529,213.38880423125886,1.445109123813912,9,37.42974683385159,37.90422438058511,37.21083031859884,38.05954840128636,0.19079091417286126,11.869184154670702
34001.290264761206,52.41248974734588,-1.5091752429207885,99.23300247261012,37.779615666984036,214.57145630630134,1.4932499452850756,8,37.01232476652737,38.69223809515521,37.12370792488108,38.30653350343757,0.12330901224661239,11.826520750425145
34099.4047258244,52.41248207165366,-1.509184301384614,99.20458375181725,37.840676435822715,215.75008596654345,1.5647362324922376,11,37.59418845483688,38.49406470742801,37.51291839917223,38.41827721163077,0.08700614424676614,11.78629660242029
34201.511484391514,52.412474498308626,-1.5091936313586969,99.17509001333578,37.9034688547811,216.9247630282356,1.1120468277161404,11,37.22468584358458,38.24399515699956,37.29940467653589,38.522379974008444,0.07441523074302134,11.746770616921554
34303.51624348897,52.41246703066996,-1.5092032287564827,99.1457116103934,37.96540596585896,218.09573287923797,1.6244949713987435,11,37.57457367953299,38.365507998691086,37.60979528780594,38.53408689638596,0.1602488034712624,11.709698510024321
34400.61409176111,52.41245967262395,-1.5092130887210502,99.1178289786508,38.023604094252555,219.2634012158171,1.1402538526571275,13,37.463664367117644,38.58424909995289,37.51467164392018,38.4907171088058,0.13690524332440523,11.676683365791684
34501.05985386194,52.41245242703029,-1.5092232075706031,99.08907251257043,38.08300558057675,220.42789059417464,0.8144555022966249,8,37.683148957625036,38.85352202622082,37.664306443951006,38.860010865711494,0.14166651460992483,11.644893783574895
34601.880240542196,52.41244529706436,-1.5092335811078315,99.06030122010178,38.14178325490701,221.58943377452147,1.0021605132876716,11,37.61827484363815,38.895832492807216,37.850246895852656,38.812611844393274,0.204370637436248,11.615431803467587
34701.492442437535,52.4124382860362,-1.509244204830945,99.03196850515563,38.199001449706465,222.74830938033165,1.169114195422346,8,37.74008259045063,38.762198509783396,37.56231442212516,38.769181347876525,0.13007628750239467,11.588756058102419
34799.71746754955,52.41243139722721,-1.5092550741497903,99.00412438828806,38.25456832246663,223.90479371457627,0.9866968864028496,11,38.073780099622226,38.85119409442116,37.872204760678066,38.85323404170118,0.2117299599387365,11.564843342446894
34900.17105761516,52.41242463350899,-1.5092661849776794,98.97574793249846,38.310495847148545,225.05908031772447,1.5256900301268035,10,37.9065491079304,39.062460172373605,37.7122841529036,39.14562497943488,0.152638792868537,11.542866031481935
34996.2323825591,52.41241799837362,-1.5092775321220304,98.94870885476061,38.363105985114224,226.21150149025857,1.7474205027031997,9,37.725434317332194,38.777153484383426,37.89949725863356,38.92824405961108,0.17355275118684393,11.524211725340146
35097.37171565132,52.412411494364775,-1.5092891118278042,98.92034531848107,38.41755424111879,227.36220991062464,0.8532513212017605,10,37.98212237142931,39.032859988554115,37.858063074624404,39.01954410436195,0.18497453523580493,11.507084203660579
35205.2024801865,52.412405123898246,-1.509300920521722,98.89022694644275,38.47451481128739,228.51137790477026,0.9181177043865613,10,38.178696649757434,39.05410961938533,37.99133102405859,38.85838777335512,0.12637495934995963,11.491679941457143
35298.774896076655,52.412398891193206,-1.5093129512350087,98.86419554206563,38.52301183056129,229.65944928416388,1.1719525837610782,11,37.898150979434966,39.21375661419888,37.81612128138099,39.17184706231188,0.08170412003327918,11.480713793935374
35396.57007478739,52.412392798807566,-1.5093251998898534,98.83709570269237,38.572752840858016,230.80661400408349,0.901746573998689,11,37.99502897404954,38.98588266181986,38.1449061454646,39.105008141007886,-0.022098629715317564,11.47164719919602
35502.700091584666,52.412386848994224,-1.5093376629801258,98.80781213521675,38.62561896560048,231.95307258205594,0.9692762196246626,10,37.87679791134536,39.24054233752533,37.97219423050606,38.968102249737484,0.043643880165557425,11.464585779725752
35603.5979797531,52.41238104505304,-1.5093503347701618,98.78009669009826,38.67478231478328,233.09912857707582,0.8647848019319584,10,38.48821978067018,39.21467590704183,38.218042371153494,39.57293793346464,0.1458751301453692,11.460559950197993
35697.37429267232,52.41237539032944,-1.509363209173127,98.75444874812591,38.71949945747173,234.24504561281924,1.0018678338077391,9,38.186080959163476,39.06180888720611,38.20849066101831,39.22291721978408,0.17709740554658815,11.459170357435331
35800.067180762846,52.4123698870153,-1.5093762825482118,98.72648784335694,38.76737055813057,235.39107055683075,1.7644049179757988,9,38.07508133364702,39.57677762284034,38.210513146498826,39.42710971238679,0.04957909651212111,11.460249440115195
35899.559584130395,52.41236453811662,-1.5093895492760927,98.69952641573967,38.81263660014334,236.5374592546517,1.455984447283434,10,38.28097053275935,39.52910224751037,38.43008244626889,39.20408199438456,0.13262756892841457,11.463886978208672
35999.38305657253,52.412359346370685,-1.5094030042119382,98.67260464740511,38.856934058899036,237.68446896902924,1.5606637823166007,12,38.403724224427364,39.71306257376494,38.52320123782623,39.66083255677979,0.10074544717114864,11.470097143775508
36098.31586700671,52.412354314555174,-1.5094166419446542,98.6460535824455,38.899712819984565,238.8323466673736,1.5998954673796402,13,38.72820069740215,39.29597695607383,38.61656385123704,39.53804530239402,0.14865264701924108,11.478776983443888
36198.33767648682,52.41234944530817,-1.509430457279456,98.6193449825556,38.941808368873005,239.98135666404835,1.0880677921422761,11,37.61764675798981,39.25471994977228,37.99869815993024,39.278507881433875,0.14691829295781353,11.490099966746941
36299.01211737001,52.41234474127161,-1.5094444448666486,98.59260159720034,38.982989806301205,241.13176398527014,1.5920867336838773,8,38.37351986499806,39.04155403425934,38.639653138305775,39.40470171895937,0.09376031053388871,11.50407321221816
36401.10558863396,52.41234020503297,-1.5094585993751233,98.5656269438821,39.02351663520426,242.28385098701972,1.1170523978731002,13,38.22633755805552,39.3713176918195,38.52385889741714,39.30915705284249,0.1157853123683278,11.520870017496126
36499.61897770416,52.41233583936427,-1.5094729146675863,98.5397399043743,39.06142750334383,243.43780804889548,1.6126825544636216,10,38.65907129925193,39.45725966826438,38.528681576720224,39.51293176072001,0.12227543743152094,11.539570618757494
36600.46321833122,52.412331646747226,-1.50948738535347,98.51338717610018,39.09900433162055,244.593931281633,1.5550550641357477,8,38.673151577928664,39.79791150505067,38.875769059945505,39.986323712007064,0.09169356674344872,11.561232327374643
36700.31082378365,52.41232762976941,-1.5095020054801411,98.48744382790744,39.13496788754354,245.75244838915933,1.4295737717225179,13,38.49317195397256,39.43140332042302,38.856383296251806,39.283243347645794,-0.02636324064492404,11.585171075263954
36799.60859462543,52.41232379095792,-1.5095167690614624,98.46179288866925,39.16949360773114,246.91358988785896,1.1893820533198682,8,38.85636170070235,39.35305803707568,38.901403377973885,39.35612041693193,0.09469887809271492,11.611414986996378
36898.69576107405,52.41232013278769,-1.5095316700568386,98.43634753623265,39.2027000711495,248.07759014137093,1.6256419163975289,12,38.67339930983428,39.74774110572723,38.608438605625345,39.594535476936926,0.04850432436356588,11.640002535118919
36998.28460742857,52.41231665767674,-1.5095467024111617,98.41092804800685,39.234807312331434,249.24470257060295,1.2986022793029621,8,38.729122798322166,39.35127586764925,38.85375127711205,39.71397407840948,0.04455630010707575,11.67112429232036
37099.25300964046,52.41231336799337,-1.5095618600628364,98.38531733956907,39.26604921118628,250.41521199280294,0.9289871485217329,11,38.3214628451871,39.941329982094345,38.43335608586262,39.8128020225479,0.07828166673706782,11.705094222000133
37199.96805047203,52.41231026611204,-1.5095771366370196,98.35993488453217,39.29588593352296,251.58934924826326,1.2207654693984669,8,38.8603470063472,39.80026289646432,38.624595408244545,39.63269902905977,0.09916678777739485,11.741372554602869
37297.13373882033,52.41230735440705,-1.5095925252796882,98.3356045857169,39.32340392287335,252.76720995878543,1.5160070050258483,13,39.01078153058531,39.70490356655219,38.72850435069589,39.97384886770085,0.004826531986428212,11.778607105222514
37398.42802682144,52.41230463506881,-1.5096080198791422,98.31040781381216,39.35075485213398,253.9491825275694,0.8807131027239866,11,38.844418998562475,39.96614216315569,38.78250802807939,39.887199051342506,0.09276183244753204,11.8197256878393
37501.962338883495,52.41230211031535,-1.509623613967045,98.28483301213043,39.37728941180369,255.13559681479842,1.018787681377989,12,38.59721601430675,39.70087143024328,38.68742233812291,39.69380317835944,0.07014871366975263,11.864142872289573
37598.36618750617,52.41229978240591,-1.5096393000168082,98.26118480052897,39.40069486200798,256.326360346661,1.7328423689759185,12,39.240385451940355,40.01587526133964,39.116699269308064,40.02120817375172,0.10239216123030062,11.907635318626113
37700.24457320716,52.41229765339321,-1.5096550716231776,98.2363693350583,39.424055394459565,257.52193966310347,1.127691635520523,10,38.901542188010275,40.212891913647,38.87837485381412,40.006974739403276,0.029560727776739695,11.955793164424971
37797.146482953955,52.41229572537003,-1.509670921280987,98.21293585287168,39.4449559193023,258.7223048517824,1.1635202479175668,12,38.72308413175687,40.09732342361746,38.7319923384159,39.98500881058076,0.048071321387898686,12.003651886789497
37902.52095088246,52.41229400030139,-1.5096868425165897,98.18764400391308,39.46621509865997,259.9280967630175,1.6665398480584717,11,38.9469973389946,39.68019402616728,38.733782185868435,39.76799139660362,0.055707050960520914,12.057919112350843
38002.70361408987,52.4122924801806,-1.5097028275746398,98.16378485283039,39.484999412835315,261.13925808146837,1.1947718121154778,11,38.69704305411756,40.21952795460884,38.966604459481594,40.05615138327867,-0.001146484146412885,12.111613184508858
38100.514365760406,52.41229116687092,-1.509718868838259,98.14066836790522,39.50198928951882,262.355854502121,1.7124986806872387,9,38.92618592346258,39.46416253958552,38.90249634156873,39.90596981279533,0.0466650429564955,12.165964206525258
38200.25217147165,52.4122900621546,-1.5097349588702946,98.11727963117723,39.51793390300694,263.5781843951188,1.4508697467673415,9,39.06737744360478,39.71281708952934,39.04619942894251,39.86644065305904,0.003726516754016175,12.223298929978476
38300.932088291345,52.41228916775883,-1.5097510900144508,98.09385992114561,39.53260945532089,264.8064926282399,1.4533522387197877,8,39.382254874183964,40.049160398363504,38.89132640723076,40.07911353080855,-0.0013041670387519272,12.28308233121115
38399.72837498184,52.4122884853208,-1.509767254317498,98.07106618316016,39.54561814323251,266.0408483636445,1.7802345801447212,13,38.97749621655216,40.19785575751858,39.0783051674298,40.054795646229074,-0.008279823121980598,12.34355735404584
38498.578665999645,52.41228801638632,-1.5097834438128452,98.04844841642998,39.55724854147748,267.2814290057994,0.8545845764459356,9,39.332481626166974,40.12474560136594,39.17919692168279,40.28188458650307,0.018813963859833773,12.405806421549412
38601.72729103627,52.41228776245905,-1.509799650569218,98.0250504992628,39.567902281664416,268.5286849822121,1.4044675617932232,13,38.919244642000926,40.19040617159834,38.881771813879766,40.11737832419202,0.024112257812528303,12.472559764127196
38698.54651868619,52.412287724886774,-1.5098158660849412,98.00327945778328,39.57652086839813,269.78236808876704,0.8025171215566796,10,39.10938380848832,40.86448519756906,39.12875584337074,40.639303681410645,0.09839536542394714,12.536831065549807
38800.83482365705,52.41228790497791,-1.5098320821642723,97.98048199397712,39.58416946984199,271.0430050402499,1.0441220984096629,10,39.09409577735038,40.27934461392578,39.05818466843585,40.594331142262625,0.04580336859617225,12.606369514827849
38902.5465387075,52.412288303934886,-1.5098482902476278,97.95802254800512,39.5902876413703,272.31071701064843,1.6665965829879652,13,39.425035752203584,39.8466716539098,39.07780224518763,40.029831653162574,0.007838433675921767,12.677119703984726
38997.610601340384,52.41228892276664,-1.5098644815640216,97.9372219438447,39.59466280975974,273.5851803405235,1.7428506482283759,12,38.8720578828554,39.97576357781563,38.824134457271825,40.0022961327549,-0.03378271235640906,12.74463329875119
39099.709537408584,52.412289762464354,-1.5098806474615525,97.91508973561973,39.59791453601765,274.86703754002065,1.7187176717090598,12,38.98535351740513,40.46821167869195,39.189729745490915,40.29727499761654,-0.04296412715038639,12.818571994972109
39200.02703882004,52.41229082387469,-1.5098967790009101,97.89355535805794,39.59964840290497,276.156297184963,1.6629025328715534,13,39.03587293853271,40.451882434046915,39.20523658839639,40.13193431674199,0.043406268494366296,12.89259644942347
39295.687024695144,52.412292107663085,-1.5099128671664843,97.87321819018672,39.59995215255236,277.4527364372889,1.2392312200821385,10,39.02304741580299,40.147331131689974,38.76310909294861,40.29745841556494,0.02249361706194927,12.964392523258676
39399.01016505918,52.41229361446572,-1.5099289027917997,97.85147052955077,39.598800019258846,278.7570560377724,1.6724570811032504,12,39.11537096045431,40.007449281673026,39.12015892894152,39.96196751238241,0.02451812381934121,13.04319600483455
39500.14353994267,52.41229534475697,-1.5099448765921861,97.83040588715834,39.5961840748787,280.0692081895238,1.0800159062629242,13,39.820748396335645,40.16462465081318,39.65470385393153,40.31375425557565,0.026915870456099812,13.121521517513806
39597.41688163433,52.412297298829586,-1.5099607792544207,97.81035456969703,39.59227989998352,281.38899844990465,1.063903104313487,9,38.80965453412724,40.61917604636153,38.98963337318352,40.29632967692855,0.08144932572504067,13.197902603808055
39702.00200440115,52.41229947690454,-1.5099766011137759,97.78902723058322,39.58656559813432,282.7171077397106,1.1514077555945081,12,39.098431381464145,40.15502043085171,39.17396084576811,40.17215237087985,0.04558683970201642,13.281092898059645
39803.33802178289,52.412301879033485,-1.5099923326083715,97.76859311904434,39.57953201146598,284.0533756149307,1.478420505963646,11,38.68454217698992,40.018332757869814,38.995284306746875,40.28757359313189,0.02297178400656038,13.36267875220119
39902.96029540854,52.412304505092436,-1.5100079640862565,97.7487279285332,39.571184164962794,285.39775073690225,1.0719283023283235,12,38.986502034268135,39.96101581291708,38.71402874249517,40.02551110290558,4.969656423695223,13.443751219715768
40004.17023179962,52.41230736703605,-1.5100250280611431,97.7287749578973,43.19249358276068,285.3733321010278,1.7497827981593563,10,43.11351051622625,43.32080835574075,43.405514351665204,43.12336454806102,4.7349166468864095,-0.24418635874471123
40099.41635667861,52.41231021975714,-1.5100420233406306,97.71021017321058,43.021050557978505,285.38514396136884,1.5318927353555707,8,43.309197133143016,43.02224858699852,43.17214749435182,42.89514814731652,-0.44419354486228985,0.11811860340985737
40202.38260955212,52.41231306417904,-1.510058943601158,97.69037434170302,42.835711302806175,285.4072953120467,1.372149697580933,13,42.64464884952301,42.88289351196089,42.814098240873186,42.989157361496815,-0.507542146642013,0.22151350677838827
40300.681268231136,52.4123158937117,-1.5100757953884345,97.67166613183335,42.658773717183955,285.38979295805393,0.8910659022206345,12,42.66209754978218,42.14968507172335,42.63121013595299,42.44874778594398,-0.37016024701798617,-0.17502353992728892
40397.53188497291,52.41231871365619,-1.51009257741693,97.6534535344301,42.48444260704877,285.400847077796,1.5640720850439573,8,42.21155999059519,42.180077275433334,42.16700959301835,42.2458869114316,-0.5295593482040553,0.11054119742107757
40498.10895408419,52.41232151722429,-1.510109289899365,97.63477317833618,42.30340388264845,285.3763431045695,0.9281364800602303,8,42.50117713869691,41.91708201698679,42.595180637293,42.19123405361743,-0.47805048523896415,-0.24503973226612197
40599.19796643622,52.41232430706668,-1.5101259312472952,97.61623882952105,42.121443660414805,285.36693585397074,1.1015881723026255,11,42.40510350813404,42.66247214121357,42.495561715603245,42.409033125316306,-0.3989893318203478,-0.09407250598640818
40696.44105916626,52.41232708642515,-1.5101425029414297,97.59863946461275,41.946406093500734,285.3732236794531,1.6175267777212057,12,41.7858684480376,42.16010486854702,41.882932877530315,41.852002977727494,-0.5241876197065882,0.06287825482202586
40799.95461669907,52.41232985728747,-1.5101589992882822,97.5801548017343,41.76008168994168,285.395141606547,0.843332174871887,12,42.013239622283564,41.818084320029456,41.823465415482765,41.715952749858836,-0.49871659253752854,0.21917927093981707
40900.06294848774,52.41233261289072,-1.5101754259432012,97.5625248291123,41.57988669272206,285.37625571500234,1.2714269561836833,10,41.55221897880078,41.3319398417976,41.24665599647649,41.41170313090203,-0.5478248727530327,-0.18885891544641167
41005.7764954731,52.41233535534518,-1.5101917776664828,97.54417293604749,41.38960230814842,285.373164342044,0.9303396961466069,13,40.89072355518602,41.353469243493606,41.32786748686303,41.53278277591846,-0.4835859520565939,-0.030913729583526707
41100.60991475066,52.41233808873424,-1.5102080609391682,97.52794330535352,41.21890215344881,285.3861143554508,1.5517458414024459,11,41.27814612968332,41.28499136911717,41.30375653698575,41.130049890274826,-0.5030860899452669,0.12950013406736902
41202.77319869329,52.41234081374158,-1.5102242698442803,97.51070805477518,41.03500824235207,285.4082086618257,1.4164651383041635,12,40.796269707248605,40.95176809143205,40.924586709705665,40.89021423115081,-0.4932414270264087,0.22094306374860628
41301.11795512791,52.412343533901854,-1.5102404057004972,97.49436240877547,40.85798768076975,285.4484179229023,1.188684278521983,12,40.84157837171971,41.141064304387974,40.74257271312726,40.94893448270798,-0.5395281211290606,0.40209261076602487
41398.627067544774,52.4123462415758,-1.510256472603729,97.47839490439478,40.68247127841941,285.44373432608563,1.5648865345004708,13,40.6827374328859,40.183872904279,40.579766967586266,40.62087676829678,-0.4498456823935524,-0.046835968166494525
41498.06108032344,52.412348946760936,-1.5102724645452708,97.46235909916234,40.503490055417814,285.4990746342969,1.6714257027963169,11,40.55424815452347,40.46888328701745,40.497081726127135,40.384853521543214,-0.5004499390056701,0.5534030821128756
41598.85381398933,52.41235163597442,-1.5102883866050718,97.44636024281043,40.32206313481921,285.4763361005653,1.7753642298580399,9,40.944640157814305,40.6777719052858,40.68280601525061,40.348832182245054,-0.5209143117929165,-0.2273853373159708
41699.33010056866,52.41235431724512,-1.5103042353781173,97.43066982059464,40.14120581897642,285.5007467586952,1.10029686822286,11,40.15603365352628,40.343045064253424,40.293263941612274,40.241029313954066,-0.5415971337519457,0.24410658130036997
41802.33260920152,52.41235699387453,-1.5103200074228886,97.4148541644723,39.95580130343726,285.5468530267956,1.1693880081064374,8,39.82488972790488,39.98700972845851,39.86730641267271,40.10663747691805,-0.4638954135546376,0.46106268100297926
41902.50190653912,52.412359667359276,-1.5103357042128223,97.39973657959894,39.77549656822959,285.60030469957314,0.8846357480180066,11,40.258876983752586,40.01487961924567,39.8425293057944,39.81571258397178,-0.47869371217070394,0.5345167277754408
41999.215773735334,52.412362328655654,-1.5103513325258415,97.38538803342334,39.6014116072764,285.5973756957926,0.9242981679771162,13,39.6964399704659,39.65013569917414,39.890225073636174,39.7408790440731,-0.4881912655006606,-0.029290037805121256
42099.50480830915,52.41236497285231,-1.5103668918696629,97.37076737526259,39.42089134504352,285.56738101669464,1.2497174983436712,10,39.74760218323055,39.26318189179526,39.393494052616305,39.3050235593459,-0.45276749030575025,-0.2999467909798225
42198.402639891836,52.412367597936026,-1.510382384221709,97.35660849341322,39.24287524819469,285.52389232652195,1.4136676113613365,10,39.428719608210436,39.67540400985729,39.22295829321393,39.28536752141638,-0.48651695394026667,-0.43488690172754335
42299.62138085846,52.412370208845644,-1.5103978055513176,97.34238506008542,39.06068151445477,285.5117924223331,1.7200237896606922,8,39.03798411766119,38.85230394957266,39.218538531584564,38.860070319782665,-0.5574387562525991,-0.12099904188813083
42400.55365124952,52.4123727990409,-1.5104131590461987,97.32847300247309,38.879003427750874,285.45935457062706,1.4724072752564519,13,38.86304140974483,38.506979929724686,38.907914979538646,38.59571072645489,-0.5519840375817259,-0.524378517060682
42498.892930184214,52.412375373803926,-1.5104284442875184,97.31518009676607,38.70199272566842,285.43698936824774,1.6059503129174872,12,38.86359578245451,38.38379866370681,38.806138922864754,38.6214157119336,-0.49618641880487885,-0.22365202379282162
42600.284081993894,52.41237792801022,-1.5104436612520376,97.3017465190454,38.519488652411,285.38504073420825,1.0451777912194669,9,38.566377821375085,38.445580681008266,38.5556608575191,38.56852173582681,-0.5082276401685261,-0.5194863403951417
42698.722598079,52.41238047204258,-1.510458807507775,97.28896951467534,38.3422993234578,285.3948099539225,1.3399674620410278,13,38.54089881466703,38.36084107448811,38.31133098521378,38.357470020778244,-0.5393215707245225,0.09769219714345066
42802.70271363639,52.412383008792574,-1.51047387750765,97.27575855320244,38.15513511545449,285.4268190581304,1.1986751810920242,10,38.59622921887122,38.28232838246954,38.606038246990835,38.077153069275745,-0.43783746444988475,0.3200910420776385
42900.45950871776,52.41238553314331,-1.5104888783251258,97.26360687976043,37.979172884308035,285.4224336194336,1.0887703639354211,11,37.675771832258654,37.4962307534506,37.85326268395054,37.692340518760005,-0.44383817536871595,-0.04385438696747152
42998.85657696567,52.41238805239166,-1.5105038061660867,97.25163969262013,37.802058161461794,285.46439627683753,1.2636932034891903,10,37.84422782311931,37.79137513345711,37.72952282832758,37.71823173801668,-0.4596726566031128,0.41962657403968107
43102.846895898736,52.41239055764609,-1.5105186607785024,97.239281482216,37.61487558738228,285.45478829810475,1.4910718466621609,11,37.424049176906834,37.820483193744224,37.713901314222284,37.79025974612869,-0.45506284593499785,-0.09607978732792044
43196.49435089087,52.412393054576036,-1.5105334475059036,97.22840785897955,37.446310168396444,285.47322392214323,1.7059157855916611,8,37.071472858148944,37.50526016628198,37.56931797024784,37.57974051957677,-0.46714124655142164,0.18435624038429507
43299.738172957055,52.4123955348527,-1.510548162781682,97.21670171630282,37.2604712886773,285.4460214043745,0.8085106499242668,13,37.27547642484638,37.171452190948884,37.264784652080245,37.24410286103221,-0.4888965009643024,-0.2720251776860914
43403.10225156571,52.412398003815454,-1.5105628040933867,97.20527913465683,37.07441594718172,285.45289210124497,1.7836546549851913,11,36.890091880584905,37.270085999565715,37.03073772960776,37.106152496271896,-0.4558293002464663,0.06870696870405947
43502.48529712456,52.41240046451456,-1.5105773731034553,97.19457803585249,36.8955264651758,285.4764188709653,1.1407219814464185,9,37.005309704663055,36.75239885685666,36.891895780179034,36.81119099029825,-0.5594804070808284,0.23526769720336413
43601.6116689056,52.412402914907716,-1.510591870933734,97.18418059002263,36.71709899596993,285.4867457515429,1.5084948217735814,12,36.56957092673677,36.647012432947214,36.667984184187034,36.80028296221085,-0.5447974655467889,0.10326880577613905
43699.92657647173,52.41240535814392,-1.5106062967724683,97.17414154968007,36.54013216235089,285.51704120805505,1.2923516138000788,11,36.45518512837807,36.63782527910974,36.608344211514506,36.608447068705296,-0.5593304585154119,0.30295456512213165
43802.074422961785,52.41240778983926,-1.5106206496789967,97.16400045783345,36.356266038668785,285.5219703974849,1.4602938100035177,11,35.95057390386771,36.4303365511265,36.17340761999386,36.140422081481624,-0.5850158775989672,0.049291894299033384
43901.48395220023,52.4124102100155,-1.5106349317393128,97.1544153315462,36.17732888603959,285.52492420409,0.8375925934286162,8,36.1740124703499,35.829925748360026,36.131817570964834,36.06353619562892,-0.5285416138565794,0.02953806605018228
44002.19910053522,52.412412618873134,-1.5106491418626573,97.14499109059926,35.99604161903662,285.5302719630754,1.108594644956816,12,36.15485469102973,35.947094222105925,36.0618872927627,36.25642091366458,-0.40771558485709153,0.053477589854055034
44097.94900162001,52.41241502149733,-1.5106632815301864,97.13629998245922,35.82369179708399,285.5654771196588,1.7402150503668306,10,35.73990190456026,36.01993502068236,35.90028652739093,35.878501323112545,-0.6173090575517429,0.3520515658338643
44202.26433934065,52.41241741327912,-1.5106773462857412,97.1271302489169,35.635924189186845,285.5771688372083,1.0392153217673137,9,35.455261306977626,35.705283074621356,35.626774256494244,35.793744612253775,-0.5541558572147663,0.11691717549548665
44298.16355678309,52.41241979553741,-1.5106913419694834,97.11897610178836,35.463305597790445,285.59100776487844,1.6093534498761985,13,35.656229053045415,35.45191986127329,35.56934344343141,35.515247068178645,-0.4629856991974508,0.13838927670099094
44397.4180162118,52.412422166739056,-1.510705266713123,97.11081569632367,35.284647570818755,285.5973803889633,1.2811811823161634,10,35.05573357888973,35.107002956823614,34.949455651436,35.14827519618537,-0.5270163253550643,0.06372624084781166
44499.98224738176,52.41242453059407,-1.5107191162817635,97.10268219959016,35.10003195471283,285.63169347024234,1.3763836135266054,11,34.88404587089774,35.18438619665542,35.082471328757194,35.2056488476197,-0.5070301119547032,0.3431308127911757
44599.85577845945,52.412426872505705,-1.5107328994185065,97.09505496221483,34.920259598772994,285.5646514747132,1.6336963805534048,10,35.06127904403854,35.07758108169055,34.84539368211731,34.97426589377723,-0.5091917043364746,-0.6704199552918113
44702.58509001812,52.412429199430896,-1.5107466107494074,97.08751194344285,34.73534683796739,285.5469403918603,1.0308347039940347,12,34.8740630633885,34.8979165548527,34.83006505839904,34.87145633475714,-0.48514080186963016,-0.17711082852986446
44799.5714840241,52.41243151492483,-1.5107602530486575,97.08067265955164,34.56077132875662,285.5487550770541,1.0199211104567172,10,34.60035690546888,34.89617543071801,34.63147911874704,34.680704149029225,-0.5145635888268175,0.018146851938929818
44900.649991450446,52.41243381884262,-1.510773823249669,97.0738370413554,34.378830015389205,285.55300148167237,1.5096629693582209,11,34.698175598478194,34.16383178352909,34.6176054299629,34.242102450670856,-0.5344552639963395,0.042464046182014804
44997.96125189225,52.412436104945584,-1.5107873270788887,97.06753863581145,34.20366974659395,285.51073277979276,0.8270635491701686,8,46.54073429371921,34.48072037674427,34.107740120682536,34.2639633470339,-0.5342863058701017,-0.4226870187953199
45097.513297303216,52.41243838551031,-1.510800757227491,97.06138255329884,34.02447606485421,285.5557582783374,1.632805867710576,8,46.510423109217925,34.08046213597899,33.760037054115536,34.252737788431205,-0.5964635322470799,0.45025498544642134
45199.266637609566,52.412440654587805,-1.5108141147205034,97.05539131526602,33.84132005230278,285.5613075772492,1.026216936819474,12,46.915543639159296,33.359507475689654,34.02904472955428,33.63890054309972,-0.5903473571442046,0.055492989117913644
45301.17867275274,52.41244290919665,-1.5108274007969085,97.04969632174918,33.65787838904507,285.5459746365732,1.6676152722194684,12,46.04523341638208,33.522750453094375,33.67019020079107,33.66617687057138,-0.3783115013581999,-0.15332940675971107
45405.23933524718,52.412445156970215,-1.5108406103266638,97.0441974401345,33.47056919655509,285.58658463586016,0.9593753660093617,9,45.830110883940314,33.35075222981888,33.40501321476743,33.494697295870495,-0.4965945031777934,0.4060999928679486
45497.87085350516,52.412447397427535,-1.5108537522753955,97.03957176129869,33.30383246369071,285.6143222932535,1.6547671547457763,12,33.40924035301932,32.932276567430804,33.39591245101544,33.17788918824348,-0.3735246379719542,0.2773765739345701
45603.65292041981,52.412449619195904,-1.51086682177768,97.0346000881833,33.11342474324434,285.57206308750654,0.8426574013732326,9,32.57706693904129,33.034325943378064,32.88222182853187,33.030901346867964,-0.5477075722141441,-0.42259205746987133
45699.42520709015,52.412451820706366,-1.5108798272016624,97.03038506005412,32.94103462723773,285.5092842735396,1.505804853726577,12,32.842189702894984,32.96109295526621,32.890570101339016,32.97239916754429,-0.49891513701739487,-0.6277881396685795
45802.86254819141,52.412454006352185,-1.510892760672341,97.0261386495473,32.754847413255455,285.4844356237892,1.736312584782689,12,32.669116797945385,33.176755778114305,32.773416858290275,32.99408110875162,-0.38312673252439977,-0.24848649750505217
45897.026203189125,52.41245618413362,-1.5109056256508393,97.02254960850125,32.585352834259574,285.5095897632568,1.69683312807886,12,32.69106596583279,32.501714232145,32.56704577051453,32.5818922089886,-0.48405780964181744,0.2515413946760816
46000.529264731034,52.41245835274889,-1.510918415578574,97.01890918576183,32.39904732348414,285.5337143658869,1.476389441219641,12,32.755142104805515,32.36449985791236,32.40658533964883,32.421648507785314,-0.46072270569728085,0.24124602630163205
46100.3213701553,52.41246051070896,-1.510931133973244,97.01570166912711,32.21942153372045,285.54381664877224,0.903995297335125,9,32.58901665008603,32.398843172881364,32.312915370276194,32.15921629312074,-0.538788131371726,0.10102282885297388
46199.09498733808,52.412462660005936,-1.5109437807047383,97.01281954133594,32.04162902279146,285.5679150014778,0.8828075684585888,11,31.94103192733113,31.51327756916428,32.03897323945605,31.784351923170636,-0.42081524147405075,0.24098352705619527
46299.44772271374,52.41246479646686,-1.510956356468683,97.01018979750366,31.860994099115274,285.56254200728586,1.1178914620240636,11,31.54245337371207,32.029281801284235,31.7682155883851,31.835634748271563,-0.5163941351370804,-0.05372994191964731
46399.99807228799,52.41246692541798,-1.5109688586795287,97.00785685673276,31.680003469881616,285.5972981642358,1.4611846984321097,9,31.806738868218037,31.5184871287654,31.577509629881813,31.58607293560699,-0.4821431358131967,0.3475615694998861
46500.260644535614,52.41246904554128,-1.5109812881570317,97.00583180950052,31.499530839835895,285.6222357703422,1.0159861335471252,9,31.513381328693097,31.46718472202764,31.541207008305957,31.637850453340768,-0.4868962376859887,0.24937606106309373
46596.18250486555,52.412471150621,-1.5109936510719284,97.00417615563693,31.326871491242006,285.5962320466065,0.9079940414731419,9,31.40168801065462,31.26221438971072,31.508483359932594,31.107018407930028,-0.5312987094217374,-0.26003723735632306
46697.466689081266,52.412473243250695,-1.5110059421300905,97.00272713680995,31.14455995965372,285.5947098422124,1.3555126705732563,10,30.929725567044823,30.950320261976618,31.123004138472094,31.00825803090397,-0.4748251743547899,-0.01522204394088961
46798.218634885736,52.41247532402278,-1.5110181614679774,97.00159078504578,30.963206457205676,285.5972286705244,0.9105964495265783,11,31.049067968780548,31.00214783364298,31.18898898404127,31.034415491933004,-0.41210523504100177,0.025188283119150105
46894.43206684054,52.41247739637064,-1.511030310988327,97.00078972814528,30.790022279687022,285.6220742391022,1.4848033868700299,8,30.748436433388417,30.995389699070987,30.729194026056444,30.77622394576756,-0.4959767216367163,0.24845568577742333
46997.228053894716,52.41247945278125,-1.511042389091408,97.00024064476622,30.60498950298951,285.5949829341755,1.7283867299030082,11,30.61696783948628,30.84396084231502,30.56800008020127,30.62443991610221,-0.5529668004691766,-0.270913049266485
47101.49167593626,52.41248149634328,-1.5110543932387475,97.00000752513887,30.417314983314736,285.59311795835765,0.8913857115872477,9,30.518340032470295,30.58866066960594,30.42216761045499,30.492580649772236,-0.5597386625397268,-0.018649758177971223
47200.617317036034,52.41248353004364,-1.5110663259974106,97.00008830623598,30.23888882933514,285.609849621296,1.1599210152874995,12,30.590874892112588,30.22740377143781,30.510456325223533,30.160938781374483,-0.41272755106630415,0.1673166293841478
47298.12865859034,52.41248555018533,-1.5110781902958943,97.00045537615665,30.063368414537383,285.5959621404986,1.7851994496561776,13,30.174607234723098,30.175986686156755,29.99321127275169,30.10082322046006,-0.4108419992488474,-0.13887480797346602
47401.882489574964,52.41248756116495,-1.5110899793407038,97.00115912434934,29.876611518765063,285.62294765535466,1.471369786518175,12,29.849677237354058,30.02039623135315,29.761142882846617,29.86374587632096,-0.49491224591196964,0.26985514855911896
47499.983377047734,52.41248956306993,-1.511101697418415,97.00212144556038,29.70002992131408,285.6454778381061,1.550606224791676,13,29.735730199398436,29.657522819647212,29.816441378939242,29.63448170816064,-0.5340705148735533,0.22530182751475133
47598.10955136272,52.41249155105556,-1.5111133467324325,97.00337263341915,29.523402807547097,285.62923903804926,1.1971183044756337,12,29.6886702611905,29.239977083084103,29.602889965027675,29.491998451454908,-0.4930145655880165,-0.16238800056819438
47701.252544966046,52.41249352647485,-1.5111249228197265,97.00499882716792,29.337745419061118,285.62871217515,0.8097185823131845,11,29.354381130342198,29.566455531941614,29.22132976853784,29.481899016887713,-0.61532531129516,-0.005268628992465953
47802.678797869856,52.41249549034851,-1.5111364265268525,97.00690866419978,29.155178163834254,285.6348137904274,0.9247493083955884,11,28.97781378686379,29.229223597736652,29.206175818940775,28.999642518786114,-0.45270371245014546,0.06101615277458337
47899.28650120548,52.41249744244188,-1.5111478616516805,97.00901408285982,28.981284297830136,285.63426418713345,1.7303413148107352,13,29.20891583815491,29.31301148656786,29.092820579547435,29.370217286550147,-0.44248343986027916,-0.005496032940107049
48001.476986624,52.41249937843378,-1.5111592258993112,97.01154497653762,28.7973414240768,285.60358490617523,1.2606867259804413,8,28.85973721216459,29.14158115128055,28.817156041006818,28.949031990614433,-0.5899040198623136,-0.3067928095825709
48100.58566140448,52.41250129978581,-1.5111705209577608,97.01429765069392,28.618945809471935,285.58157493959766,0.8324368272421738,8,28.62394489161465,28.683374824280076,28.694055551573094,28.54138386360178,-0.5481145563976679,-0.2200996657753519
48200.651531825024,52.412503215147595,-1.511181742134363,97.01737444071213,28.438827242714957,285.6326462431771,0.9642338125340959,9,28.400049215294306,28.40587084300067,28.444270964264618,28.444316172205184,-0.5177048948912738,0.510713035794335
48297.47817732368,52.412505117312755,-1.5111928952104088,97.020635943665,28.26453928081737,285.6203647506966,1.5226217504131596,8,28.250649126399843,28.116568749886827,28.248603431424478,28.219763645952852,-0.48602927541334584,-0.12281492480611078
48397.25008707871,52.412507009231355,-1.5112039765775835,97.02428885031495,28.084949843258322,285.63595650790796,1.7735447559674016,13,28.056751086100352,28.083435659846586,28.003115331436884,28.114949307963315,-0.5273028977643713,0.1559175721142053
48497.753075770925,52.41250888725479,-1.5112149873492082,97.0282679991417,27.90404446361234,285.62138061448604,1.2034389801783325,13,28.048136213461614,27.738846946519526,27.949182915424586,27.912283969031396,-0.47711258912591475,-0.1457589342196732
48600.626579073134,52.41251074628625,-1.511225928040122,97.03265186978106,27.718872157668354,285.56531823609134,1.5250311810361676,8,27.672516657237274,27.887571981099352,27.75914887163632,27.840175151337263,-0.5673157541420744,-0.5606237839472549
48699.862943243155,52.412512600211656,-1.5112367950820578,97.03717832481836,27.540246702162325,285.6247222431932,1.4254763544437044,8,27.60279567001502,27.73598217080126,27.438906308403283,27.736343267255084,-0.4608456680539717,0.5940400710187062
48799.62263310209,52.41251443927929,-1.5112475925377533,97.04202273348801,27.36067926041624,285.60062618023176,1.5394865747939468,9,27.520187367608646,27.270204444730776,27.431945707132567,27.470500267033,-0.5458112120670461,-0.24096062961469375
48902.590046414625,52.412516266186934,-1.5112583167150917,97.04733163180013,27.175337916453678,285.60323495276293,1.6367261022486332,12,27.126070440031043,27.19256068785657,27.121468841204937,27.157693345664597,-0.5771131308814463,0.026087725312286064
49003.073366376535,52.41251807811916,-1.5112689708040552,97.05281426757533,26.99446794052224,285.5784064377482,1.2294900736827838,9,27.070206893858604,27.122817148557584,27.035050877992813,27.001309110193755,-0.518358825265368,-0.24828515014711328
49096.21093606272,52.41251987742052,-1.5112795593559252,97.05816184865856,26.826820315087094,285.566182763622,1.4276833308234442,10,26.892201001076888,26.72997919541817,27.034754352814012,26.747794974440712,-0.4514724225641492,-0.12223674126102373
49195.70017763554,52.41252166436189,-1.5112900773839355,97.06415599411541,26.647739680256034,285.5630671982103,1.294401626484766,8,26.683144749177494,26.40716547648124,26.546617347804435,26.580729473941048,-0.5524800764126871,-0.031155654117511703
49299.06648050299,52.41252343731688,-1.5113005226621001,97.07069151850528,26.461680335094623,285.5494918623908,1.2345658397388686,12,26.61184874579953,26.7584623511335,26.446754349150357,26.61224263525336,-0.413691298812966,-0.13575335819511256
49400.880612591085,52.412525199457825,-1.5113108949309797,97.07743487505576,26.27841489733604,285.5627567917636,1.7370395340304552,11,26.17128491951333,26.396912304537942,26.306027172624145,26.34691606030566,-0.5169850444229602,0.13264929372737094
49501.161728368155,52.41252695486605,-1.5113211934964874,97.08437284625963,26.097908888937326,285.6117400327546,0.8200780761011403,8,26.125993004824863,26.018527348172533,26.03688011171062,26.023408120723023,-0.5262518582590051,0.4898324099102808
49599.45857376009,52.412528697284046,-1.5113314227402377,97.09145809669118,25.92097456723184,285.60173847630085,1.0135739177170193,11,26.171397428711586,26.172797458554776,25.998773701290805,26.030002865107257,-0.48262783435648904,-0.10001556453601311
49695.72792953672,52.41253043188427,-1.5113415818447076,97.0986696039331,25.74768972683391,285.6371505674821,1.3455412070687265,11,25.520576182906144,25.883449189251188,25.656206453331684,25.78246986008095,-0.5489958664489663,0.3541209118111782
49803.784273515084,52.41253215140289,-1.5113516651131205,97.10708432269765,25.553188307672848,285.6187225315399,0.8814044654025509,8,25.331163263687042,25.7629392864383,25.39138010010819,25.684900064376535,-0.4812523911448176,-0.1842803594212921
49898.60428243249,52.412533860697266,-1.5113616804548513,97.11474656516708,25.382512291621524,285.630546736051,1.3906443428587605,11,25.32937226119247,25.558663702840132,25.26610063831782,25.333394188106823,-0.4578657742313903,0.11824204511077566
50000.71630235887,52.412535555796865,-1.5113716241058164,97.1232881397585,25.198710655754027,285.6133798658609,0.9873868115277886,13,25.286014142970267,25.16963983162648,25.15583926577391,25.141293131621076,-0.4948111334102566,-0.1716687019004979
50100.041789933726,52.41253723874057,-1.5113814972653083,97.1318844135192,25.019924778119293,285.6121518072688,1.3981687162485983,10,24.880546483559574,24.783606493560843,25.160385872694338,25.059651979011417,-0.5381066858088068,-0.01228058592205127
50199.33572367862,52.412538909478684,-1.5113912999802517,97.14076077480135,24.84119569737849,285.6103932251468,1.267245059024042,8,24.86998313942393,24.954025445914837,24.89125608966412,24.88444824430952,-0.559139849565813,-0.017585821219474537
50302.239297204105,52.41254057159051,-1.511401027844925,97.15025726395554,24.655969265032613,285.64738393726907,0.8075157799795282,9,24.41735460193535,24.643995093756878,24.468072162612053,24.649405696771744,-0.5891788319442743,0.36990712122191377
50402.54009882715,52.412542223570114,-1.5114106835414307,97.15980397230015,24.475427822111126,285.6672122825098,0.8126752115735111,12,24.204160744976246,24.340907722684435,24.346780399996817,24.312162826501304,-0.5553256189987108,0.19828345240812262
50497.25247407203,52.412543865454715,-1.5114202713322922,97.1690810788018,24.30494554667034,285.6810422187632,1.6641896702682941,8,24.3874350495756,24.55212248180967,24.30705004047389,24.39637600115479,-0.44478752343762035,0.13829936253460073
50594.82747979347,52.41254549463444,-1.511429790225346,97.17890414467483,24.12931053637175,285.6727523979914,1.4745378596040433,13,24.18042338109294,24.16646712846188,24.214546980570205,24.0794924225235,-0.5062856585103654,-0.08289820771903998
50698.675612121966,52.412547113753504,-1.5114392341981135,97.18965376379049,23.94238389818046,285.6982153892917,1.570083220928507,11,23.502925772341488,24.208809191150884,23.837525841946707,24.210069898453142,-0.565630048904153,0.2546299130029298
50800.68820531599,52.412548723062216,-1.5114486045393773,97.20050847688964,23.758761230431215,285.724348293729,1.125186704947665,8,23.809238223614297,23.6682673698278,23.778998884851095,23.65656911592589,-0.49110648081354996,0.26132904437270954
50900.557149691325,52.41255032075593,-1.5114579037233873,97.21141731156627,23.578997130555617,285.73001855092275,1.1945704695929744,9,23.618083451947548,23.646651804505158,23.519888100168536,23.628154332037987,-0.3915919025967671,0.05670257193896742
51000.71754376672,52.41255190469584,-1.5114671325139433,97.2226373248388,23.398708421219908,285.7143690634972,1.0412408135063647,9,23.36148237583411,23.496580445820715,23.407543268650212,23.37692026217169,-0.45586169664580617,-0.15649487425620895
51102.26875577626,52.412553476977564,-1.5114762888784379,97.23429758866907,23.215916239602723,285.7217101824508,1.1520185774729874,11,23.133501760457627,23.442594500054554,23.202851416706363,23.28158772954339,-0.5009387408395828,0.07341118953630273
51202.05127518407,52.412555033241155,-1.5114853761815121,97.24603258217034,23.036307704668666,285.68186840809653,1.032263064271599,9,23.119315018920744,22.804239849159355,23.20754886409561,22.974082232906397,-0.5529500176822556,-0.3984177435432551
51299.11525278434,52.41255658064982,-1.511494393205092,97.25771096402308,22.861592544988188,285.712577384405,1.631763284192244,11,22.791501813108784,22.850617330264882,22.78069012414628,22.967414786071533,-0.49731608325397764,0.3070897630847519
51397.213671695,52.41255811075826,-1.5115033430454274,97.26977630726051,22.685015390949,285.6564391975237,1.754142446585139,12,22.549965398064295,22.662314040123718,22.66735909529818,22.685233002695476,-0.3698350023809863,-0.561381868813372
51498.46402461794,52.41255963180754,-1.511512219495639,97.28250483442037,22.50276475568771,285.69065350629876,1.3951296629488994,10,22.6913722168908,22.26158513821442,22.602954433170307,22.403799347022932,-0.403772053864333,0.3421430877515297
51602.39005051896,52.41256113780181,-1.511521023264443,97.29585944292589,22.315697909065868,285.66493522294377,1.1759118845697127,12,22.29525465049746,22.422036061122224,22.299002193211482,22.228351334697503,-0.43229504889197545,-0.25718283355017474
51698.56994906908,52.41256263037979,-1.5115297595302712,97.30847891736508,22.14257409167565,285.64630368938606,1.1322674452761015,9,22.1955182657754,22.186712463156987,22.230325186970454,22.06795853492153,-0.4826503407605266,-0.18631533557696864
51802.28555032163,52.41256410919607,-1.5115384226794513,97.3223660986659,21.95588600942107,285.6335367103766,0.9389117303991825,11,21.741350815481358,22.120050825884764,21.859614664914616,21.989476895856008,-0.5271239701449132,-0.12766979009444338
51901.3578322665,52.41256557781064,-1.511547014634137,97.33590055049595,21.777555901920305,285.65331736025973,1.3022051113451165,11,21.612244935435605,21.84168572151365,21.67310633094772,21.823422182405277,-0.48172480657730393,0.19780649883171772
52004.3522869274,52.41256703262096,-1.5115555340442532,97.35024801953665,21.59216588353068,285.638961390042,1.685174919358333,11,21.33128290687042,21.731419527702073,21.634319364891045,21.64064439981964,-0.5530901506645565,-0.14355970217756772
52099.9782755981,52.41256847812361,-1.5115639844883344,97.36382070492438,21.420039103923425,285.6644094462662,1.031800687582665,12,21.450281528094955,21.153140815327482,21.410830200275548,21.365123730226664,-0.4355247780155634,0.2544805622411203
52195.32554431291,52.41256991488446,-1.5115723659174403,97.37759383757586,21.248414020236766,285.6962343528005,1.1714759764938862,8,21.192671464925347,21.416092730658033,21.12062963396453,21.23166385004652,-0.5441189430908931,0.3182490653442185
52304.04123933659,52.41257134090793,-1.5115806690071216,97.39358888402954,21.052725769194137,285.7244512255902,1.6099686520000756,8,20.975257117472193,20.77744686788856,21.03880018262407,21.045534072847442,-0.46878746954351147,0.282168727896704
52400.06733669674,52.41257275275454,-1.5115889050652793,97.40797322121911,20.879878793945874,285.6962928582285,1.5016969206303301,11,21.206815600344676,20.89139066834606,21.010257387899326,20.841725023997896,-0.549013023641679,-0.28158367361738124
52499.75035799642,52.412574155720286,-1.5115970688477074,97.42315816910981,20.700449355606448,285.7337012154379,1.3384922756340867,10,20.754318687861698,20.72627429172482,20.744605053349492,20.737425151827388,-0.5496266869204294,0.3740835720945142
52602.87835088747,52.41257554471802,-1.511605160061974,97.43913735640939,20.51481896840255,285.71760001098255,1.0675652796614234,11,20.636752780975613,20.607078790774754,20.59616093766399,20.611507735914135,-0.497074405323257,-0.16101204455451762
52699.30140943783,52.412576927254115,-1.511613180376754,97.45432404980099,20.341257463011907,285.77953857962416,0.9506156966503226,12,20.148650083367897,20.474442835139104,20.251850576069206,20.39965769207501,-0.44559372369930844,0.6193856864165843
52797.85410439967,52.41257829670089,-1.5116211312248877,97.47009073025552,20.163862612080596,285.7673431214107,0.8565967964445421,9,20.121873544997325,20.28809114327358,20.19807108318567,20.283433586259605,-0.516673953658531,-0.12195458213411355
52899.293671174506,52.41257964837901,-1.5116290125544691,97.4865758640097,19.981271391885894,285.70336170142514,1.5292268222072583,12,20.04632855430194,20.094987741305253,20.067399764365796,19.972655186840196,-0.6258822627125015,-0.6398141998564827
53001.162140621374,52.4125809901315,-1.5116368204155892,97.50339096846906,19.797908146881525,285.73317390592933,1.5251020561132087,13,19.894788814665443,19.648490096932846,19.727022635399475,19.70408734447989,-0.606207230932072,0.29812204504179046
53099.21360137713,52.41258231939698,-1.5116445589145973,97.5198207282984,19.621415517521168,285.72679343091545,1.7656011735306851,8,19.629769283106675,19.596087822394914,19.661874936769962,19.67495623173874,-0.6740413589534864,-0.06380475013857996
53203.65250880137,52.41258363335753,-1.5116522244569865,97.5375829977717,19.433425484157524,285.6953075159438,0.8653711442045717,13,19.313325236936556,19.31835967117233,19.355761121553943,19.381167407390862,-0.4497016762606016,-0.3148591497158368
53298.05210908843,52.41258493346638,-1.5116598240618586,97.5538690022961,19.263506203640826,285.6661018909124,1.4760566185123638,10,19.31918921076705,19.057406456501795,19.29805467863552,19.126841330580373,-0.396197996136282,-0.29205625031453364
53398.43280190964,52.4125862252476,-1.5116673506042757,97.57142597688762,19.082820956562646,285.71435331905866,1.2720561971565552,12,19.119703155499593,19.143517358208413,19.029090140671823,19.180776607197508,-0.4448725350727192,0.48251428146227343
53497.23436987014,52.41258750455952,-1.51167480720143,97.58894572938152,18.904978134233758,285.70893023928625,1.6196178801343502,10,19.05562444683978,18.7889736374849,19.05713297422884,18.900430445988047,-0.4774104092493935,-0.05423079772407007
53603.84041835836,52.4125887700661,-1.5116821884899312,97.60811332224854,18.713087246954952,285.6984961580565,0.9697034790279184,12,18.613324055517143,18.694114925784028,18.685831597538492,18.57261107575478,-0.44858084833142853,-0.10434081229691082
53703.47441315446,52.41259002386421,-1.5116894988446958,97.62627314098404,18.533746056321974,285.703889785672,0.9011975376874456,8,18.534426663209235,18.49640132002081,18.531973397222245,18.44355207675318,-0.41896373888522365,0.053936276154148206
53799.393898067814,52.412591267048676,-1.5116967406065502,97.64397857762502,18.36109098347794,285.71772041539293,1.3682625050339126,11,18.24421209571566,18.42283623896874,18.289460656657877,18.398616274084702,-0.4664965134746909,0.13830629720958482
53898.21837280473,52.412592495600116,-1.511703913402528,97.66244693060247,18.183206928951478,285.6838160272446,0.8589621728010957,13,18.294667984778396,18.05038357396047,18.29894491322261,18.098320001197685,-0.4333426118136845,-0.3390438814836016
53996.41450579363,52.41259371276158,-1.5117110162197749,97.68102398007503,18.006453889571464,285.69112033890667,0.9804491119444454,11,17.95658332942032,18.19857730131486,17.9047170807733,18.060805771148782,-0.47921327320614654,0.07304311662083335
54102.90885990075,52.41259491535759,-1.5117180441631284,97.70142360281717,17.81476405217865,285.6696285475341,1.7358853916876447,10,17.79314676903146,17.853949620666356,17.78786700399366,17.86054894349869,-0.45857437300648285,-0.21491791372490082
54201.256062165565,52.41259610596036,-1.5117250022897495,97.7204941721228,17.637739088101988,285.6690472016578,0.9272218192159682,8,17.57920848747813,17.516493673520188,17.510945013492655,17.62508548374994,-0.5803089829720323,-0.005813458763925274
54301.292530101855,52.41259728461166,-1.5117318892864848,97.7401184860933,17.457673445816663,285.67182286838283,1.3583358265373477,11,17.409287509810646,17.387321538481324,17.366254615956564,17.49240491833559,-0.48965248774830783,0.02775666725024896
54399.240870885296,52.41259845815999,-1.5117387035931755,97.75955230166026,17.28136643240647,285.7655355742688,0.9479944958357676,13,17.264437666977184,17.409217945990417,17.286096181387347,17.327782901736892,-0.472853647842016,0.9371270588611408
54502.429524856976,52.41259962171552,-1.5117454434456405,97.78025830658473,17.09562685525744,285.80205098272495,1.388431646757065,10,17.072175838800316,17.25379955613558,17.11171424047518,17.12778216212295,-0.6069295578040962,0.36515408456068227
54600.04925505611,52.41260077922957,-1.5117521112700245,97.8000644434284,16.919911340898995,285.8853976991836,1.7822774019197276,11,17.032641557746143,17.05808848563711,16.93896487171481,17.12854311947083,-0.5537613916747722,0.8334671645860456
54697.59430000239,52.41260192417074,-1.5117587101628667,97.82006483093963,16.744330259995692,285.8774103873111,1.0920904853152105,10,16.936193190548188,16.765660387416432,16.802779247327944,16.707748566374143,-0.5024084421257758,-0.07987311872434963
54798.16472425286,52.41260305872684,-1.5117652367833332,97.84090268324312,16.563303496344847,285.9060924155824,0.9509862266576182,8,16.501105675931193,16.74305850342892,16.575592248691347,16.612980392077898,-0.5098262424156053,0.2868202827122448
54900.52708634434,52.412604181152616,-1.5117716905716065,97.86233605535152,16.37905124458019,285.9132326356778,0.8827590987891696,8,16.379632738494678,16.488964686024396,16.385083796194305,16.447247623492487,-0.5565129491335363,0.07140220095329093
54997.236298545766,52.41260529464881,-1.5117780743650144,97.88279153862482,16.204974662617623,285.95736112416375,1.0309015091718536,12,16.02907963325096,16.4185376480909,16.022617515976606,16.32415571541996,-0.5251638930223047,0.44128488486052897
55101.05718267403,52.41260639136467,-1.5117843863828053,97.9049715884616,16.018097071186755,285.89873234277104,1.2018191585514457,12,15.897860787861628,15.918163670930573,16.045122651911797,16.008494947834603,-0.4887380807916107,-0.5862878139277323
55198.0825907511,52.41260747353437,-1.5117906307876616,97.92590404554599,15.843451336648021,285.85979124022526,1.6383150401773616,12,15.812434211817884,15.926695093860344,15.813334884459632,15.881826612488409,-0.4687720776202001,-0.38941102545762646
55299.03118419063,52.41260854004873,-1.5117968050842243,97.94789012461015,15.661743868456863,285.8104356574506,1.6937788608595992,12,15.718270655095736,15.732196264885806,15.719215460444383,15.683115257788561,-0.4355071236433482,-0.49355582774605844
55398.91184214465,52.412609595965776,-1.5118029077399666,97.96984943488516,15.481958684139633,285.83575975024587,1.118267558862849,13,15.594514698734933,15.488647228119442,15.510054543170574,15.482780806809176,-0.5730597009391056,0.25324092795299424
55499.32906134718,52.41261063802018,-1.511808939860676,97.99213087111687,15.30120768957507,285.8118588041199,0.9503586603215878,13,15.346459413669894,15.192343884160065,15.287826252302304,15.308093263178037,-0.443693128759951,-0.2390094612603321
55601.04328636988,52.41261166821058,-1.5118148995236504,98.0149064918558,15.118122084534217,285.821387734566,1.348844270188481,13,15.16262894401965,15.212633707788985,15.065392655842448,15.13104245916833,-0.5235586992869508,0.09528930446085157
55697.31591237243,52.41261268720294,-1.511820790590601,98.0366528658014,14.944831357729624,285.8311207659441,1.1067935397001158,10,15.02398034585106,14.973309617600332,15.003982302788831,14.93969262754514,-0.5993857486162348,0.09733031378124392
55798.63615817523,52.41261369328324,-1.5118266099886861,98.05973590532523,14.762454915284591,285.82342207850047,1.5257244808583286,9,14.855285156912657,14.703195986157686,14.761884443907736,14.764293816316316,-0.4602269345858858,-0.07698687443618628
55897.1915605289,52.41261468891157,-1.5118323586936142,98.08238017488058,14.585055191047976,285.850183904196,1.3907203727143953,13,14.429520512751775,14.521420941433776,14.529665584607626,14.46352678517844,-0.490764632655516,0.2676182569542273
55998.94039930181,52.41261567167286,-1.511838035380437,98.10595355997094,14.401907281256731,285.8441494186735,1.7716159541495677,12,14.481892552394646,14.498847978171387,14.459806893000247,14.489318795186993,-0.4620692351854376,-0.060344855223982655
56097.9505067674,52.41261664401529,-1.5118436410089424,98.12908069092178,14.223689087818673,285.8733431239648,1.7783880388846618,10,14.207531684250123,14.139621560342437,14.237211688966063,14.232207388088094,-0.5645636312361174,0.291937052912768
56200.25994332611,52.41261760266812,-1.5118491745729083,98.1531711382258,14.039532102013004,285.8546628227848,1.5306628720470796,10,14.020656310971976,13.892004039842595,14.123112154576907,14.012476668561773,-0.5484827612171601,-0.18680301179960127
56300.88628381406,52.41261854974895,-1.5118546363763468,98.17705385222284,13.858404689134682,285.8683478709718,1.6675323145608172,13,13.860286311001616,13.971535809143491,13.825123146136013,13.894587708174608,-0.5344800640900738,0.1368504818691864
56403.87164191614,52.41261948525122,-1.5118600246130935,98.20168756253861,13.673031044550948,285.8873448101565,1.0011138638103487,12,13.660084870994034,13.773481471666544,13.687009436197432,13.651435868026057,-0.45531953668329933,0.18996939184658435
56499.0154015049,52.41262040649948,-1.5118653465423404,98.2246151474324,13.501772277291183,285.8425721007027,1.765360235843529,13,13.542695658609322,13.457863788752693,13.54915450347448,13.521655818628759,-0.5764744315840946,-0.44772709453763815
56602.676073126735,52.412621315259074,-1.5118705948117226,98.24977798880096,13.315183068371873,285.84691423263916,0.9130702043871822,11,13.276369381745841,13.23692616740319,13.349525650291312,13.284364336472674,-0.4702317145028525,0.043421319363915446
56698.87777916158,52.412622211690596,-1.511875775064825,98.2732985381939,13.142019997509161,285.83767202552474,0.8581968280876046,12,12.9570789212987,13.185219505464872,13.042408359117161,13.200924714840667,-0.5072195170733536,-0.09242207114373999
56798.61598003892,52.41262309465974,-1.511880885117531,98.2978524247336,12.962491235929937,285.815310326441,1.3613543757937314,11,13.053990032564554,13.055569245281967,12.911619070456007,13.013657724039394,-0.4969850448703237,-0.2236169908360388
56901.24661130684,52.41262396884421,-1.5118859205760158,98.3232951148614,12.777756099647691,285.8861599320063,1.0613947106887505,13,12.806981719992466,12.861280846341664,12.79546495216543,12.811807420531128,-0.48101394825473526,0.7084960556519988
57002.03030717973,52.412624831971755,-1.5118908839118457,98.34845182326171,12.596345447076486,285.9117855213175,1.7901158180256898,13,12.60897975029857,12.77209192478541,12.657883943443272,12.600194554241614,-0.5498747779970007,0.25625589311158464
57102.18355151299,52.41262568442573,-1.5118957754279794,98.37361735078242,12.416069607276611,285.94402862173956,0.8767695874340098,11,12.296063277577462,12.4254785433203,12.399472617730442,12.393987324756724,-0.4600979213743671,0.32243100422042703
57201.02268767359,52.412626527410914,-1.511900595564994,98.39861263197648,12.238159162187534,285.9975319426636,1.7178098413317542,10,12.18282529950558,12.280247548364875,12.213300188832886,12.227214905429037,-0.4218690123283394,0.5350332092406425
57300.28923757556,52.41262735911149,-1.5119053448457576,98.42387345490921,12.059479372363988,286.0177660287918,0.8691034709392974,11,12.095814021987852,11.983011580958241,12.11702855295579,12.077363686005032,-0.48974926219737275,0.20234086128204398
57403.54026919669,52.41262817721086,-1.5119100213026937,98.45031297588011,11.873627515445959,286.00202597174734,1.0300353332708765,10,11.799310865994613,11.61894675944322,11.879337202752307,11.771262688450737,-0.4528374443840882,-0.15740057044384997
57499.014026384975,52.41262898553954,-1.5119146291004566,98.47490804101422,11.701774752507042,286.04421779930726,1.0725509096427146,12,11.705655099518347,11.702736614694727,11.703972150066889,11.751955642684038,-0.5132643590616263,0.4219182755982977
57598.26646805419,52.41262978017998,-1.5119191671841956,98.50062388088729,11.523120357502455,286.0163313286139,1.5259107212619207,9,11.457761381358816,11.41995859733527,11.487890557031184,11.561198574754833,-0.5903550895968781,-0.27886470693419413
57698.70248661013,52.412630560698304,-1.5119236348484413,98.52679672521616,11.342335524101765,285.98153239576527,1.1690668814066343,9,11.351375293532579,11.376583722789038,11.315864412754088,11.333833989964257,-0.4553488075421661,-0.34798932848591196
57797.38337089254,52.41263132947593,-1.5119280323206234,98.55265694413768,11.164709932393428,285.99183853339946,1.7579502281976298,9,11.113442525426565,11.263614709660931,11.124827383608347,11.18222871549086,-0.5490515244307822,0.10306137634142135
57898.6216186046,52.412632086625116,-1.5119323575856212,98.57933378663311,10.982481086511719,286.01180395972085,1.3373548997139006,13,11.019854609977319,10.99526688947628,11.003049696245133,10.981103606043497,-0.5297739349479416,0.19965426321499208
58003.18284868273,52.41263282990225,-1.511936609148693,98.60703907473282,10.794270872371092,285.99199619754177,1.7096591032417003,12,10.847139946142939,10.654484850493278,10.823087760620414,10.707476791160765,-0.43059494770470313,-0.19807762179098723
58096.724044044015,52.41263356103235,-1.511940794653595,98.63195356829294,10.625896720720771,285.9795850118212,1.4889162603976254,11,10.714319622815049,10.61986377570565,10.71409038487911,10.668049806717024,-0.49670491318756016,-0.12411185720548543
58203.50744311698,52.412634278026964,-1.5119449048745652,98.660541288408,10.433686602389443,285.9587842482706,1.6547481260042871,9,10.437400044998027,10.44296242576185,10.43707325654898,10.389351302426078,-0.4423905990063176,-0.20800763550562146
58296.86771196263,52.41263498405102,-1.5119489486240305,98.68566066297802,10.26563811846726,285.97220010750846,1.5974483883012833,10,10.320036094190067,10.287874348456446,10.2300340399638,10.220744518040986,-0.4064397540563677,0.13415859237830238
58402.13705284922,52.41263567702022,-1.5119529177440825,98.7141215732337,10.076153304871404,285.971656903022,1.5338304571545671,11,10.129403253423332,10.16564607120222,10.091748793104982,10.106944393450844,-0.4632251452014108,-0.005432044865445307
58494.48552116016,52.41263635805551,-1.511956821620597,98.739206600675,9.909926061911717,285.9595802300869,1.4364540099414165,8,10.045597957924901,9.806228067385089,9.959694309243051,9.878186679970453,-0.49776808153984975,-0.12076672935078185
58603.49704609385,52.412637025498064,-1.511960648249301,98.76895609717302,9.71370531703107,285.9569306297951,1.7183786486880197,10,9.586470096362723,9.665573653267971,9.631624989274792,9.693813779034054,-0.4020918672285553,-0.026496002916879917
58698.59596787316,52.41263768240537,-1.5119644068683649,98.79502841129165,9.542527257828311,285.98758148297316,1.5014538247901783,8,9.526316852274862,9.523554859563204,9.584243481298893,9.556890731117363,-0.5778473108616623,0.3065085317788977
58800.381852824714,52.41263832659474,-1.5119680933722255,98.82305469917438,9.359312664915516,285.9848948310205,1.7282510458894484,8,9.351141783961188,9.423316428977401,9.334005620432489,9.355937114783558,-0.48434890838925426,-0.026866519525796776
58899.826307840776,52.41263895830707,-1.511971709444029,98.85055406604175,9.180312645886604,285.98082460524233,0.8215123057169649,9,9.16570752207935,9.217454662723679,9.165387702108616,9.183749077959863,-0.522925703498901,-0.04070225778129728
58999.29867167344,52.41263957733763,-1.5119752551584227,98.87817486819915,9.001262390987815,285.97126043302967,1.755662670491147,11,8.95919882736796,8.963407906899988,8.9997751024392,9.024147105135757,-0.4203183081692823,-0.09564172212688636
59103.09548433951,52.41264018516086,-1.5119787265050562,98.9071147554679,8.814428128188892,286.0156721290763,1.2317853587792715,9,8.731062368000368,8.929304742695471,8.778650751299532,8.857171499029503,-0.5236493310816762,0.4441169604657472
59202.14184472205,52.412640781264834,-1.51198212736852,98.93483998411902,8.63614467950031,286.0315456223609,1.0398332035296902,12,8.638226518299698,8.586034076917326,8.608478436465552,8.615764887821824,-0.47733651163671686,0.15873493284624884
59299.878170383854,52.4126413664581,-1.5119854583724002,98.9623009466705,8.46021929330906,286.0662940235353,1.3696711947927613,10,8.430069544493051,8.421905458069158,8.411271954146706,8.446855147856413,-0.41733772952904835,0.3474840117437974
59400.9430991813,52.41264193938678,-1.5119887176005065,98.99080136056205,8.278302421473665,286.0754756080644,0.8565690951577333,8,8.251274548308931,8.259607316382285,8.312871853602868,8.25221892188787,-0.49839833535866185,0.09181584529107686
59501.900986958135,52.41264249822889,-1.5119919059946316,99.0193745059807,8.09657822347536,286.0309959902156,1.3007195707073322,10,8.184533090831835,7.992602380608021,8.122373035436091,8.014452214084264,-0.4984769778677308,-0.4447961784875297
59599.38712980096,52.41264304457423,-1.5119950254688468,99.0470599612557,7.921103166358273,286.0193996630891,0.8398186838677171,12,7.9823114800475095,7.849438438910351,7.935431269694545,7.89971967333386,-0.5303935791720253,-0.11596327126575427
59701.7235083271,52.412643578375885,-1.5119980723235344,99.07622023920955,7.736897685011222,286.02438081276387,1.0880567672603072,9,7.755848388333196,7.758324389807268,7.736508963058737,7.699489671086357,-0.5641670645004209,0.04981149674817775
59802.12683327165,52.412644100829134,-1.5120010474785786,99.10492374149945,7.55617170011103,286.05975713062287,0.8199474076218073,13,7.477712132485679,7.602951584880683,7.505532017749794,7.576385845541611,-0.5737661961555027,0.3537631785895381
59898.79991914859,52.41264460913393,-1.5120039551153268,99.1326461337444,7.382160145532544,285.99136434308,1.0460148745281541,8,7.375234203864126,7.317796453604533,7.451737629877319,7.33951217364573,-0.46719947966909287,-0.6839278754292081
59997.67789389179,52.412645105777656,-1.5120067923711404,99.16108464282283,7.204179790994778,286.0110246409371,1.277148203197552,9,7.249957977888625,7.309140065955015,7.19775395986887,7.244998877439427,-0.5969372985431023,0.19660297857122322
60100.6785518424,52.41264559061452,-1.5120095561506837,99.1907960643652,7.018778606683681,286.04413575062654,1.0259360829085908,11,7.060405627665532,7.036669990910833,7.000844622044661,7.027404041222474,-0.5674704779289639,0.3311110968945058
60198.20587894882,52.41264606249228,-1.5120122511965222,99.2190078354808,6.843229417892125,286.01511382533454,1.4669080035200763,8,6.811628949870152,6.804728592823679,6.831526049346607,6.831791152155004,-0.5018910711507658,-0.29021925291933487
60300.86554941435,52.4126465204319,-1.5120148740301549,99.24878444150028,6.658442011054163,285.97227745084024,1.2844028261719291,12,6.721802734913985,6.581496400708035,6.690229182917488,6.629721745015798,-0.5141420489515005,-0.42836374494327173
60399.439134399305,52.41264696860876,-1.5120174258227843,99.27745041694452,6.481009558081257,286.06207972336904,1.1073339066773311,9,6.469403609155284,6.4606687927851505,6.452102386311748,6.481560415397519,-0.47127925028126716,0.8980227252879223
60502.029066128205,52.41264740399638,-1.5120199049169634,99.30735889437379,6.2963476809692365,286.0613431955919,0.8979832123450315,11,6.284057327963792,6.249963206383499,6.2536775373182065,6.273936517743885,-0.5453370448376849,-0.007365277771448087
60601.83383158717,52.41264782644039,-1.5120223135229165,99.33652538385003,6.116699103143091,286.0410231375672,1.5004170966994033,10,6.166722587247301,6.100194717533364,6.1552088127639015,6.083084776306144,-0.3932285406680203,-0.2032005802468182
60704.23750629556,52.412648236250234,-1.5120246495002372,99.3665200323565,5.932372488667987,286.0448901374125,0.8233933994189783,10,5.9579414887329,5.905374479592077,5.9497447576524385,5.9290732877534245,-0.5026849756515034,0.03866999845280674
60802.526590787274,52.41264863452423,-1.5120269154883585,99.39537201176893,5.755452136582908,286.0733176303622,0.8627027629143188,13,5.763562197960123,5.729522579329404,5.768356945024358,5.762653961304815,-0.4831518461308865,0.2842749294975801
60901.07392963623,52.412649020030884,-1.5120291118702889,99.42435843874715,5.57806692665478,286.0522594607179,1.137706489052601,9,5.583421334913913,5.606092809853754,5.595411125152434,5.588107615518151,-0.43288879723805235,-0.21058169644458316
60998.774942927834,52.41264939427532,-1.5120312385848584,99.45315112329907,5.402205102729904,286.09164217927673,0.973651102289615,10,5.322514017926009,5.377089535560504,5.360861642109545,5.405474589155245,-0.5054506776789112,0.393827185588563
61097.960499822366,52.41264975511366,-1.5120332955050904,99.48243468630017,5.223671100319746,286.0442407615451,1.2809987473289373,8,5.190170317635462,5.160939186479101,5.247854359939922,5.184550547864584,-0.502567423797355,-0.4740141773160015
61201.068716653805,52.41265010305902,-1.5120352793780305,99.51293031269861,5.038076310023146,286.0408057014997,1.439095049168316,11,5.087266862185296,5.061964520630193,5.052550132698159,5.042083322758575,-0.49845180722168286,-0.034350600454918674
61302.65861353987,52.412650438396405,-1.5120371912344825,99.54302753462028,4.855214495628236,286.0418392094564,1.6110429173728598,13,4.882763223308321,4.801759804598992,4.8571672411480815,4.825982434378447,-0.5391048397045306,0.01033507956684797
61401.79218579739,52.41265076224036,-1.5120390324335131,99.57244252994893,4.676774065564698,286.08422697520405,1.036504918862963,8,4.694770361376337,4.726086139507326,4.665438158771965,4.73297294927909,-0.5215538218573074,0.42387765747763695
61499.74002795587,52.41265107380173,-1.5120408042576776,99.60154697266228,4.500467949679428,286.080291823122,1.5642066564885022,11,4.482180931843668,4.549428359391916,4.500574033685346,4.526759813995793,-0.4924894494330673,-0.03935152082140171
61598.884524768524,52.41265137294879,-1.512042505850746,99.63104591023273,4.32200785541666,286.07699228168394,0.9104507533757178,12,4.295782909703126,4.376020966813599,4.321510444164477,4.337400929232171,-0.5199621545630988,-0.03299541438070285
61702.33502849421,52.41265165904548,-1.5120441342081976,99.66186465329965,4.1357969487104205,286.06765944515246,1.3900272574386365,13,4.1655392817370105,4.098506532447588,4.164970472879193,4.112501066165817,-0.5202067630047285,-0.0933283653145815
61800.52146594823,52.41265193176198,-1.51204569352464,99.69114871191448,3.9590613612931875,285.99811215407226,1.7014076940131444,10,4.0368449492586125,3.947576543077183,4.025290961852978,3.934227245420498,-0.579726220109044,-0.6954729108009657
61896.42332196399,52.41265219235458,-1.51204718496104,99.71978016002248,3.7864380204648245,285.98344459504415,1.0032130819766287,10,3.7525924965909785,3.773067673448581,3.7851391140677793,3.7805596336916425,-0.5036732026059282,-0.14667559028155322
62003.10491668144,52.412652440701166,-1.512048600303827,99.7516600576022,3.594411149973401,286.0477921211525,1.192762590799894,10,3.5147388453359536,3.597775204517772,3.550851094680479,3.6018680184030467,-0.6069794756196079,0.6434752610835931
62095.54758334134,52.41265267748624,-1.512049950156397,99.77930789182038,3.4280143499855953,286.0432860063761,1.2392327824037896,12,3.4651057395797817,3.406448134170014,3.466469896911312,3.435146534340411,-0.4763698413850976,-0.04506114776522743
62198.44046600168,52.412652901777186,-1.512051226938797,99.81010325899405,3.2428071611969798,286.0652652249282,0.8257726199032739,13,3.225788949909078,3.2639045375481484,3.234920154347001,3.2442786525010394,-0.5090067757268082,0.21979218552146496
62299.18617212574,52.4126531134073,-1.5120524323775264,99.84027548724109,3.0614648901736743,286.05605720522476,0.9917417087198448,11,3.076298450426232,3.0489248813979692,3.060827684308475,3.047531454270823,-0.5139088036728998,-0.0920801970351799
62401.219571683134,52.41265331242655,-1.5120535654607468,99.87084987572422,2.877804770970356,286.06310463206705,1.7130940978529177,12,2.8383269296781304,2.8639163862264234,2.8550140941595235,2.8786800887125175,-0.49531417098405156,0.07047426842339266
62498.91786572099,52.412653499195734,-1.5120546293452166,99.90013788939808,2.7019478417022174,286.0553005812119,1.2497451424328894,12,2.759117351322477,2.703242537065264,2.7324721257794926,2.7076155717070387,-0.47018833463475107,-0.07804050855188512
62598.61426848224,52.412653673311674,-1.5120556226876056,99.93003470296838,2.522494316731961,286.03178206856,1.6242595875447625,11,2.5514014604151907,2.5472201010933793,2.5348786223038013,2.514947522192289,-0.5451433736243873,-0.23518512651851806
62699.93848635683,52.41265383495933,-1.5120565441515594,99.96042677211135,2.3401107245577095,286.04409458068744,1.275659760805588,13,2.3479801175499335,2.3643270210498146,2.34171401845076,2.3557183822758265,-0.5390469283388893,0.12312512127382529
62802.30260147075,52.412653983678986,-1.51205739315569,99.99113487180465,2.1558553173526507,286.0219445058194,1.2613037785964365,8,2.175943096279209,2.121228027492298,2.175601547123498,2.1274832372862833,-0.4285275245492061,-0.22150074867921596
62899.33301691762,52.412654120586254,-1.5120581732672824,100.02024382990047,1.981200569548291,286.05035836679053,1.5084737627139733,11,1.97137510663313,2.0008336646394733,1.9700014677051425,1.9904068962011394,-0.5548274192750733,0.28413860971109
63004.24274069456,52.41265424459111,-1.5120588789534788,100.05171433915253,1.792363066749796,286.06990423903517,1.7149685346663326,13,1.7853423976881646,1.7930601295565456,1.78691597083296,1.800347664866156,-0.5300680196624846,0.19545872244541249
63100.54477002789,52.412654356450034,-1.5120595164633606,100.08059781069042,1.619019413949802,286.0473420695821,0.9756154543338534,8,1.6383245142423424,1.6105459765430388,1.637097297467353,1.603872240144985,-0.4800465359233928,-0.2256216945300555
63199.00404840875,52.412654455933804,-1.5120600842494092,100.11012054870531,1.4417927128642447,286.02575764090443,1.398929273093386,8,1.4486487476354557,1.4358419655348997,1.4497310402490833,1.4292966353899978,-0.5027593423317381,-0.2158442867769219
63299.14487589678,52.412654543166646,-1.512060580962669,100.14013652750026,1.2615392233857976,286.06103548032104,1.0232554708957455,13,1.2450774703297758,1.272607520302516,1.2458810737762935,1.2717700641333458,-0.49184704039523464,0.3527783941661211
63398.66611260077,52.41265461815299,-1.5120610070763856,100.16995287486357,1.0824009973186237,286.09201122787294,1.7261940840671168,12,1.0769665868788154,1.100845830376845,1.0787627110789995,1.1023273164470657,-0.4963085763749337,0.309757475519134
63501.33688446888,52.41265468029602,-1.5120613604551723,100.20069514322864,0.8975936079560086,286.0813092440767,1.6450768821710946,11,0.8980033751484209,0.9042238249983082,0.9014594968953856,0.8951787693861782,-0.5288843688766706,-0.10701983796170259
63599.42136324962,52.41265473020056,-1.512061644333383,100.23004444335203,0.7210415461506869,286.0762534638376,1.0269838010236616,12,0.7229860834736899,0.7155735443770654,0.7205762414383062,0.7206173854181127,-0.4860594004600146,-0.05055780239178339
63699.674661982084,52.41265476759558,-1.5120618571744233,100.26001981565673,0.5405856084322437,286.06749635836127,1.1351128642299013,8,0.5441906598079091,0.5385942614699866,0.5445430313204948,0.5343980911831502,-0.3938685277273062,-0.08757105476275875
63798.73099733044,52.41265479271662,-1.512061999785707,100.28961164453672,0.3622842048052121,286.10702263870553,1.7953083033692057,9,0.34540248060224504,0.3773011605218704,0.3457164325280546,0.3804462140107043,-0.4908543473934301,0.3952628034427633
63903.64728803079,52.41265480475968,-1.5120620680494032,100.32092301039444,0.17343488154457845,286.13036777569994,1.4509622632398824,9,0.16012319007454284,0.18418271929859928,0.16159735233840686,0.18414910050024424,-0.48693404760614545,0.23345136994387106
63996.17690310692,52.412654805237935,-1.5120620707577894,100.34850847637371,0.006881574407542246,286.14430509565955,1.6286676331759642,11,0.00044440879057129547,0.013236198300478527,0.0004464516529611551,0.013247895096861953,-0.24230050365540712,0.13937319959601488
64099.32390264838,52.412654805237935,-1.5120620707577894,100.37922398197834,0.0,286.11826354871516,1.353458632939358,12,0.012091490667867636,-0.012090958494554986,0.011973035493532031,-0.012015330721473304,-0.04668436124846197,-0.2604154694434547
64200.77944118743,52.412654805237935,-1.5120620707577894,100.40939645588202,0.0,286.08804099083295,0.9232392087134957,9,0.013978472283845935,-0.01382071349390388,0.013984082808808031,-0.013912490269383937,0.056105632962930634,-0.30222557882286344
64300.64359281015,52.412654805237935,-1.5120620707577894,100.43905452003594,0.0,286.1149501185365,1.1499443589613294,11,-0.012336682526631922,0.012358422357450745,-0.012395518920116078,0.012377558737822147,0.010172773785244605,0.2690912770359991
64400.08281910273,52.412654805237935,-1.5120620707577894,100.4685428854811,0.0,286.1627789495452,1.6163764498558746,13,-0.02203160450111588,0.021820199712726047,-0.02195721012086933,0.022011186342824736,-0.07127071336410609,0.47828831008699285
64501.51639647506,52.412654805237935,-1.5120620707577894,100.49857491592577,0.0,286.0846490035816,0.9644000643812087,11,0.035613630792023385,-0.035890336254292526,0.03605520131848325,-0.035999601943552145,0.004786037811206572,-0.7812994596362411
64600.50790648043,52.412654805237935,-1.5120620707577894,100.52783447397056,0.0,286.0387336322142,1.4134130415939723,11,0.021011092333849197,-0.021248662777646463,0.021128785267814375,-0.021250688783671947,0.026097208963193792,-0.45915371367350827
64699.60020268091,52.412654805237935,-1.5120620707577894,100.5570720182859,0.0,286.05697382533094,1.6219772922412732,13,-0.008416529522228633,0.008476374602647004,-0.008394390615922759,0.008468328655600467,-0.02551448124560637,0.18240193116612122
64797.92040751029,52.412654805237935,-1.5120620707577894,100.5860276991909,0.0,286.0500079974886,0.9400169823607294,8,0.0032382801192391364,-0.0032455028304159855,0.0032212074254823714,-0.00322128197788616,0.0018453717339943201,-0.06965827842328653
64900.67806995977,52.412654805237935,-1.5120620707577894,100.61622964071603,0.0,286.02291870001045,1.665499770091301,8,0.012518333658479267,-0.012584089434898735,0.012543572686880519,-0.012663068357168043,-0.06276850557612611,-0.2708929747811059
64997.81003282136,52.412654805237935,-1.5120620707577894,100.64471834033877,0.0,286.04235295910917,1.488072559315841,8,-0.009006580559607935,0.008920632770199152,-0.008980323186007437,0.008928460276521565,-0.002175149638391886,0.19434259098757337
65095.94288334827,52.412654805237935,-1.5120620707577894,100.67343882023786,0.0,286.0042683563852,0.9378939688274944,8,0.01758990176250593,-0.01767308852280718,0.017744842007210878,-0.017523617267194164,0.015413855743328046,-0.38084602723972244
65201.93518642645,52.412654805237935,-1.5120620707577894,100.70438658739097,0.0,286.0301588804798,0.9892985951659642,13,-0.01186649975000671,0.011887864133036448,-0.01195261365999826,0.011976635166675149,0.05847679165194208,0.25890524094530926
65299.468981652135,52.412654805237935,-1.5120620707577894,100.73279479816162,0.0,286.01761317300463,1.7308085875949104,8,0.005827867044925366,-0.005790781129453103,0.005770470221845586,-0.005826235544220881,0.00987427229171673,-0.12545707475101353
65399.02091318303,52.412654805237935,-1.5120620707577894,100.76171891526579,0.0,286.0650496813895,1.37176440453272,8,-0.02156175339102744,0.02167898765151777,-0.021755414547548226,0.021757429127871576,-0.03755286686633183,0.47436508384860887
65499.60613545219,52.412654805237935,-1.5120620707577894,100.7908665681355,0.0,286.0591842358043,1.3732350080658904,13,0.002731319595626614,-0.0027229103860371305,0.0027078259353079323,-0.0027154575529015363,-0.03871350972857866,-0.058654455851729195
65599.72268517817,52.412654805237935,-1.5120620707577894,100.81979895731203,0.0,286.0870705933037,1.665925713364297,13,-0.012939461192359586,0.012809651078039549,-0.012939280981152126,0.012832623741712689,0.09122449022390665,0.2788635749926152
65699.35735136345,52.412654805237935,-1.5120620707577894,100.84851051487144,0.0,286.0740314207801,1.0830750863185596,8,0.006042619046061237,-0.00604816458867611,0.006031569123028879,-0.0060155453918961715,0.0019800067080172046,-0.13039172523477427
65799.62938105212,52.412654805237935,-1.5120620707577894,100.87732069282312,0.0,286.04595768111164,0.8802061044402216,9,0.012829697860411462,-0.012952602316178738,0.012908681251016192,-0.01293492126593046,-0.011962122804549733,-0.280737396684755
65900.4861247793,52.412654805237935,-1.5120620707577894,100.9062098828997,0.0,286.02880630396714,1.1843116457380818,13,0.007870443175025811,-0.007855076667908743,0.007917890094573702,-0.007904968245382669,0.07586307603144511,-0.1715137714453533
65999.7371447163,52.412654805237935,-1.5120620707577894,100.93454915812,0.0,286.03054449765784,1.4893379807250116,13,-0.0007944473207711542,0.0007993655508606698,-0.0007995389062744957,0.0007993829102320295,0.07462172538680684,0.01738193690738822
66101.0677060572,52.412654805237935,-1.5120620707577894,100.9633872145024,0.0,285.98655554402524,1.1699693640472604,9,0.020348901904630776,-0.02040602838993316,0.02031651680171488,-0.020505955787035658,0.05816647818521358,-0.439889536326223
66205.00676402026,52.412654805237935,-1.5120620707577894,100.99286483568942,0.0,286.01826581982095,1.178261309180384,8,-0.014627259934846948,0.014567908682852633,-0.01466502837901926,0.014649576619693667,0.0005705572137953665,0.31710275795647214
66301.99811776535,52.412654805237935,-1.5120620707577894,101.0202753716541,0.0,286.01743192268407,0.8999171296668492,12,0.0003840123630305371,-0.00038605530229777953,0.0003869043783037186,-0.0003842883258671355,-0.02237027783083085,-0.008338971368148937
66400.96879107143,52.412654805237935,-1.5120620707577894,101.04814632335246,0.0,285.95053598701566,0.9724165099526294,12,0.03079218562873033,-0.030633296548153964,0.030839353304938255,-0.03051158595211268,0.00934404640591,-0.6689593566837017
66500.22291280195,52.412654805237935,-1.5120620707577894,101.07599398523399,0.0,285.9079509264052,1.7058873984679463,8,0.019686246749323438,-0.01975255232902525,0.01965128239055839,-0.01973279035832345,-0.10329497290132994,-0.42585060610574255
66600.77336779665,52.412654805237935,-1.5120620707577894,101.1040972612384,0.0,285.87523994141225,1.793030203378906,10,0.015022066577565236,-0.01513702569613524,0.015108088360500937,-0.015125167256676807,-0.02167310201987417,-0.32710984992812986
66701.61910675131,52.412654805237935,-1.5120620707577894,101.1321709447871,0.0,285.8432535645986,0.931132384614688,11,0.014754214204670255,-0.014737024476336706,0.014757657964777422,-0.014664863610840491,0.08428479109088693,-0.319863768137296
66800.92300487134,52.412654805237935,-1.5120620707577894,101.15970290893452,0.0,285.8486611025792,0.9544980057552486,8,-0.002493574665824434,0.0024972362958289866,-0.0024857995233308963,0.0024920886638870187,-0.01548853132490318,0.05407537980622153
66902.38977682375,52.412654805237935,-1.5120620707577894,101.18771638488099,0.0,285.84299533350645,0.8097781168625121,12,0.0025816686122057783,-0.002638720774092748,0.0026108987024704533,-0.0026147178409153472,0.026983217909321407,-0.05665769072722092
67002.19570221743,52.412654805237935,-1.5120620707577894,101.21515204649943,0.0,285.85427298677314,1.1482079308027742,11,-0.005161630341501927,0.00520109058919194,-0.005161626109531156,0.005221125284365971,0.03733291458937919,0.11277653266634743
67099.62169015827,52.412654805237935,-1.5120620707577894,101.24181675985085,0.0,285.8336396448641,1.4797793172282308,9,0.009551072464699367,-0.009462262561474631,0.009479853440283037,-0.009442868166910116,-0.11196944904540103,-0.20633341909060515
67199.0705678403,52.412654805237935,-1.5120620707577894,101.2689135373387,0.0,285.86125146364327,1.0466171902919583,13,-0.012712868681982317,0.012760170553071385,-0.012714101395393688,0.012739165770390562,0.07886346492810381,0.2761181877920726
67301.00806077276,52.412654805237935,-1.5120620707577894,101.29655811782263,0.0,285.8411631627025,1.7438065553886388,13,0.009272723048542007,-0.009237219712996571,0.009281941524597034,-0.009280355948420811,-0.07856830382170557,-0.20088300940718964
67403.37713158257,52.412654805237935,-1.5120620707577894,101.32418415021704,0.0,285.8177317377588,0.9452316224803478,10,0.010708810952522298,-0.01076897522138483,0.010722095026698889,-0.010741872852713292,-0.06084158600705895,-0.23431424943774587
67497.84806726775,52.412654805237935,-1.5120620707577894,101.34955568321027,0.0,285.8309954570632,1.3986181878382156,12,-0.006067977236371803,0.006125157380513917,-0.006103076133683668,0.006134429571386406,-0.04349090196462796,0.13263719304404797
67600.91765298681,52.412654805237935,-1.5120620707577894,101.37709904309324,0.0,285.8018967052428,1.37523166931224,10,0.013373131833473533,-0.013431352323335215,0.013382102881863228,-0.01343454138719876,0.05148872326389915,-0.2909875182044208
67699.90300760875,52.412654805237935,-1.5120620707577894,101.40341329519786,0.0,285.82818966846537,1.5733516008776243,10,-0.012365793354642869,0.01208944868160367,-0.01227082431190923,0.012067905734113819,0.06323540239334294,0.2629296322263175
67799.7096352467,52.412654805237935,-1.5120620707577894,101.4298066444324,0.0,285.87156319406586,1.7317117466798955,11,-0.020080709625830136,0.01998627703429645,-0.02007164109439058,0.0200022122421188,-0.09826831671956165,0.43373525600544255
67899.56437478511,52.412654805237935,-1.5120620707577894,101.45607018614163,0.0,285.8990514440827,1.0901016460176236,10,-0.012755045666373106,0.012675368798969024,-0.012717991218187908,0.012673575525826578,0.06730903741509942,0.27488250016734156
68003.14466793822,52.412654805237935,-1.5120620707577894,101.48316017003252,0.0,285.87466886584616,1.1457372808698563,11,0.011279951986372704,-0.011162824308647935,0.011305243275921641,-0.011250438295065647,0.027629799209560692,-0.24382578236498734
68102.16798597392,52.412654805237935,-1.5120620707577894,101.50890960215109,0.0,285.8598862418652,1.011726774833932,9,0.0067797894710370865,-0.006828160802172852,0.00680659327540492,-0.006810000463411278,-0.00869526977907439,-0.14782623980937612
68200.32417259517,52.412654805237935,-1.5120620707577894,101.53428753892041,0.0,285.8765641846967,1.691722160434844,8,-0.007750629492217633,0.007682113541448137,-0.007732923879886158,0.007720865181801489,0.03435300007157239,0.16677942831537274
68298.98756915833,52.412654805237935,-1.5120620707577894,101.55964763921249,0.0,285.87072845022226,1.2709202117628315,13,0.002685261856384442,-0.00266982405515006,0.0026983185344763624,-0.002671268978808572,-0.05378523603568508,-0.058357344745319395
68401.86645631469,52.412654805237935,-1.5120620707577894,101.58592954660574,0.0,285.91022186884254,1.5742036740010392,8,-0.018138098803026376,0.018114741623344074,-0.018251064038376747,0.018204336557127228,0.05104173034848484,0.3949341862034131
68500.73009125188,52.412654805237935,-1.5120620707577894,101.61102757796048,0.0,285.9502778493646,0.8129652145728203,11,-0.018502106543619244,0.018399732480982974,-0.018552667418878788,0.0185472426428453,0.09557855817676528,0.4005598052210321
68599.1500140988,52.412654805237935,-1.5120620707577894,101.63585656752919,0.0,285.9827102311252,1.7279994820656088,9,-0.014889722932557222,0.015079877287602756,-0.015052584748742664,0.015006372462198098,-0.08738864315763559,0.32432381760611867
68699.18777400073,52.412654805237935,-1.5120620707577894,101.66093130106833,0.0,286.02897128927384,1.4873356603019983,10,-0.021134429092293044,0.021713130877593953,-0.021203819282534907,0.02135560903624784,-0.002467634714831385,0.4626105814861665
68800.53977195712,52.412654805237935,-1.5120620707577894,101.68616593371718,0.0,286.0051309870481,1.2277746420919298,11,0.010984351724826206,-0.010976042444692084,0.011007136942543615,-0.010984404619206417,-0.03199271536203096,-0.2384030222575388
68896.68907189406,52.412654805237935,-1.5120620707577894,101.70994514196762,0.0,285.98737267928857,0.8360091051413274,11,0.008328852572859953,-0.008237264222354417,0.008295630673179932,-0.00819237299065712,-0.020841543212511828,-0.17758307759533398
68999.70972066018,52.412654805237935,-1.5120620707577894,101.73524825599044,0.0,286.0039964753813,0.8445299448028555,8,-0.007794272683097572,0.007653633841272974,-0.007718443466725305,0.007637313903423547,0.011408227867202119,0.16623796092743848
69099.44640552177,52.412654805237935,-1.5120620707577894,101.75956936351733,0.0,286.05573323820795,1.623796253780629,8,-0.023905065653909926,0.023970339853784058,-0.023921545986225336,0.023975995579938264,0.037934854113094316,0.517367628266383
69198.87504273787,52.412654805237935,-1.5120620707577894,101.78364113511432,0.0,286.0298300456079,1.50622422235177,13,0.011871844697200066,-0.012072669633887716,0.011935606714596836,-0.01197863074640732,0.052402335684561485,-0.2590319259995287
69301.40707117377,52.412654805237935,-1.5120620707577894,101.80827954335611,0.0,286.02340616775393,1.0083409341421137,12,0.0029575387441298758,-0.0029577542016217045,0.0029589848810788466,-0.00295760633924619,0.07175680435001805,-0.06423877854031614
69398.48466548056,52.412654805237935,-1.5120620707577894,101.8314320959462,0.0,286.0376990355262,1.6462830152925747,13,-0.006658500265359769,0.006643117765704107,-0.006652311577217172,0.006609368449623691,-0.04620252955746377,0.14292867772274168
69500.47931534897,52.412654805237935,-1.5120620707577894,101.85557137554217,0.0,286.03489572579065,1.5158494410000196,10,0.0012980123713801355,-0.0012973175645948766,0.0012970764461765086,-0.001284758721413194,0.016377146875607426,-0.028033097355094214
69599.22682763576,52.412654805237935,-1.5120620707577894,101.87875826236778,0.0,285.9721023042696,1.2025820547931196,8,0.029129134092714504,-0.02875870988341015,0.028893430437832143,-0.02886627195055867,0.030857117885220366,-0.6279342152114782
69699.21762687113,52.412654805237935,-1.5120620707577894,101.9020504036536,0.0,285.956207856437,1.5469976203969251,12,0.007395522837689852,-0.0074288371664005285,0.0073631518843946305,-0.007373422637439922,-0.03009947903083404,-0.15894447832534614
69799.02172887822,52.412654805237935,-1.5120620707577894,101.92510942041183,0.0,285.9431826421119,1.4040765795926409,12,0.006027671434734061,-0.006009400072122352,0.006004075787680661,-0.00604786450022746,0.05958858981101611,-0.13025214325210308
69905.72894968952,52.412654805237935,-1.5120620707577894,101.94955118550152,0.0,285.93251431673207,0.998513845895298,11,0.004913377878690091,-0.004879591133515363,0.004911859488756501,-0.00491166454646095,0.04886274624155919,-0.10668325379915097
70000.2057690485,52.412654805237935,-1.5120620707577894,101.97100633466397,0.0,285.90371262295344,0.8621207076323583,12,0.01332811862735266,-0.013257905274899723,0.013277420524037997,-0.013268333259828608,-0.010470164433467096,-0.28801693778546705
70098.33797679172,52.412654805237935,-1.5120620707577894,101.9931053057456,0.0,285.8965804939469,1.2459644847980043,9,0.003269130042468744,-0.0032927957616395794,0.0032830361654619484,-0.0032834736712738896,-0.08270144157373355,-0.07132129006549867
70196.78564135918,52.412654805237935,-1.5120620707577894,102.01508245454862,0.0,285.8352086704567,0.8786546972754713,9,0.028170949552893135,-0.02833129679673128,0.02815945484432148,-0.02829597171796722,0.12033102006568319,-0.6137182349016286
70297.04130491368,52.412654805237935,-1.5120620707577894,102.03726249006417,0.0,285.8088804512913,1.1279663776803894,13,0.01227128020632676,-0.012098433265392915,0.012193423301516085,-0.012147580958692172,-0.07430209709248893,-0.2632821916539074
70398.02422299302,52.412654805237935,-1.5120620707577894,102.05939641309647,0.0,285.7929528034349,1.06508506405314,9,0.007425194089427793,-0.00738744373581255,0.007356728270392991,-0.0073622186832268425,0.08712883263206005,-0.1592764785636717
70499.03353265635,52.412654805237935,-1.5120620707577894,102.08132603204521,0.0,285.791191012999,1.4246040073488648,12,0.0008064130754983165,-0.0008143300698202197,0.0008068036495802791,-0.0008169721222549278,-0.0432657933856297,-0.017617904359994208
70599.59927977661,52.412654805237935,-1.5120620707577894,102.10294839791948,0.0,285.8131086833953,1.6899377052875586,13,-0.010032504609275007,0.01007221131809026,-0.009992155215151139,0.01011072193536068,0.014033459958146439,0.2191767039633273
70702.10550554332,52.412654805237935,-1.5120620707577894,102.12476909191344,0.0,285.7957520199326,1.0302616231848276,12,0.007970414864060183,-0.00802153800777132,0.008034250357719782,-0.008019177515018669,0.02408320054450397,-0.17356663462725486
70799.03783106217,52.412654805237935,-1.5120620707577894,102.14519791833598,0.0,285.8102636188596,1.6635444537074484,8,-0.006727737111759239,0.006699960402598974,-0.006741167821834877,0.006668427701538252,-0.04107626485060173,0.1451159892696129
70900.75336314828,52.412654805237935,-1.5120620707577894,102.16641806550533,0.0,285.80130870475045,1.5031402758294536,8,0.004200232504162673,-0.0041110918174480865,0.0041785002068257,-0.00410447549192051,-0.0532055293893568,-0.08954914109182603
70999.93900129903,52.412654805237935,-1.5120620707577894,102.18689459339973,0.0,285.7623468784536,0.9422766073397616,12,0.018251948367738,-0.018193412814315434,0.01798206411442378,-0.018109199489204142,0.018062366571949175,-0.38961826296687363
71101.2141042912,52.412654805237935,-1.5120620707577894,102.20758048314323,0.0,285.7665640930794,1.185355694766466,9,-0.0019475116914535033,0.0019580271038068765,-0.0019493965606441753,0.0019533749860201925,0.00681608424222481,0.042172146256982165
71201.01307185159,52.412654805237935,-1.5120620707577894,102.22774338014293,0.0,285.7788499668832,1.0864095858257428,9,-0.005687601620379628,0.005602149715763916,-0.0056478250189092565,0.00565895741987831,-0.02774600627560693,0.1228587380369102
71300.0622783002,52.412654805237935,-1.5120620707577894,102.24753542038809,0.0,285.8201306143296,0.8530566981458192,13,-0.0188944116694995,0.019017450764008504,-0.018926550736759716,0.01904896328728175,-0.006012390331375093,0.41280647446566343
71399.79624123144,52.412654805237935,-1.5120620707577894,102.26724149438682,0.0,285.81799183768567,0.9511183834610051,8,0.000987163154538734,-0.0009819835854667387,0.0009883995520004521,-0.0009867706649902437,-0.06033119582838891,-0.021387766441021708
71503.93592161918,52.412654805237935,-1.5120620707577894,102.28757736683572,0.0,285.82693026189713,1.362815253470187,11,-0.004126426299127385,0.004148325591119052,-0.004117013058154753,0.004161285933555971,-0.032264552000797884,0.08938424211530764
71600.21647240536,52.412654805237935,-1.5120620707577894,102.30615788695151,0.0,285.8593624369596,0.8561187011584676,12,-0.015042920096905298,0.014970849167973366,-0.014989660971353387,0.014933275860489282,-0.062352850304334434,0.32432175062437885
71697.7122259409,52.412654805237935,-1.5120620707577894,102.32475507113206,0.0,285.86450750599624,1.39658304117851,9,-0.0023721302355565695,0.0023768684567780176,-0.00237981932540453,0.0023817341499830008,0.011606147267831766,0.05145069036732146
71798.83407910763,52.412654805237935,-1.5120620707577894,102.34381044920559,0.0,285.81962349024616,1.0236001503235328,8,0.020654563317579908,-0.020756287379666807,0.020608327571353866,-0.020692664822094923,-0.05816476944235876,-0.44884015750179224
71896.65065519352,52.412654805237935,-1.5120620707577894,102.3620149569878,0.0,285.8008165962898,1.414274697904888,12,0.008754413090287263,-0.008660143367027804,0.00872273018300134,-0.008716764563214683,-0.010342703994493128,-0.1880689395631399
71998.70215669107,52.412654805237935,-1.5120620707577894,102.38076670809043,0.0,285.82158026471905,1.1144083648472893,11,-0.009613167056414879,0.009631226848905815,-0.009613488030754866,0.00966829989303131,0.07269815493627906,0.2076366842928524
72097.05985632884,52.412654805237935,-1.5120620707577894,102.39860510905865,0.0,285.8191456429413,0.9063302930664418,9,0.0011193441942867067,-0.0011272043763727031,0.0011321885443358144,-0.0011269970874344423,0.05066492668240502,-0.024346217777186284
72202.05289034224,52.412654805237935,-1.5120620707577894,102.41739081468843,0.0,285.83290882412257,1.7810103701041968,10,-0.006366009928582515,0.006299066372867557,-0.006377757662585566,0.006310887372692489,0.012205058795556748,0.13763181181296547
72304.48576723193,52.412654805237935,-1.5120620707577894,102.43546165250523,0.0,285.86525331221105,1.7588317276683694,9,-0.014924424435420027,0.014911249745956475,-0.014894978243147694,0.014894495399438143,0.054308754504673665,0.3234448808844464
72400.55379590306,52.412654805237935,-1.5120620707577894,102.45217744787344,0.0,285.8728818666086,1.334191079384777,10,-0.003504097948146645,0.00355388693142547,-0.003515551800915783,0.0035292873796166063,-0.07213552147245793,0.07628554397528625
72498.46984760018,52.412654805237935,-1.5120620707577894,102.46898190496752,0.0,285.8778293289861,1.4974754681091915,9,-0.0023109062878583406,0.002286858087540294,-0.0022842064203982843,0.0022932163358739357,-0.07285367011183473,0.04947462377575942
72598.50669648463,52.412654805237935,-1.5120620707577894,102.48590586448941,0.0,285.87444634566305,0.9615272581676113,10,0.001555241938971817,-0.001546568213234681,0.0015549408338739858,-0.001560323686124461,-0.064986826070724,-0.03382983323159785
72697.43824099725,52.412654805237935,-1.5120620707577894,102.50239817379075,0.0,285.88246999652756,0.8834506037291301,11,-0.0037274670121119993,0.003682335453173147,-0.003716636512404987,0.003693259757901484,0.008235813510236776,0.08023650864656179
72797.20942735247,52.412654805237935,-1.5120620707577894,102.51878240460222,0.0,285.8794625231566,0.9498647772495028,9,0.0014001206233884528,-0.0013861609546364996,0.001389743566686908,-0.001379626275590444,-0.031864645452910144,-0.03007473370997231
72899.49451513395,52.412654805237935,-1.5120620707577894,102.5353191688273,0.0,285.89520099488163,1.3440811348429347,12,-0.007257545424116575,0.007300912886019305,-0.007328155978519774,0.00722219547685204,-0.08901750411922776,0.15738471725108655
73002.03713006589,52.412654805237935,-1.5120620707577894,102.55163131544337,0.0,285.88936398047565,1.1136478625079007,11,0.0027015871849857096,-0.0027110328186157003,0.002690264157058839,-0.0027168425465045336,0.046006893331171805,-0.0583701440605106
73099.1993056426,52.412654805237935,-1.5120620707577894,102.56684003262501,0.0,285.89065872320475,1.6691632870712176,8,-0.0005888907914770354,0.000599800999547621,-0.0005968038756095063,0.0005967580416609521,0.03800099457700321,0.012947427290680089
73196.44656384653,52.412654805237935,-1.5120620707577894,102.58181942859481,0.0,285.8327016454879,1.184513753043635,12,0.02708006126673462,-0.026730571066726713,0.026949245091261894,-0.026697260950185955,-0.003335295537275255,-0.5795707771684552
73304.23366639653,52.412654805237935,-1.5120620707577894,102.59813697161688,0.0,285.82975820380125,1.6968444998862537,10,0.0013651841142955322,-0.0013591315235728743,0.0013639880032027458,-0.0013560935160235011,0.08520588039707244,-0.02943441686711825
73396.19838408832,52.412654805237935,-1.5120620707577894,102.61182064889265,0.0,285.80540308515106,1.079404687567586,9,0.011152054415524162,-0.011273336563227593,0.01119323181800398,-0.011287689975526809,0.02795331302867814,-0.2435511865004168
73501.22032581108,52.412654805237935,-1.5120620707577894,102.62717691565409,0.0,285.7870060941274,1.6808319505595826,10,0.008487187502799823,-0.008444393818676451,0.008467749798366132,-0.008461997522668277,-0.01290117354628454,-0.18396991023753678
73603.83319560158,52.412654805237935,-1.5120620707577894,102.64190107056845,0.0,285.7800154850232,1.557258311800573,12,0.0032687025246411353,-0.003262845910836105,0.003235998157883604,-0.0032448310996592757,-0.07764576206132565,-0.06990609104165053
73702.40404305044,52.412654805237935,-1.5120620707577894,102.6557832919583,0.0,285.77257760981684,1.7269364126972881,11,0.00344152237322751,-0.0034659164415521892,0.0034288078902687574,-0.0034695266472698737,0.0110995260580852,-0.07437875206406751
73801.5834012498,52.412654805237935,-1.5120620707577894,102.66949077636622,0.0,285.7999960214664,1.2978786328271985,10,-0.012803189778862288,0.012687344065739082,-0.012654719472204283,0.012690438877398113,0.004915990248959624,0.27418411649635244
73896.04458832492,52.412654805237935,-1.5120620707577894,102.68230204328437,0.0,285.81118077884526,1.127175350072876,9,-0.005182680138016404,0.005113154898131248,-0.005157158747704555,0.005119100004858906,-0.07949966650562308,0.11184757378862209
74001.63763212548,52.412654805237935,-1.5120620707577894,102.69633970503871,0.0,285.8066351391084,1.387426968214076,12,0.0021122500310357083,-0.00210468103082319,0.0021197071619320496,-0.002090305261144064,0.03153674259653695,-0.045456397369209256
74098.57106152993,52.412654805237935,-1.5120620707577894,102.70896152002771,0.0,285.7799873164199,1.0017413198781764,8,0.012287171036216122,-0.01227680072578538,0.012243499848503486,-0.012313506693482147,-0.031401949465549917,-0.2664782268853299
74199.96005931695,52.412654805237935,-1.5120620707577894,102.72189112767255,0.0,285.7192350637458,1.1941202574511482,10,0.02816224200147356,-0.028273103042933487,0.027916583185733243,-0.0281959982259979,-0.01696746196121502,-0.6075225267397789
74297.10440456579,52.412654805237935,-1.5120620707577894,102.73401697909816,0.0,285.7199786388669,1.3071549445296164,10,-0.00034179107858500713,0.00034281187624537324,-0.0003432282535203028,0.00034266686317337657,-0.021261832936881865,0.007435751210104058
74397.49804805922,52.412654805237935,-1.5120620707577894,102.74627730762813,0.0,285.7734942450004,1.4736844737079529,13,-0.02500220464204185,0.024742802968835527,-0.02476037760841885,0.02474871388770639,-0.021531414108571185,0.535156061335991
74497.96516459632,52.412654805237935,-1.5120620707577894,102.75826951287858,0.0,285.7378701167614,1.4400561007857444,8,0.016398025601594462,-0.016642373506449627,0.016425753641757083,-0.01651767062622051,0.014195745433508725,-0.3562412823904595
74603.8365463141,52.412654805237935,-1.5120620707577894,102.77060549819974,0.0,285.7681395847609,1.2036654393608974,9,-0.013949445789861691,0.013987458341569123,-0.013887799338868382,0.01391523544642331,0.005887549677400701,0.30269467999433014
74698.18840766881,52.412654805237935,-1.5120620707577894,102.78133758547943,0.0,285.75506170636413,0.8035653062875253,8,0.006046710667225241,-0.006002161969795962,0.006033485200475012,-0.006032644055357171,0.053931935231159404,-0.13077878396732015
74797.2327252124,52.412654805237935,-1.5120620707577894,102.79233702343333,0.0,285.73425264650336,0.9833104056597206,10,0.00954158867897958,-0.009626426752130263,0.009573801657905204,-0.00960853590985055,-0.042312434065215065,-0.20809059860868734
74895.17729619995,52.412654805237935,-1.5120620707577894,102.80294495765513,0.0,285.77742626928784,1.3996312698460698,11,-0.01989880260644639,0.019626703784565956,-0.020035674499155873,0.019780675781770275,0.00945591367031512,0.4317362278456548
75003.6429765657,52.412654805237935,-1.5120620707577894,102.81437857889088,0.0,285.7987371210397,1.0133453621207265,11,-0.009891665077402327,0.009808348634969552,-0.009884256230310952,0.009771649731277083,0.0018119431669239685,0.21310851751916296
75101.354765283,52.412654805237935,-1.5120620707577894,102.82439515535836,0.0,285.7819249653676,1.646659147965223,11,0.007719168954384675,-0.007749724580591494,0.007741199308306762,-0.007777871869021433,-0.05469302401784029,-0.16812155672235266
75198.91630990153,52.412654805237935,-1.5120620707577894,102.83412729257286,0.0,285.79403413531827,1.5297843997917697,13,-0.0055647976888740566,0.0056066774080003766,-0.005584672834931235,0.0056309701910142165,-0.006939921506794198,0.12109169950665216
75295.09945215892,52.412654805237935,-1.5120620707577894,102.84345786573193,0.0,285.768371224435,0.9613722794029185,8,0.011921597791772867,-0.011893021018329676,0.011896985723474206,-0.011895566429913629,-0.04727452712221024,-0.25662910883183454
75397.84008729846,52.412654805237935,-1.5120620707577894,102.85313398521657,0.0,285.797918489774,1.2814612587178367,11,-0.013767592008674489,0.01356500582344581,-0.013709463045400605,0.013618167441838077,-0.031144255305661457,0.29547265339007384
75498.41211817216,52.412654805237935,-1.5120620707577894,102.86231417652792,0.0,285.84283178485543,1.3282371761547744,10,-0.020561150933239455,0.020648053658558624,-0.020669938734005425,0.020775880959601308,0.02474923249252975,0.44913295081398974
75604.09218607949,52.412654805237935,-1.5120620707577894,102.8716486688266,0.0,285.82074129292005,1.207581467741937,10,0.010238687529202355,-0.010208983026788637,0.010262390960949132,-0.010203088560875827,0.007197986909162447,-0.22090491935353565
75698.22113018415,52.412654805237935,-1.5120620707577894,102.87969286186166,0.0,285.86245435296314,1.0975286770766655,9,-0.01936790460605334,0.019139753103446205,-0.019340816126297806,0.019310024252661304,0.07634043485659336,0.4171306004309429
75801.3189905176,52.412654805237935,-1.5120620707577894,102.88821073546231,0.0,285.8545617534187,1.4374086959380623,13,0.00370271578976964,-0.003645168099809313,0.003675558825711647,-0.0036517218219210583,-0.02281182346455854,-0.07892599544466378
75896.5500922228,52.412654805237935,-1.5120620707577894,102.89580593585009,0.0,285.86104725464884,1.104832997548292,10,-0.0029949264080211756,0.00297147755881725,-0.0030068387221590734,0.0029791649464352065,0.014842550566712477,0.06485501230102847
75999.29035109616,52.412654805237935,-1.5120620707577894,102.90370551690125,0.0,285.8884729143956,1.2402981908424984,8,-0.012521541468546669,0.012554482119284833,-0.012581723214738636,0.012573624810936648,-0.009373836158007562,0.27425659746868986
76102.04733763158,52.412654805237935,-1.5120620707577894,102.91129980951604,0.0,285.90019122128933,1.090394145412823,10,-0.0054344157231620265,0.0054579106852360795,-0.005414412299058504,0.005426186639734168,-0.02878209677940583,0.11718306893753616
76198.75202290466,52.412654805237935,-1.5120620707577894,102.91816604248127,0.0,285.86115616036363,1.542168877269392,10,0.018077277120515708,-0.01799153192684503,0.01805080066924446,-0.018095965245905586,-0.049467330264018713,-0.3903506092569221
76297.14746479636,52.412654805237935,-1.5120620707577894,102.92487222149468,0.0,285.85286224426955,1.7130632994150532,8,0.0038301479804013316,-0.00384155773122953,0.0038367873050345535,-0.003822355227772277,0.06105509978867307,-0.08293916094049125
76401.51629462601,52.412654805237935,-1.5120620707577894,102.9316760229765,0.0,285.8409969526492,1.522562072189737,10,0.00547577931319871,-0.005481600843003691,0.00549661521495653,-0.005474556597856211,-0.07382481036023152,-0.11865291620424961
76501.18277107137,52.412654805237935,-1.5120620707577894,102.93787520569434,0.0,285.84959948433925,1.024729498704223,12,-0.004006896199165749,0.003973164563624801,-0.003968772159912513,0.0039809999835054,0.1052908316629587,0.0860253169014517
76600.59882904583,52.412654805237935,-1.5120620707577894,102.94376808332491,0.0,285.8700070021748,1.551371574874618,11,-0.009438203074873657,0.009437916562930745,-0.00943462815002078,0.009438620631162383,0.0030649341951880385,0.20407517835467334
76702.25512706194,52.412654805237935,-1.5120620707577894,102.94949289200744,0.0,285.92479044778975,0.8598119097751384,8,-0.0254993885003075,0.02543181837543334,-0.025276142896827516,0.025215111339966158,-0.11218607360814092,0.5478344561500629
76799.055715342,52.412654805237935,-1.5120620707577894,102.95466095085617,0.0,285.96070080449715,0.9501588700738277,13,-0.016459425621726684,0.016662252088953725,-0.016452496835745102,0.01661023964590332,0.008835041183470426,0.35910356707418584
76900.75717011656,52.412654805237935,-1.5120620707577894,102.95979241185879,0.0,285.95179373252915,1.709769764950511,11,0.0041125265081947,-0.004082357843242599,0.004108582340656829,-0.004110292257266724,0.0427978749348816,-0.08907071968066502
76997.7494005479,52.412654805237935,-1.5120620707577894,102.9644010716139,0.0,285.95353823882465,1.351659133977659,8,-0.0008121910357209134,0.0008092357124362098,-0.0008021192997024016,0.0008025155937977144,-0.006742006880971306,0.017445062955077955
77099.47222012468,52.412654805237935,-1.5120620707577894,102.9689348941734,0.0,285.98766492248376,1.237079648961168,8,-0.015904929033340433,0.015614249683426023,-0.015795121447076194,0.015741265552608585,0.1718714199535681,0.34126683659106716
77200.13597745124,52.412654805237935,-1.5120620707577894,102.97311908762494,0.0,285.9821018638587,1.5816698377259997,11,0.002587891947144393,-0.002590259088511643,0.0025914059369169253,-0.0025713936612053183,0.004300889862986891,-0.05563058625016836
77295.6490658493,52.412654805237935,-1.5120620707577894,102.97681065341843,0.0,285.92438091784766,1.7020918478518576,12,0.02647371811581562,-0.026753475717056243,0.026666703324499545,-0.026731986133415354,-0.03588380781515172,-0.5772094601110443
77398.7943350868,52.412654805237935,-1.5120620707577894,102.98049221039152,0.0,285.91207468755374,1.0632338332812776,9,0.0056891400226104965,-0.005729635909261843,0.005682774894837552,-0.005702828501449974,-0.08025467436534023,-0.1230623029393165
77501.4130868173,52.412654805237935,-1.5120620707577894,102.98384030867432,0.0,285.897540350343,1.616754100198437,9,0.006682874989445762,-0.006696145552096726,0.006710069067865736,-0.0066891292246485405,-0.033065109077647974,-0.14534337210686488
77596.8052676897,52.412654805237935,-1.5120620707577894,102.98667083385158,0.0,285.9017454992013,1.5185546606851577,12,-0.001939226425132031,0.001926708150324332,-0.0019404282170392621,0.0019414142461992084,0.03541497171380818,0.0420514885826468
77698.57154765692,52.412654805237935,-1.5120620707577894,102.9893908668839,0.0,285.8804213283821,0.8683084983921054,10,0.009804023892800858,-0.009854792971736108,0.009843838950347291,-0.009817945220392432,-0.01807468639598869,-0.21324170819112634
77800.2180613818,52.412654805237935,-1.5120620707577894,102.991798655307,0.0,285.8532812628015,1.4196240902671078,13,0.012583313193336103,-0.012566908455237849,0.012532887311758672,-0.012580005673222266,-0.05288617741927494,-0.27140065580623846
77906.07489306785,52.412654805237935,-1.5120620707577894,102.99397759272689,0.0,285.8386088058203,0.9943660178363114,11,0.006839733806627956,-0.006785453226121935,0.0068020363361119265,-0.0067887607685864024,-0.01845523335646513,-0.1467245698112694
78001.96252790454,52.412654805237935,-1.5120620707577894,102.99566174514057,0.0,285.80599506342037,1.0840177728885354,10,0.015101625747735143,-0.015144171987498725,0.015058162165486005,-0.015066033918696832,-0.01600540550930838,-0.3261374240005794
78098.9068998546,52.412654805237935,-1.5120620707577894,102.99708445535414,0.0,285.849717681569,1.6411627023993929,8,-0.020430475279269965,0.020270759552839492,-0.02016846029557411,0.020098704639756045,-0.026245016095651302,0.43722618148655157
78196.85590075377,52.412654805237935,-1.5120620707577894,102.99823584498881,0.0,285.86986372023466,1.1068894493333727,11,-0.009300930142529898,0.009335748299654622,-0.009268053608435597,0.009355571798870357,0.1267919244462445,0.20146038665671218
78299.27919836645,52.412654805237935,-1.5120620707577894,102.99913217009798,0.0,285.8185839700441,1.047650156400558,9,0.02362181271663719,-0.023442757459736913,0.023643177709007607,-0.023611644376887776,0.012086928512506161,-0.5127975019058352
78400.06452416461,52.412654805237935,-1.5120620707577894,102.99970704621865,0.0,285.81456834096116,1.272309565314189,9,0.001852174833264869,-0.0018494427564718402,0.0018565227837854948,-0.0018485708238259173,0.10818085902537532,-0.04015629082838731
78502.1960315109,52.412654805237935,-1.5120620707577894,102.99997877071117,0.0,285.8475125237437,1.3155934507854763,10,-0.015350613120326099,0.015061503861910647,-0.015283521165805686,0.015218718721056186,-0.08552637488922023,0.329441827824835
78598.93632305552,52.412654805237935,-1.5120620707577894,102.9999475725663,0.0,285.866530204024,1.2722402211939006,9,-0.008785566604669063,0.00878101326411609,-0.008790028208320193,0.008806999095801299,-0.007766309798959876,0.19017680280283014
78701.68357960941,52.412654805237935,-1.5120620707577894,102.99960699353096,0.0,285.8728489417965,0.8600735373508204,10,-0.0029089853270672407,0.0029383821639069486,-0.002922972127600889,0.0029215811642091818,0.02388106603966195,0.06318737772598751
78802.21783717588,52.412654805237935,-1.5120620707577894,102.99896724107269,0.0,285.87207606264496,1.5212277584830294,11,0.00035601654018180555,-0.0003567825197787935,0.0003572454995261542,-0.00035591968865619224,0.008042961636206842,-0.007728791515577759
78899.52189397844,52.412654805237935,-1.5120620707577894,102.99805938797074,0.0,285.85149348486084,1.2575297866369888,11,0.009452627417372766,-0.00951718969871858,0.009449613920070137,-0.009481037508625544,-0.0224002566085082,-0.20582577784228354
79001.56546576277,52.412654805237935,-1.5120620707577894,102.99680238437226,0.0,285.81594305308784,1.650485896829221,9,0.01638511296535126,-0.01653760928415839,0.01639987373555897,-0.016433617277192673,-0.046104283138119706,-0.35550431772976027
79099.26527687127,52.412654805237935,-1.5120620707577894,102.99530647765384,0.0,285.81836591989384,1.5567506397385653,12,-0.0011222086661563102,0.0011277809434186408,-0.0011220089526997913,0.0011202513041579083,0.02013459033756451,0.024228668059997384
79200.0553516248,52.412654805237935,-1.5120620707577894,102.99346364164238,0.0,285.8262925653312,1.6881700001415565,12,-0.0036828278677282222,0.0036638206853718707,-0.0036693897661202244,0.003659774834096967,0.016754928744555322,0.0792664543726437
79296.95942638855,52.412654805237935,-1.5120620707577894,102.99140512232918,0.0,285.84468944149035,1.72167248268818,12,-0.008475557568581394,0.008507329498708669,-0.008505242590294297,0.008470681350709764,0.07839535473803949,0.18396876159310885
79400.09234641276,52.412654805237935,-1.5120620707577894,102.98890572258057,0.0,285.8677407973653,1.4977041147907932,13,-0.010658852869457305,0.010616394540045097,-0.010633669893585362,0.010614498827228605,0.04515508665421848,0.23051355874829765
79501.72084508574,52.412654805237935,-1.5120620707577894,102.98613179387138,0.0,285.88662185356,0.8183526539834585,12,-0.008790451764078978,0.008676119424539778,-0.00875162008333428,0.008684410475704292,-0.0033041471484923884,0.18881056194726778
79601.16490748801,52.412654805237935,-1.5120620707577894,102.98311894373536,0.0,285.83950086338405,0.9411797100399469,10,0.02185071072568553,-0.02191875687931991,0.021722894308228324,-0.021865035631302432,0.023828467991145016,-0.47120990175930944
79699.51637762236,52.412654805237935,-1.5120620707577894,102.97984903678932,0.0,285.79892651579166,1.6810678793782046,8,0.018694784787873835,-0.01860302624920633,0.018873078373437272,-0.018651855018981797,-0.013068390398873128,-0.4057434759244056
79802.02173519786,52.412654805237935,-1.5120620707577894,102.97613427333414,0.0,285.82608875708786,1.44858262483661,11,-0.01247916707257764,0.012545523252296159,-0.012547335056903778,0.012572929444621642,0.003852184037277573,0.27162241296255496
79898.81833707572,52.412654805237935,-1.5120620707577894,102.97233931469714,0.0,285.8524620627102,1.7469038929012368,13,-0.012252848156508605,0.012211529849611817,-0.012229421099073183,0.012161341589777342,0.1257419471341613,0.2637330562221235
79999.53844276212,52.412654805237935,-1.5120620707577894,102.96809488368673,0.0,285.82866287479635,1.2900364044834185,8,0.011065105348037545,-0.011001901683324765,0.010963430427955301,-0.010918230814020323,-0.05826114365135848,-0.23799187913763178
80097.26917319497,52.412654805237935,-1.5120620707577894,102.96368859842185,0.0,285.80484608548454,1.3988283896300349,11,0.010948949586613655,-0.011028852405753142,0.010993871812598513,-0.011047647827601214,-0.06904557342976915,-0.23816789311808104
80201.36351561768,52.412654805237935,-1.5120620707577894,102.9586840981047,0.0,285.808026912953,1.3532047480073652,12,-0.0014811276496443115,0.0014724041183285044,-0.001472309462599048,0.001463713924046755,0.0794223355849469,0.031808274684028436
80299.13699982237,52.412654805237935,-1.5120620707577894,102.9536914927378,0.0,285.7659406128396,1.7274439412662725,13,0.019384117041793814,-0.01959908929752205,0.01943221917308899,-0.019471467042350584,-0.017530285715900398,-0.4208630011335043
80400.46932747528,52.412654805237935,-1.5120620707577894,102.9482192047079,0.0,285.7453973764566,0.9739964601452908,8,0.009358447533495465,-0.009530038330857521,0.009464867534395729,-0.00947976520859899,-0.035863264375033434,-0.20543236383051466
80500.38693082643,52.412654805237935,-1.5120620707577894,102.94252689642572,0.0,285.75976702751655,1.2423918400217122,8,-0.0066917729518622794,0.006665341674433704,-0.006693148812043953,0.006653251075070757,0.035894726867490054,0.14369651059952757
80599.99065387672,52.412654805237935,-1.5120620707577894,102.93656008655934,0.0,285.7502645434531,1.7248051583338762,11,0.004403748450365103,-0.004351395689660161,0.004396717182118715,-0.004371691777521362,-0.03103063149981801,-0.0950248406335351
80700.61734252225,52.412654805237935,-1.5120620707577894,102.93023616327015,0.0,285.7663918490848,1.3999714111491897,12,-0.007484830029726635,0.0075256632554084185,-0.007468845549251571,0.007456324722735753,-0.04887848601242084,0.1612730563173434
80801.50025318183,52.412654805237935,-1.5120620707577894,102.92359829866507,0.0,285.72948827459004,1.6312909376602092,11,0.016976967706426708,-0.017105472131097914,0.016966560987261795,-0.01714138384087109,0.010999654695815528,-0.3690357449481511
80899.82577462801,52.412654805237935,-1.5120620707577894,102.91684237457888,0.0,285.75346020931613,1.0757755820520811,10,-0.01104402379291731,0.011068332299688233,-0.011060545780890912,0.011044760237129034,0.07528100113845898,0.239719347260676
81001.11008445783,52.412654805237935,-1.5120620707577894,102.90958830823372,0.0,285.8108493833838,0.9862318248223825,12,-0.02641893055543309,0.026490215077094096,-0.026457444775674802,0.02671855268545627,0.04772874411645159,0.5738917406773795
81100.34889265039,52.412654805237935,-1.5120620707577894,102.90219124056861,0.0,285.7906296934764,1.2317929444828757,13,0.009376366582409073,-0.00934007478586614,0.009324374556511066,-0.009359200804105338,-0.019008345955952313,-0.20219689907456706
81201.16750911262,52.412654805237935,-1.5120620707577894,102.89438374462847,0.0,285.81067423734044,1.0969831135197197,9,-0.009173411137429935,0.009118275552345002,-0.009232415837760943,0.009164672611585356,0.019993234867434564,0.20044543864052378
81299.51127795839,52.412654805237935,-1.5120620707577894,102.88648444687423,0.0,285.77565375609583,1.667644045046356,12,0.01604748638592591,-0.01613403602276743,0.01623911752385931,-0.01620919295074695,0.004684984025020947,-0.3502048124465825
81402.0821114985,52.412654805237935,-1.5120620707577894,102.87794820859027,0.0,285.7489471522658,1.2991201753169195,8,0.012296071426093182,-0.012356396813241003,0.012320328655914405,-0.012309079158509024,-0.05966268205586459,-0.2670660382997893
81501.25847308189,52.412654805237935,-1.5120620707577894,102.86940654293885,0.0,285.7692486501877,1.4471047914388973,8,-0.009428122490376509,0.009416251844281272,-0.009438892222552635,0.009407068086276648,-0.0343883740083839,0.2030149792187257
81598.31289599481,52.412654805237935,-1.5120620707577894,102.86077438754477,0.0,285.7680011955197,1.3930828472981083,13,0.0005780803838198046,-0.0005814826914163207,0.000577044380925105,-0.0005790079392410895,0.0389316306874454,-0.012474546680002552
81699.67507279813,52.412654805237935,-1.5120620707577894,102.85147143134076,0.0,285.7505312920731,1.3989651741535702,12,0.00803901357188149,-0.008080698704284467,0.00806112995030781,-0.008082227914207771,0.080137132173975,-0.17469903446590285
81798.5040219059,52.412654805237935,-1.5120620707577894,102.84211889050562,0.0,285.7546944059893,1.7397246800962711,8,-0.0019269231826053355,0.0018968778281450939,-0.001919438212479444,0.001913647288018774,0.0685602446499885,0.04163113916263816
81896.41838166528,52.412654805237935,-1.5120620707577894,102.83257914713317,0.0,285.71587705112233,0.866615421114205,9,0.017643406226228786,-0.01777036305126341,0.017772495118038932,-0.017885615580660905,0.028005296445677903,-0.38817354867018283
81999.57555945544,52.412654805237935,-1.5120620707577894,102.82223485281939,0.0,285.7144583459991,1.1820660012251918,12,0.0006593553885933704,-0.000657069341910524,0.0006572651707463074,-0.000658764407042067,0.02341807787423153,-0.014187051232107534
82102.66019266922,52.412654805237935,-1.5120620707577894,102.81159782679131,0.0,285.7528053488768,0.9825119892245937,11,-0.017523898383451576,0.017591370899901072,-0.017565324757286588,0.0176681211823788,-0.048232964106826544,0.3834700287766614
82201.3664225036,52.412654805237935,-1.5120620707577894,102.8011325763582,0.0,285.77486793459525,0.9160167708642932,12,-0.010257449918380054,0.010224914355121502,-0.010208725362180104,0.010199237254242403,0.050447245246851596,0.22062585718445252
82299.98203487018,52.412654805237935,-1.5120620707577894,102.7904043990716,0.0,285.798637296562,1.7623536169008736,11,-0.01094294926394151,0.010852181562167156,-0.010977533620206884,0.010966691818411794,0.015795338461814797,0.23769361966753524
82400.85938613657,52.412654805237935,-1.5120620707577894,102.77914940785125,0.0,285.80757330919005,0.9774407933441918,11,-0.004108127670683872,0.004065315695028672,-0.004126666263483572,0.004088376802128667,-0.020505791195105164,0.08936012628077321
82501.32481503683,52.412654805237935,-1.5120620707577894,102.76765929302866,0.0,285.85255435723604,1.624027115658354,11,-0.02084749719781693,0.02072079844380157,-0.020835639023049055,0.020674724715966382,-0.028906233532036415,0.4498104804600981
82602.44691446019,52.412654805237935,-1.5120620707577894,102.75581198749133,0.0,285.8083133672942,0.8581200411772806,10,0.020410891474147316,-0.020617622155809322,0.020490560158528806,-0.02050155983872532,-0.03276662459416538,-0.44240989941909326
82701.68444782225,52.412654805237935,-1.5120620707577894,102.74391149788094,0.0,285.78032770582354,1.4696945288051004,9,0.012939538836629164,-0.013001806550422492,0.01289449499409242,-0.012916807241918142,-0.014079367090336626,-0.2798566147060075
82804.26627340446,52.412654805237935,-1.5120620707577894,102.73132594372053,0.0,285.8055827958119,1.6643246490596093,11,-0.01178093620908935,0.01166272557776542,-0.011719141711392158,0.01171519304595807,0.04014215465578281,0.25255089988347135
82902.31856966292,52.412654805237935,-1.5120620707577894,102.71902743015664,0.0,285.85831872336576,1.5901630268848912,8,-0.024259038389121818,0.02420242139741646,-0.02431811513936326,0.02416798010970592,0.07173537930651706,0.5273592755383651
82996.52220664464,52.412654805237935,-1.5120620707577894,102.70696540944019,0.0,285.87793016890294,0.840103756966412,9,-0.009143665989008565,0.00902414121170264,-0.009064493507723464,0.009049652210195063,0.004034702286722124,0.19611445537217306
83100.26803913272,52.412654805237935,-1.5120620707577894,102.69340367452398,0.0,285.858430209822,1.5510715115517608,8,0.008943937245396315,-0.00907073607730441,0.009019873934026536,-0.009062680822324448,-0.011439425528864584,-0.19499959080849602
83202.08009380392,52.412654805237935,-1.5120620707577894,102.6798128766916,0.0,285.8542538063839,1.4803051855898377,13,0.0019270244203521865,-0.001948044507424156,0.0019354957966826155,-0.0019385353598354769,0.06085080645927522,-0.04176403438100647
83299.59938121229,52.412654805237935,-1.5120620707577894,102.6665346401006,0.0,285.8563368675384,1.0761053820398683,9,-0.0009664573464092456,0.0009619439924648377,-0.0009648052971963073,0.0009634337084593985,0.02714075987277924,0.02083061154406872
83396.879567487,52.412654805237935,-1.5120620707577894,102.65303630462662,0.0,285.9108642046044,1.5439870647280527,12,-0.024947593957967105,0.025313848048278246,-0.025271961131434137,0.025272102745558817,-0.07460193275657685,0.5452733706610171
83500.10067196107,52.412654805237935,-1.5120620707577894,102.63843911869141,0.0,285.9598090202346,1.3939047128306814,13,-0.022497832555457585,0.023044004408406597,-0.022646143737372476,0.022797589330494084,0.0030594919478107298,0.4894481563013246
83598.77746533978,52.412654805237935,-1.5120620707577894,102.62422173151087,0.0,285.9957464322324,1.4602409273220995,12,-0.01647451291747711,0.016635772624637783,-0.016512072934452792,0.0165855727428411,0.11841865965525288,0.3593741199776147
83695.53792589404,52.412654805237935,-1.5120620707577894,102.61003231541356,0.0,286.0308568126443,1.1654371586084884,9,-0.016232140573672418,0.016257576257038588,-0.01620557154614571,0.016255511598558207,-0.015032525008151396,0.3511038041192713
83799.7490944997,52.412654805237935,-1.5120620707577894,102.59447701676997,0.0,285.97772756913525,1.6397663812068286,10,0.024745702341487825,-0.02451818934817735,0.024624264034358183,-0.024437878299007877,-0.038835910029906356,-0.5312924350902525
83902.16650380104,52.412654805237935,-1.5120620707577894,102.57891493395374,0.0,285.94438441177476,1.1555929740685071,10,0.015245646032669164,-0.01547474177493468,0.015270994881604867,-0.015408714809319867,0.03437455200765819,-0.33343157360516956
84001.43090241848,52.412654805237935,-1.5120620707577894,102.56357378260165,0.0,285.94457191271044,1.5666291618991106,11,-8.628644671036951e-05,8.52499957960754e-05,-8.641584368107022e-05,8.628447744106416e-05,0.03435732742538424,0.0018750093568468936
84101.41502372689,52.412654805237935,-1.5120620707577894,102.5478660515263,0.0,285.9400699277094,1.0826511008527013,8,0.0020755613945371283,-0.0020784921628715686,0.0020695096919825886,-0.0020825350005552064,-0.09975262856047826,-0.04501985001058876
84200.34490729842,52.412654805237935,-1.5120620707577894,102.53207324875719,0.0,285.9832415280573,1.2512866410530092,8,-0.019912594604774746,0.020077227464507175,-0.020048491509550678,0.01991738514865604,-0.03493587178606488,0.43171600347900146
84297.87538582471,52.412654805237935,-1.5120620707577894,102.5162612529522,0.0,286.00973200577687,1.4448670117654616,12,-0.012238347424962463,0.012285724832049025,-0.012267640634586793,0.012330616557094618,-0.08630964857219627,0.2649047771959264
84402.47222690171,52.412654805237935,-1.5120620707577894,102.49903768324633,0.0,286.0218612329735,1.455243237886629,12,-0.005609718489007007,0.0055848693270858785,-0.005592727192560739,0.005580530966092083,0.0518215658086397,0.12129227196631814
84499.55264350932,52.412654805237935,-1.5120620707577894,102.48280713415595,0.0,286.0377820705271,1.0630562213916028,9,-0.007397470756721292,0.007344112224366414,-0.007400184916490552,0.007402425459857969,-0.08012563098060166,0.1592083755362683
84598.79002670788,52.412654805237935,-1.5120620707577894,102.46597413174896,0.0,286.0367031342446,0.988453268365345,13,0.0005039761673640602,-0.0004940471627943666,0.0004982154467638379,-0.0004971375215667518,-0.03182101157468909,-0.010789362825816516
84700.37248610704,52.412654805237935,-1.5120620707577894,102.44849183823683,0.0,286.03460898640867,1.2235213635842803,13,0.0009680363160274657,-0.0009619998739475549,0.0009728752034180819,-0.0009666313738567047,0.035835311830517684,-0.020941478358914724
84803.47609850751,52.412654805237935,-1.5120620707577894,102.43048940322925,0.0,286.0191437738215,0.8393663154599424,9,0.007086187612905413,-0.007176082416324477,0.0071361912666049925,-0.007165399972948375,-0.00878211357266871,-0.15465212587201263
84901.02614278343,52.412654805237935,-1.5120620707577894,102.41321875143164,0.0,286.0223323271589,1.495719838564229,8,-0.0014745851390489332,0.0014586937106909122,-0.001471663439191438,0.0014604700998136853,0.024605519772386016,0.03188553337418643
85000.71408477401,52.412654805237935,-1.5120620707577894,102.39533236550311,0.0,285.9889509279776,1.2285911600427015,12,0.015281224366206754,-0.015504084472644269,0.015383863809103698,-0.015522774964850349,-0.0011555000214884155,-0.3338139918127343
85098.18781027317,52.412654805237935,-1.5120620707577894,102.37761308321788,0.0,286.0200776859525,1.7901773943594306,11,-0.014482890452361924,0.01423878302572813,-0.014460490737450404,0.014252201400949018,-0.010886858967374466,0.31126757974911223
85203.92066996869,52.412654805237935,-1.5120620707577894,102.35813704637316,0.0,286.0124802189986,0.8614131319567985,11,0.0034991240333341134,-0.0035102814529498726,0.0035186195719619884,-0.0035201286091338557,-0.05636600921224114,-0.07597466953936992
85301.81679210268,52.412654805237935,-1.5120620707577894,102.33986945233998,0.0,286.0136913579802,1.7773715755407888,10,-0.0005597571027034546,0.0005594145090287195,-0.0005594410379660731,0.0005595836882401997,-0.017908181323508448,0.012111389816113951
85403.29084002253,52.412654805237935,-1.5120620707577894,102.32069754717133,0.0,285.99357657122835,1.6959874344606842,10,0.009331206142510448,-0.009327333469475358,0.009299885212910405,-0.00930241197173269,0.0014507935799171305,-0.20114786751874691
85503.70358622454,52.412654805237935,-1.5120620707577894,102.30149092724984,0.0,285.9562482497447,1.2537112384643636,13,0.017272910772535118,-0.017373306350881697,0.01728540190474957,-0.01729414237743951,0.041614989040137884,-0.3732832148373468
85597.63026217249,52.412654805237935,-1.5120620707577894,102.28331485208832,0.0,285.9505459671359,1.785609994767423,9,0.002641757510541764,-0.0026212390767659933,0.0026374977420060446,-0.0026349169989942907,-0.09847550429926806,-0.05702282608692879
85701.79625894208,52.412654805237935,-1.5120620707577894,102.26292182554823,0.0,285.9479539241304,1.520697722087256,13,0.001203750797245758,-0.0012082025440774684,0.0012123648624098242,-0.0012006910490669762,0.06871379547344497,-0.02592043005662975
85801.59989130837,52.412654805237935,-1.5120620707577894,102.2431524802759,0.0,285.9403451364244,0.8568437388961719,12,0.0035447510442055265,-0.0035090100136522424,0.0035257101105539805,-0.003524704510377929,0.03242796690499383,-0.07608787705973867
85896.38318597902,52.412654805237935,-1.5120620707577894,102.2241706876259,0.0,285.98438896112793,1.747364607244218,8,-0.020642064769609864,0.020451810037091747,-0.020415511999242558,0.02043956254934205,-0.04779256431851181,0.4404382470358437
86000.72963476172,52.412654805237935,-1.5120620707577894,102.20304272243594,0.0,285.9793895163664,1.544544172763929,8,0.0023172584459583046,-0.0022983580341584308,0.0023066314128655134,-0.002315131805279001,0.0792822401482024,-0.04999444761594679
86099.09413781643,52.412654805237935,-1.5120620707577894,102.18290629853789,0.0,285.95961537260473,1.2722067486472368,9,0.009208029443316097,-0.009152691383005899,0.009123524142992232,-0.00917793244469861,-0.00424924193346449,-0.19774143761672627
86196.01960526424,52.412654805237935,-1.5120620707577894,102.16285785873991,0.0,285.97948546540465,1.6196914693418394,8,-0.009168921268489475,0.00903555556255708,-0.00917226452928221,0.009154465692692694,-0.06540926933768525,0.19870092800038022
86301.59952242901,52.412654805237935,-1.5120620707577894,102.14078815014786,0.0,285.9817408331237,1.224010214429509,10,-0.0010379998359488607,0.0010327255440072706,-0.001035525630337328,0.0010385374581792256,-0.055958235593656605,0.02255367718925462
86399.60662574726,52.412654805237935,-1.5120620707577894,102.120087784586,0.0,286.0391700221463,0.8563314221649034,11,-0.026731212285912055,0.026260682160702452,-0.026556784539049506,0.0264203588701685,0.02472685801461763,0.5742918902268309
86499.88478031116,52.412654805237935,-1.5120620707577894,102.09869698564917,0.0,286.04411170327717,1.0275293087498572,10,-0.0022675220013185166,0.0022826601325681073,-0.0022796614357496366,0.0022737728758477826,0.002289948996354144,0.04941681130778803
86601.5200383079,52.412654805237935,-1.5120620707577894,102.07680136617539,0.0,286.02696412094747,0.8918772615197723,10,0.007877807804266505,-0.00788761181758148,0.007892040041076314,-0.007892205349055693,0.003980023354277375,-0.17147582329661412
86700.16465793188,52.412654805237935,-1.5120620707577894,102.05534485823847,0.0,286.04318424864096,1.6729670211596415,9,-0.007473907066716242,0.007529074827737006,-0.007494979788199831,0.0074821980178431,-0.05600395376108772,0.162201276935161
86800.90341129292,52.412654805237935,-1.5120620707577894,102.03322645107156,0.0,286.05915865085285,0.8673190168985994,12,-0.007414888140333485,0.00728199171842614,-0.007395112443415066,0.007304779051869353,-0.04830030539743624,0.15974402211941022
86897.50143874802,52.412654805237935,-1.5120620707577894,102.01182337241896,0.0,285.9802369119366,1.5597515317522537,13,0.03657216274062385,-0.03608781322405899,0.036531128801392115,-0.03625865523238606,-0.020942887141192468,-0.7892173891636229
87001.5860440177,52.412654805237935,-1.5120620707577894,101.98855144927211,0.0,285.99234493661004,0.9910889799484842,8,-0.005585506093566107,0.005620173924439489,-0.005612086302156004,0.0055927096602069355,-0.011493933404583087,0.12108024673511524
87099.27864429596,52.412654805237935,-1.5120620707577894,101.96651265427204,0.0,285.9576183930783,1.3951014117814737,13,0.015893249522669715,-0.016095275915254097,0.015917086479675525,-0.01608176767461241,0.05358699013148908,-0.3472654353173323
87197.95062155575,52.412654805237935,-1.5120620707577894,101.94406241448272,0.0,285.9622428976404,1.442964151818753,12,-0.0021292782713239183,0.002138792112013702,-0.002132649256193816,0.0021281600738443547,0.0122963073119027,0.046245045620314944
87299.27613700097,52.412654805237935,-1.5120620707577894,101.92081147261935,0.0,285.9723336777322,0.990514487537723,11,-0.004672476509542448,0.004636667055554461,-0.004655212715910685,0.004646580659670788,0.027246062559308854,0.10090780091896275
87401.50949904897,52.412654805237935,-1.5120620707577894,101.89715235286948,0.0,285.9898022984944,1.013898517316672,13,-0.00809070963812063,0.00806391640485758,-0.008058623530513825,0.008059951038211575,-0.07918265894160201,0.17468620762178325
87497.07642212958,52.412654805237935,-1.5120620707577894,101.87485664010545,0.0,285.9675862463082,1.608795532495897,12,0.010230890593719432,-0.010289451458244815,0.010294659732584635,-0.01026380385662706,0.003347501499574624,-0.2221605218617401
87601.36946647466,52.412654805237935,-1.5120620707577894,101.85032980288177,0.0,286.02014528909876,1.4934416568829583,13,-0.024017714567435094,0.02435406508245503,-0.02407925829903963,0.024288584165483164,-0.0049314450814688495,0.525590427905041
87699.23849779286,52.412654805237935,-1.5120620707577894,101.8271306196107,0.0,285.9935383627336,1.7137897273623273,9,0.012214009669618478,-0.012321054621717089,0.012282807064793445,-0.012284335107588994,0.07093991387404616,-0.2660692636518194
87803.74961310996,52.412654805237935,-1.5120620707577894,101.80216380523676,0.0,285.930162179719,1.742646401753722,10,0.02935129676850378,-0.029212470204854825,0.029223468478539412,-0.02938445081039199,-0.04100993940354167,-0.6337618301454745
87901.45821815924,52.412654805237935,-1.5120620707577894,101.77864395913232,0.0,285.9464755403335,0.9953368310176216,9,-0.007679294197210388,0.007538519415611171,-0.007601988603326089,0.007512008676538736,0.0071227999464723015,0.1631336061446497
88000.657924468,52.412654805237935,-1.5120620707577894,101.75459148349562,0.0,285.92234709229433,1.4448123253815957,13,0.011046061173878494,-0.011271194073133338,0.011099585930557015,-0.011151096064922953,0.0031545262013323626,-0.24128448039141479
88101.64041671115,52.412654805237935,-1.5120620707577894,101.72992941599219,0.0,285.8875384544152,1.7174890015710051,10,0.01603748379946005,-0.01617890096958082,0.016061286509876916,-0.016135244333984035,0.052024500479716185,-0.34808637879139276
88198.95741110895,52.412654805237935,-1.5120620707577894,101.70599559320853,0.0,285.90940378871596,1.6018512504913125,13,-0.010152189709543881,0.010215936827680735,-0.010148727447346182,0.0101641959818755,0.08634965614643508,0.21865334300696135
88300.9565435213,52.412654805237935,-1.5120620707577894,101.68073688626102,0.0,285.88277919516054,1.0175285775932426,9,0.012139703500506107,-0.012419414193859557,0.01222036452689534,-0.012398231907003697,0.006796873512214203,-0.26624593555282505
88399.61280717154,52.412654805237935,-1.5120620707577894,101.65613961098913,0.0,285.89402603789904,1.337745408748067,12,-0.005270830880763682,0.005152520154119186,-0.0052335804178158946,0.005199760880383411,0.015502329262979864,0.11246842738469119
88498.89006900904,52.412654805237935,-1.5120620707577894,101.63122479481589,0.0,285.88764613519754,1.486313760531627,8,0.0029470211490815693,-0.0029299989308666547,0.002955216304764744,-0.0029330265285235878,-0.023353705151902278,-0.06379902701601774
88600.5167581568,52.412654805237935,-1.5120620707577894,101.60555385804862,0.0,285.8590960690067,0.9726361790113357,13,0.013234204651054479,-0.01332617790660605,0.013181759299300617,-0.013342350636607086,-0.1001544409495444,-0.2855006619076153
88699.75155891312,52.412654805237935,-1.5120620707577894,101.5803270812143,0.0,285.81325785856643,1.4409562024180333,9,0.02136372626199991,-0.020929105586652626,0.02128503250226702,-0.020915145580353994,-0.030233012870281857,-0.4583821044026934
88802.70710454402,52.412654805237935,-1.5120620707577894,101.55398999164552,0.0,285.74499864035283,1.0882425333490313,8,0.03142001322016268,-0.031518168567323875,0.031540782252620955,-0.031622776770610234,-0.005716438408289887,-0.6825921821365412
88900.62810528131,52.412654805237935,-1.5120620707577894,101.52878791430922,0.0,285.79404431638443,0.9420442696994437,12,-0.022698981736789636,0.022520316020393345,-0.022511936315926746,0.022692752989283003,0.025275271302441882,0.4904567603159299
89000.69045329386,52.412654805237935,-1.5120620707577894,101.5028833030138,0.0,285.82421208744654,1.4824545044863824,13,-0.013939197136770873,0.013972523921968993,-0.01389912364369154,0.013991824686957241,-0.10493631483160966,0.30167771062096943
89099.66262697501,52.412654805237935,-1.5120620707577894,101.47711288752214,0.0,285.8329860581256,1.3626773534667764,13,-0.0040563441776183895,0.004042834610542735,-0.004035952650858793,0.004053538696876569,-0.009759499109993061,0.08773970679089202
89202.58582616498,52.412654805237935,-1.5120620707577894,101.45016026946575,0.0,285.84236803737815,1.4135547551881031,11,-0.004312140301653007,0.00435815070401922,-0.004342067285543906,0.004341886622137863,0.04793946261952469,0.09381979252560228
89296.26572030051,52.412654805237935,-1.5120620707577894,101.42549458954167,0.0,285.8591170574955,1.4694155131695439,13,-0.007762418288444468,0.007794116373775467,-0.007758959631734132,0.007759028538268304,-0.0012456168838547114,0.1674902011728463
89396.28452097901,52.412654805237935,-1.5120620707577894,101.39902186244191,0.0,285.86708821438447,1.0091592746811173,12,-0.0036533419987268842,0.003688028725655451,-0.0036765774882700263,0.003684956553811533,-0.03036987529812394,0.07971156889069549
89497.63108422719,52.412654805237935,-1.5120620707577894,101.37205496563689,0.0,285.8987462835287,1.3583094565373934,9,-0.014803593629164686,0.014792668970856472,-0.014616619500871566,0.01464169758464615,0.05029115273940058,0.31658069144240986
89600.03842679881,52.412654805237935,-1.5120620707577894,101.34466267565382,0.0,285.8963193128898,0.994289221204783,12,0.0011255230104974517,-0.0011191329560164942,0.0011247200546186185,-0.001120176122834821,0.03515775020487768,-0.02426970638924116
89696.03013722433,52.412654805237935,-1.5120620707577894,101.31885836558237,0.0,285.92233350639333,1.2106064842512527,13,-0.01193443149582981,0.012014380587648095,-0.011976471727469455,0.0120464095520336,-0.0713131419797112,0.2601419350348345
89797.87325214311,52.412654805237935,-1.5120620707577894,101.2913482835025,0.0,285.8767953073984,1.1809215527081731,10,0.020965796056626563,-0.02132863785480909,0.0211518899671553,-0.021106161387346573,-0.09186549229228846,-0.4553819899487884
89901.37142832151,52.412654805237935,-1.5120620707577894,101.26325392821323,0.0,285.8511939443654,1.402209207043278,11,0.011961812888065904,-0.011864283410733523,0.011838104870639736,-0.0118380364985081,-0.010596999557031903,-0.25601363032955077
